神奈川,,,,,,,,,,,,,,,,,,,,
,施設名,実施場所名,施設住所,広さ,屋内・屋外,発注先,金額（平日）,金額（土日祝日）,通信催事可否,机貸出,椅子貸出,電源貸出,注意事項,AGでの手配実績,過去実施時代理店、店舗,AGでの過去実績（PIのみ 期間すべて）,過去トラブルなど,場所（Google Map）,その他備考,区画写真
,マックスバリュ,秦野東田原店,神奈川県秦野市東田原96-1,店頭軒下,屋外,,,,要確認,,,,,2025年11月～,KDDI株式会社/auショップ高輪,2025年11月　MNP15件/3日,,リンクはりつけ,, 
,マックスバリュ,開成店,神奈川県足柄上郡開成町延沢730-1,エスカレーター前,屋内（風除室含む）,,,,要確認,,,,,,,,,,,
,マックスバリュ,平塚四之宮店,神奈川県平塚市四之宮2-18-26,エスカレーター横,屋内（風除室含む）,,,,要確認,,,,,,,,,,,
,マックスバリュ,平塚四之宮店,神奈川県平塚市四之宮2-18-26,エスカレーター前,屋内（風除室含む）,,,,要確認,,,,,,,,,,,
,マックスバリュ,小田原荻窪店,神奈川県小田原市荻窪447-1,エスカレーター前,屋内（風除室含む）,,,,要確認,,,,,,,,,,,
,マックスバリュ,厚木妻田店,神奈川県厚木市妻田北2-13-16,サッカー台付近出入り口,屋内（風除室含む）,,,,要確認,,,,,,,,,,,
,マックスバリュ,厚木妻田店,神奈川県厚木市妻田北2-13-16,風除室,屋内（風除室含む）,,,,要確認,,,,,,,,,,,
,マックスバリュ,湯河原店,神奈川県足柄下郡湯河原町中央1-21-1,入り口付近,屋外,,,,要確認,,,,,,,,,,,
,マックスバリュエクスプレス,茅ヶ崎浜須賀店,神奈川県茅ヶ崎市松が丘2-10-16,駐車場,屋外,,,,要確認,,,,,,,,,,,
,マックスバリュエクスプレス,寒川中瀬店,神奈川県高座郡寒川町中瀬2-10,駐車場,屋外,,,,要確認,,,,,,,,,,,
,マックスバリュ,開成駅前店,神奈川県足柄上郡開成町吉田島4350-1,お問い合わせ下さい,屋外,,,,要確認,,,,,,,,,,,
,マックスバリュ,秦野渋沢店,神奈川県秦野市堀川119-1,上りエスカレーター前,屋内（風除室含む）,,,,要確認,,,,,,,,,,,
,マックスバリュエクスプレス,厚木下荻野店,神奈川県厚木市下荻野453-1,風除室（バス停側入り口）,屋内（風除室含む）,,,,要確認,,,,,,,,,,,
,マックスバリュエクスプレス,厚木下荻野店,神奈川県厚木市下荻野453-1,店内スペース,屋内（風除室含む）,,,,要確認,,,,,,,,,,,
,マックスバリュエクスプレス,厚木下荻野店,神奈川県厚木市下荻野453-1,店頭軒下,屋外,,,,要確認,,,,,,,,,,,
,マックスバリュ,南足柄岩原店,神奈川県南足柄市岩原286,店頭軒下,屋外,,,,要確認,,,,,,,,,,,
,マックスバリュ,南足柄岩原店,神奈川県南足柄市岩原286,入口付近,屋内（風除室含む）,,,,要確認,,,,,,,,,,,
,あおばスポーツパーク,あおばスポーツパーク,神奈川県横浜市港北区北新横浜1-12,屋上スペース,屋外,,,,要確認,,,,,,,,,,,
,トップフレッシュマーケット,岸根店,神奈川県横浜市神奈川区六角橋6-31-6,店頭※毎月1日・15日催事不可,屋外,,,,要確認,,,,,,,,,,,
,ニューヤヒロパルケ,稲田堤駅前店,神奈川県川崎市多摩区菅1-2-4,お問い合わせください,,,,,要確認,,,,,,,,,,,
,トップパルケ,山手店,神奈川県横浜市中区仲尾台1-1,お問い合わせください,,,,,要確認,,,,,,,,,,,
,トップパルケ,反町店,神奈川県横浜市神奈川区反町1-5-15,お問い合わせください,,,,,要確認,,,,,,,,,,,
,トップパルケ,久地店,神奈川県川崎市高津区久地4丁目24番5号新川屋ｾﾝﾀｰﾋﾞﾙ,店頭,屋外,,,,要確認,,,,,,,,,,,
,トップ,相模台店,神奈川県相模原市南区相模台6-2-10,店頭,屋外,,,,要確認,,,,,,,,,,,
,トップ,相模台店,神奈川県相模原市南区相模台6-2-10,ガチャガチャスペース,屋内（風除室含む）,,,,要確認,,,,,,,,,,,
,BRANCH,茅ヶ崎2,神奈川県茅ヶ崎市浜見平3番1号,エスカレーター後,屋内（風除室含む）,,,,要確認,,,,,,,,,,,
,BRANCH,茅ヶ崎2,神奈川県茅ヶ崎市浜見平3番1号,屋外スペース④,屋外,,,,要確認,,,,,,,,,,,
,BRANCH,茅ヶ崎2,神奈川県茅ヶ崎市浜見平3番1号,エスカレーター前③,屋内（風除室含む）,,,,要確認,,,,,,,,,,,
,BRANCH,茅ヶ崎2,神奈川県茅ヶ崎市浜見平3番1号,屋外スペース⑤,屋外,,,,要確認,,,,,,,,,,,
,BRANCH,茅ヶ崎2,神奈川県茅ヶ崎市浜見平3番1号,柱周り①,屋内（風除室含む）,,,,要確認,,,,,,,,,,,
,BRANCH,茅ヶ崎2,神奈川県茅ヶ崎市浜見平3番1号,柱周り②,屋内（風除室含む）,,,,要確認,,,,,,,,,,,
,BRANCH,茅ヶ崎2,神奈川県茅ヶ崎市浜見平3番1号,柱周り③,屋内（風除室含む）,,,,要確認,,,,,,,,,,,
,BRANCH,茅ヶ崎2,神奈川県茅ヶ崎市浜見平3番1号,屋外スペース①,屋外,,,,要確認,,,,,,,,,,,
,BRANCH,茅ヶ崎2,神奈川県茅ヶ崎市浜見平3番1号,屋外スペース②,屋外,,,,要確認,,,,,,,,,,,
,BRANCH,茅ヶ崎2,神奈川県茅ヶ崎市浜見平3番1号,屋外スペース③,屋外,,,,要確認,,,,,,,,,,,
,BRANCH,茅ヶ崎3,神奈川県茅ヶ崎市浜見平10-2,屋外スペース①,屋外,,,,要確認,,,,,,,,,,,
,BRANCH,茅ヶ崎3,神奈川県茅ヶ崎市浜見平10-2,屋外スペース②,屋外,,,,要確認,,,,,,,,,,,
,BRANCH,茅ヶ崎3,神奈川県茅ヶ崎市浜見平10-2,屋外スペース③,屋外,,,,要確認,,,,,,,,,,,
,BRANCH,茅ヶ崎3,神奈川県茅ヶ崎市浜見平10-2,イベントスペース,屋外,,,,要確認,,,,,,,,,,,
,DCM,久里浜店,神奈川県横須賀市舟倉1-1-35,風除室,屋内（風除室含む）,,,,要確認,,,,,,,,,,,
,DCM,久里浜店,神奈川県横須賀市舟倉1-1-35,レジ付近,屋内（風除室含む）,,,,要確認,,,,,,,,,,,
,DCM,藤沢石川店,神奈川県藤沢市石川5-28-5,園芸側店頭軒下,屋外,,,,要確認,,,,,,,,,,,
,DCM,小田原店,神奈川県小田原市飯泉字丹花前501-1,屋外スペース,屋外,,,,要確認,,,,,,,,,,,
,DCM,秦野店,神奈川県秦野市戸川193,店内入口右側,屋内（風除室含む）,,,,要確認,,,,,,,,,,,
,DCM,南足柄店,神奈川県南足柄市怒田2816-36,店内入口右側,屋内（風除室含む）,,,,要確認,,,,,,,,,,,
,DCM,厚木店,神奈川県厚木市船子1077,入口付近,屋内（風除室含む）,,,,要確認,,,,,,,,,,,
,DCM,ひなた山店,神奈川県横浜市泉区和泉町7315-8,風除室,屋内（風除室含む）,,,,要確認,,,,,,,,,,,
,DCM,海老名店,神奈川県海老名市本郷1568-1,入口付近,屋内（風除室含む）,,,,要確認,,,,,,,,,,,
,Aコープ,仙石原店,神奈川県足柄下郡箱根町仙石原２３８,店頭軒下,屋外,,,,要確認,,,,,,,,,,,
,コーナン,保土ヶ谷星川店,神奈川県横浜市保土ケ谷区川辺町2-13,エントランス,屋内（風除室含む）,場所とる,"30,000","30,000",要確認,,,,,,,,,,,
,イオンスタイル,東神奈川,神奈川県横浜市神奈川区富家町1,銀だこ前,屋内（風除室含む）,ダイエースペース,"25,000","30,000",要確認,,,,,,,,,,,
,Aコープ,金沢店,神奈川県横浜市金沢区泥亀２－５－１－１００,店頭軒下,屋外,,,,要確認,,,,,,,,,,,
,ビーバートザン,富水店,神奈川県小田原市堀之内334,テラス(正面入口側),屋外,場所とる,"30,000","30,000",要確認,,,,,,,,,,,
,三和,相模原中央店,神奈川県相模原市中央区中央1-2-1,入口横,屋内（風除室含む）,,,,要確認,,,,,,,,,,,
,オリンピック,川崎鹿島田店,神奈川県川崎市幸区下平間290,銘店コーナー前,屋内（風除室含む）,場所とる,"18,000","23,000",要確認,,,,,,,,,,,
,オリンピック,藤沢店,神奈川県藤沢市渡内1-3-12,風除室,屋内（風除室含む）,場所とる,"18,000","23,000",要確認,,,,,,,,,,,
,オリンピック,おりーぶ東戸塚店,神奈川県横浜市戸塚区川上町52-1,風除室,屋内（風除室含む）,場所とる,"18,000","23,000",要確認,,,,,,,,,,,
,オリンピック,平塚店,神奈川県平塚市代官町33-1,食品フロア上りエスカレーター付近,屋内（風除室含む）,場所とる,"18,000","23,000",要確認,,,,,,,,,,,
,オリンピック,洋光台店,神奈川県横浜市磯子区洋光台5-1-9,南側出入口風除室,屋内（風除室含む）,場所とる,"18,000","23,000",要確認,,,,,,,,,,,
,オリンピック,鶴見店,神奈川県横浜市鶴見区鶴見中央2-3-1,入口横階段下スペース,屋内（風除室含む）,場所とる,"18,000","23,000",要確認,,,,,,,,,,,
,オリンピック,今宿店,神奈川県横浜市旭区今宿東町1640,食品フロア,屋内（風除室含む）,場所とる,"18,000","23,000",要確認,,,,,,,,,,,
,オリンピック,港北ニュータウン店,神奈川県横浜市都筑区茅ケ崎中央27-10,エスカレーター横,屋内（風除室含む）,場所とる,"18,000","23,000",要確認,,,,,,,,,,,
,オリンピック,相模大塚店,大和市上草柳112-1,駐車場脇,屋外,場所とる,"18,000","23,000",要確認,,,,,,,,,,,
,オリンピック,港北ニュータウン店,神奈川県横浜市都筑区茅ケ崎中央27-10,エスカレーター横,屋内（風除室含む）,場所とる,"18,000","23,000",要確認,,,,,,,,,,,
,オリンピック,港北ニュータウン店,神奈川県横浜市都筑区茅ケ崎中央27-10,エスカレーター横,屋内（風除室含む）,場所とる,"18,000","23,000",要確認,,,,,,,,,,,
,フォレストモール,川崎黒川,神奈川県川崎市麻生区南黒川1番7号,お問い合わせください,,,,,要確認,,,,,,,,,,,
,ビッグパワー,新鮮湘南台市場,神奈川県藤沢市湘南台2-6-3湘南台ウエストプラザ2番地1F,入口横,屋内（風除室含む）,,,,要確認,,,,,,,,,,,
,ビッグ・エー,横浜平戸店,神奈川県横浜市戸塚区平戸5-1-8,店頭スペース,屋外,,,,要確認,,,,,,,,,,,
,イトーヨーカドー,洋光台店,神奈川県横浜市磯子区洋光台3-10-3,駐車場側入口,屋内（風除室含む）,,,,要確認,,,,,,,,,,,
,イトーヨーカドー,洋光台店,神奈川県横浜市磯子区洋光台3-10-3,北側入口,屋外,場所とる,"10,000","15,000",要確認,,,,,,,,,,,
,イトーヨーカドー,洋光台店,神奈川県横浜市磯子区洋光台3-10-3,階段横催事スペース,屋内（風除室含む）,場所とる,"25,000","45,000",要確認,,,,,,,,,,,
,イトーヨーカドー,洋光台店,神奈川県横浜市磯子区洋光台3-10-3,食品レジアウト催事スペース,屋内（風除室含む）,場所とる,"25,000","45,000",要確認,,,,,,,,,,,
,イトーヨーカドー,洋光台店,神奈川県横浜市磯子区洋光台3-10-3,催事場一画,屋内（風除室含む）,場所とる,"25,000","45,000",要確認,,,,,,,,,,,
,OSC湘南シティ,OSC湘南シティ,神奈川県平塚市代官町３３－１,インナーモール（外）,屋外,,,,要確認,,,,,,,,,,,
,OSC湘南シティ,OSC湘南シティ,神奈川県平塚市代官町３３－１,B棟EVホール前,屋外,,,,要確認,,,,,,,,,,,
,OSC湘南シティ,OSC湘南シティ,神奈川県平塚市代官町３３－１,オープンモール,屋外,,,,要確認,,,,,,,,,,,
,OSC湘南シティ,OSC湘南シティ,神奈川県平塚市代官町３３－１,イベントステージ,屋外,,,,要確認,,,,,,,,,,,
,OSC湘南シティ,OSC湘南シティ,神奈川県平塚市代官町３３－１,インナーモール中央（ダイソー前周辺）,屋内（風除室含む）,,,,要確認,,,,,,,,,,,
,OSC湘南シティ,OSC湘南シティ,神奈川県平塚市代官町３３－１,インナーモール（ダイソー壁側）,屋内（風除室含む）,,,,要確認,,,,,,,,,,,
,109シネマズ,109シネマズムービル,横浜市西区南幸2-1-22相鉄ムービル内,要確認,屋内（風除室含む）,場所とる,"53,000","69,000",要確認,,,,,,,,,,,
,109シネマズ,109シネマズ港北,横浜市都筑区茅ケ崎中央5-1港北TOKYUS.C.6F 港北TOKYUS.C.6F,要確認,屋内（風除室含む）,場所とる,"53,000","69,000",要確認,,,,,,,,,,,
,109シネマズ,109シネマズ湘南,藤沢市辻堂神台1-3-1テラスモール湘南 4階,要確認,屋内（風除室含む）,場所とる,"93,000","125,000",要確認,,,,,,,,,,,
,109シネマズ,109シネマズ川崎,川崎市幸区堀川町72-1ラゾーナ川崎プラザ5F,要確認,屋内（風除室含む）,場所とる,"113,000","153,000",要確認,,,,,,,,,,,
,橋本駅,橋本駅,神奈川県相模原市緑区橋本2-3-2,連絡通路,,,,,要確認,,,,,,,,,,,
,コーナン,港南台バーズ店,神奈川県横浜市港南区港南台3-1-3港南台バーズ4f,エレベーター横,屋内（風除室含む）,場所とる,"30,000","30,000",要確認,,,,,,,,,,,
,コーナン,鶴見元宮店,神奈川県横浜市鶴見区元宮二丁目1番37号,正面右側入口横,屋内（風除室含む）,場所とる,"30,000","30,000",要確認,,,,,,,,,,,
,カインズ,城山店,神奈川県相模原市緑区向原 3-9-7,駐車場(正面入口),屋外,場所とる,"23,000","25,000",要確認,,,,,,,,,,,
,カインズ,西友平塚店,神奈川県平塚市東中原1丁目1-25,お問い合わせください,,,,,要確認,,,,,,,,,,,
,Aコープ,伊勢原高森店,神奈川県伊勢原市高森６－２－３,店内（サービスカウンターとレジの間）,屋内（風除室含む）,,,,要確認,,,,,,,,,,,
,Aコープ,伊勢原高森店,神奈川県伊勢原市高森６－２－３,風除室,屋内（風除室含む）,,,,要確認,,,,,,,,,,,
,イトーヨーカドー,若葉台店,神奈川県横浜市旭区若葉台3-7-1,青果側入口(風除室),屋内（風除室含む）,場所とる,"25,000","45,000",要確認,,,,,,,,,,,
,イトーヨーカドー,若葉台店,神奈川県横浜市旭区若葉台3-7-1,催事スペース,屋内（風除室含む）,場所とる,"25,000","35,000",要確認,,,,,,,,,,,
,Aコープ,ゆがわら店,神奈川県足柄下郡湯河原町土肥５－７－１,風除室,屋内（風除室含む）,,,,要確認,,,,,,,,,,,
,Aコープ,城山店,神奈川県相模原市緑区向原２丁目１－１,店内レジアウト,屋内（風除室含む）,,,,要確認,,,,,,,,,,,
,Aコープ,城山店,神奈川県相模原市緑区向原２丁目１－１,通路区画,屋外,,,,要確認,,,,,,,,,,,
,ベイシア,三浦店,神奈川県三浦市初声町下宮田5番16,風除室,屋内（風除室含む）,場所とる,"18,000","23,000",要確認,,,,,,,,,,,
,蔦屋書店,青葉奈良店,神奈川県横浜市青葉区奈良3丁目21-1,入口付近(駐車場側),屋内（風除室含む）,,,,要確認,,,,,,,,,,,
,TSUTAYA,横浜みなとみらい店,神奈川県横浜市西区みなとみらい4-7-1ミッドスクウェア 1F,TSUTAYA正面入口脇,屋内（風除室含む）,,,,要確認,,,,,,,,,,,
,蔦屋書店,港北ミナモ店,神奈川県横浜市都筑区中川中央2丁目7番1号,お問い合わせください,屋内（風除室含む）,場所とる,"40,000","40,000",要確認,,,,,,,,,,,
,イオン,横浜新吉田店,神奈川県横浜市港北区新吉田東8-49-1,オートスロープ前,屋内（風除室含む）,ダイエースペース,"20,000","25,000",要確認,,,,,,,,,,,
,ラ・フロール,ラ・フロール,神奈川県相模原市緑区西橋本5丁目1-1,中央入口付近,屋内（風除室含む）,,,,要確認,,,,,,,,,,,
,Aコープ,旭店,神奈川県平塚市万田一丁目１７番１６号,店頭軒下,屋内（風除室含む）,,,,要確認,,,,,,,,,,,
,ウィング,久里浜,神奈川県横須賀市久里浜4丁目4-10,改札前,屋内（風除室含む）,,,,要確認,,,,,,,,,,,
,ウィング,久里浜,神奈川県横須賀市久里浜4丁目4-10,イベントスペース,屋内（風除室含む）,,,,要確認,,,,,,,,,,,
,イオン,藤沢店,神奈川県藤沢市大庭5061-2,エスカレーター横ふれあい広場A,屋内（風除室含む）,場所とる,"25,000","30,000",要確認,,,,,,,,,,,
,イオン,藤沢店,神奈川県藤沢市大庭5061-2,エスカレーター横ふれあい広場B,屋内（風除室含む）,場所とる,"25,000","30,000",要確認,,,,,,,,,,,
,イオン,藤沢店,神奈川県藤沢市大庭5061-2,エスカレーター横ふれあい広場C,屋内（風除室含む）,場所とる,"25,000","30,000",要確認,,,,,,,,,,,
,イオン,藤沢店,神奈川県藤沢市大庭5061-2,郵便局側南入口外A,屋外,,,,要確認,,,,,,,,,,,
,イオン,藤沢店,神奈川県藤沢市大庭5061-2,郵便局側南入口外B,屋外,,,,要確認,,,,,,,,,,,
,コーナンPRO,上川井店,神奈川県横浜市旭区上川井町33番地4,お問い合わせ下さい,屋内（風除室含む）,場所とる,"30,000","30,000",要確認,,,,,,,,,,,
,コーナン,三和こどもの国店,神奈川県横浜市青葉区奈良1-2-1-2f,共用部スぺース,屋内（風除室含む）,,,,要確認,,,,,,,,,,,
,コーナン,厚木下荻野店,神奈川県厚木市下荻野1200番地1,エレベーター横,屋内（風除室含む）,場所とる,"30,000","30,000",要確認,,,,,,,,,,,
,コーナンPRO,青葉桂台店,神奈川県横浜市青葉区桂台2-38-5,お問合せください,,場所とる,"30,000","30,000",要確認,,,,,,,,,,,
,コーナンPRO,下永谷店,神奈川県横浜市港南区下永谷2丁目1番17号,駐車場スペース,屋外,場所とる,"30,000","30,000",要確認,,,,,,,,,,,
,コーナンPRO,246座間店,神奈川県座間市東原2-14-43,お問い合わせください,,場所とる,"30,000","30,000",要確認,,,,,,,,,,,
,コーナンPRO,港北インター,横浜市都筑区折本町152,要確認,,場所とる,"30,000","30,000",要確認,,,,,,,,,,,
,コーナンPRO,大和,大和市福田5687-1,要確認,,場所とる,"30,000","30,000",要確認,,,,,,,,,,,
,コーナン,戸塚汲沢店,神奈川県横浜市戸塚区汲沢町1158番地1,エスカレーター付近（サービスカウンター側）,屋内（風除室含む）,場所とる,"30,000","30,000",要確認,,,,,,,,,,,
,コーナン,港北インター店,神奈川県横浜市都筑区折本町191番地,エレベーターホール,屋内（風除室含む）,,,,要確認,,,,,,,,,,,
,コーナン,宮前上野川店,神奈川県川崎市宮前区西野川1丁目33番44号,入口横,屋内（風除室含む）,場所とる,"30,000","30,000",要確認,,,,,,,,,,,
,コーナン,中央林間店,神奈川県大和市中央林間七丁目7番1号,入口左側,屋内（風除室含む）,場所とる,"30,000","30,000",要確認,,,,,,,,,,,
,コーナンPRO,川崎小田栄店,神奈川県川崎市川崎区小田栄2丁目3番1号,エスカレーター前,屋内（風除室含む）,場所とる,"30,000","30,000",要確認,,,,,,,,,,,
,コーナン,鎌倉大船店,神奈川県鎌倉市岡本1188番地1,柱回り,屋外,場所とる,"30,000","30,000",要確認,,,,,,,,,,,
,コーナン,厚木戸室店,神奈川県厚木市戸室1丁目29-15,サッカ台横,屋内（風除室含む）,場所とる,"30,000","30,000",要確認,,,,,,,,,,,
,コーナン,港北ニュータウン店,神奈川県横浜市都筑区北山田5丁目13-1,EVホール（エスカレーター前）,屋内（風除室含む）,場所とる,"30,000","30,000",要確認,,,,,,,,,,,
,コーナン,川崎小向店,神奈川県川崎市幸区小向西町2丁目4番地,入口右手エレベーター前,屋内（風除室含む）,場所とる,"30,000","30,000",要確認,,,,,,,,,,,
,コーナン,川崎小向店,神奈川県川崎市幸区小向西町2丁目4番地,EV側エスカレーター前,屋内（風除室含む）,場所とる,"30,000","30,000",要確認,,,,,,,,,,,
,コーナン,相模原小山店,神奈川県相模原市中央区小山3丁目37番1号,エレベーターホール（スーパーライフの入口付近）,屋内（風除室含む）,場所とる,"30,000","30,000",要確認,,,,,,,,,,,
,コーナン,平塚市役所前店,神奈川県平塚市浅間町10番12号,入口付近,屋内（風除室含む）,場所とる,"30,000","30,000",要確認,,,,,,,,,,,
,コーナン,港北センター南店,神奈川県横浜市都筑区茅ヶ崎中央53番1号,駐車場側店内入口,屋内（風除室含む）,場所とる,"30,000","30,000",要確認,,,,,,,,,,,
,コーナンPRO,鶴見獅子ヶ谷店,神奈川県横浜市鶴見区獅子ケ谷3-2-68,レジ付近,屋内（風除室含む）,場所とる,"30,000","30,000",要確認,,,,,,,,,,,
,コーナンPRO,鎌倉大船店,神奈川県鎌倉市岡本1188番地1,お問い合わせください,,,,,要確認,,,,,,,,,,,
,コーナンPRO,WORK＆TOOL茅ヶ崎店,茅ヶ崎市下町屋3-3-35,お問い合わせください,屋内（風除室含む）,場所とる,"30,000","30,000",要確認,,,,,,,,,,,
,コーナン,本牧フロント店,神奈川県横浜市中区小港町二丁目100番地4,パン屋（アンティーク）付近柱周り,屋内（風除室含む）,場所とる,"30,000","30,000",要確認,,,,,,,,,,,
,コーナン,湘南藤沢店,藤沢市遠藤698-10,要確認,屋内（風除室含む）,場所とる,"30,000","30,000",要確認,,,,,,,,,,,
,コーナン,瀬谷店,横浜市瀬谷区南台1-40-6,要確認,屋内（風除室含む）,場所とる,"30,000","30,000",要確認,,,,,,,,,,,
,イオンスタイル,東戸塚,神奈川県横浜市戸塚区品濃町535-1,西武東戸塚SCとの連絡通路入口脇(リペア前),屋内（風除室含む）,場所とる,"35,000","45,000",要確認,,,,,,,,,,,
,イオンスタイル,東戸塚,神奈川県横浜市戸塚区品濃町535-1,西武東戸塚SCとの連絡通路,屋内（風除室含む）,場所とる,"85,000","85,000",要確認,,,,,,,,,,,
,イオンスタイル,東戸塚,神奈川県横浜市戸塚区品濃町535-1,キッズリパブリック売場出入口,屋内（風除室含む）,,,,要確認,,,,,,,,,,,
,イオンスタイル,上麻生,川崎市麻生区上麻生4-3-1,1F　エントランス横,屋内（風除室含む）,場所とる,"15,000","15,000",要確認,,,,,,,,,,,
,イオンスタイル,つきみ野,大和市つきみ野1-6-1,出入口付近,屋内（風除室含む）,場所とる,"25,000","25,000",要確認,,,,,,,,,,,
,イオン,秦野ショッピングセンター,神奈川県秦野市入船町12－1,ガーデンコート(フードコート)横,屋内（風除室含む）,場所とる,"38,000","58,000",要確認,,,,SB NG,,,,,,,
,イオン,秦野ショッピングセンター,神奈川県秦野市入船町12－1,正面入口横,屋外,場所とる,"58,000","78,000",要確認,,,,SB NG,,,,,,,
,イオン,秦野ショッピングセンター,神奈川県秦野市入船町12－1,北口横,屋内（風除室含む）,場所とる,"23,000","28,000",要確認,,,,SB NG,,,,,,,
,イオン,秦野ショッピングセンター,神奈川県秦野市入船町12－1,エディオン前B区画,屋内（風除室含む）,場所とる,"58,000","78,000",要確認,,,,SB NG,,,,,,,
,イオン,秦野ショッピングセンター,神奈川県秦野市入船町12－1,エディオン前C区画,屋内（風除室含む）,場所とる,"58,000","78,000",要確認,,,,SB NG,,,,,,,
,イオン,秦野ショッピングセンター,神奈川県秦野市入船町12－1,エディオン前D区画,屋内（風除室含む）,場所とる,"58,000","78,000",要確認,,,,SB NG,,,,,,,
,イオン,秦野ショッピングセンター,神奈川県秦野市入船町12－1,北エスカレーター横,屋内（風除室含む）,場所とる,"38,000","58,000",要確認,,,,SB NG,,,,,,,
,イオン,秦野ショッピングセンター,神奈川県秦野市入船町12－1,エディオン前 A区画,屋内（風除室含む）,場所とる,"58,000","78,000",要確認,,,,SB NG,,,,,,,
,イオン,秦野ショッピングセンター,神奈川県秦野市入船町12－1,金犬くん横,屋内（風除室含む）,場所とる,"28,000","28,000",要確認,,,,SB NG,,,,,,,
,イオン,秦野ショッピングセンター,神奈川県秦野市入船町12－1,北エスカレーター横(無印良品前),屋内（風除室含む）,場所とる,"38,000","58,000",要確認,,,,SB NG,,,,,,,
,カインズ,三浦店,神奈川県三浦市初声町入江273-3,店頭宝くじ売り場左側(軒無し),屋外,,,,要確認,,,,,,,,,,,
,カインズ,三浦店,神奈川県三浦市初声町入江273-3,風除室左側,屋外,,,,要確認,,,,,,,,,,,
,カインズ,三浦店,神奈川県三浦市初声町入江273-3,店頭右側(プラザ前),屋外,場所とる,"23,000","25,000",要確認,,,,,,,,,,,
,ベイタウン本牧５番街,ベイタウン本牧５番街,神奈川県横浜市中区本牧原12-1,空きテナントスペース（114番・保険ショップ横）,屋内（風除室含む）,,,,要確認,,,,,,,,,,,
,ベイタウン本牧５番街,ベイタウン本牧５番街,神奈川県横浜市中区本牧原12-1,イベントスペースプラザ（サイゼリヤ・はま寿司前）,屋内（風除室含む）,,,,要確認,,,,,,,,,,,
,ベイタウン本牧５番街,ベイタウン本牧５番街,神奈川県横浜市中区本牧原12-1,空きテナントスペース（ファッションリフォーム　Ｋ’ｓ横）,屋内（風除室含む）,,,,要確認,,,,,,,,,,,
,ブランチ茅ヶ崎,ブランチ茅ヶ崎,茅ヶ崎市浜見平10-2,1階　まちづくりスポット前,屋外,場所とる,"10,000","10,000",要確認,,,,,,,,,,,
,ブランチ茅ヶ崎,ブランチ茅ヶ崎,茅ヶ崎市浜見平10-2,1階　催事スペース１,屋外,場所とる,"10,000","10,000",要確認,,,,,,,,,,,
,ブランチ茅ヶ崎,ブランチ茅ヶ崎,茅ヶ崎市浜見平10-2,1階　催事スペース2,屋外,場所とる,"10,000","10,000",要確認,,,,,,,,,,,
,ブランチ茅ヶ崎,ブランチ茅ヶ崎,茅ヶ崎市浜見平10-2,1階　催事スペース３,屋外,場所とる,"10,000","10,000",要確認,,,,,,,,,,,
,ブランチ茅ヶ崎,ブランチ茅ヶ崎,茅ヶ崎市浜見平10-2,2階　イベントスペース,屋外,場所とる,"10,000","10,000",要確認,,,,,,,,,,,
,ホームズ,荏田店,神奈川県横浜市青葉区荏田西1-3-14,エレベーター前,屋内（風除室含む）,,,,要確認,,,,,,,,,,,
,ホームズ,荏田店,神奈川県横浜市青葉区荏田西1-3-14,エレベーターホール,屋内（風除室含む）,,,,要確認,,,,,,,,,,,
,ホームズ,茅ヶ崎店,神奈川県茅ヶ崎市本村4-6-51,階段踊り場,屋内（風除室含む）,,,,要確認,,,,,,,,,,,
,イオン,天王町ショッピングセンター,神奈川県横浜市保土ケ谷区川辺町3-5,フードコート前,屋内（風除室含む）,場所とる,"68,000","128,000",要確認,,,,,,,,,,,
,イオン,天王町ショッピングセンター,神奈川県横浜市保土ケ谷区川辺町3-5,ルポゼフルール前,屋内（風除室含む）,,,,実施不可,,,,,,,,,,,
,イオン,天王町ショッピングセンター,神奈川県横浜市保土ケ谷区川辺町3-5,無印良品前,屋内（風除室含む）,場所とる,"58,000","108,000",要確認,,,,,,,,,,,
,イオン,天王町ショッピングセンター,神奈川県横浜市保土ケ谷区川辺町3-5,専門店側エスカレーター横,屋内（風除室含む）,場所とる,"58,000","108,000",要確認,,,,,,,,,,,
,イオン,天王町ショッピングセンター,神奈川県横浜市保土ケ谷区川辺町3-5,ユニクロ前,屋内（風除室含む）,場所とる,"108,000","158,000",要確認,,,,,,,,,,,
,イオン,天王町ショッピングセンター,神奈川県横浜市保土ケ谷区川辺町3-5,専門店側エスカレーター横,屋内（風除室含む）,場所とる,"58,000","108,000",要確認,,,,,,,,,,,
,本厚木ミロード,本厚木ミロード,神奈川県厚木市泉町1-1,ミロード【2】催事スペース（エスカ脇ガラス面）,屋内（風除室含む）,,,,要確認,,,,,,,,,,,
,本厚木ミロード,本厚木ミロード,神奈川県厚木市泉町1-1,ロード【1】京樽横催事スペース,屋内（風除室含む）,,,,要確認,,,,,,,,,,,
,本厚木ミロード,本厚木ミロード,神奈川県厚木市泉町1-1,ミロード【1】ミロにわ（改札付近）,屋内（風除室含む）,,,,要確認,,,,,,,,,,,
,本厚木ミロード,本厚木ミロード,神奈川県厚木市泉町1-1,ミロード【2】催事スペース（共有スペース）,屋内（風除室含む）,,,,要確認,,,,,,,,,,,
,武蔵小杉東急スクエア,武蔵小杉東急スクエア,神奈川県川崎市中原区小杉町3-472,イベントスペース（飲食街エスカレーター下）,屋内（風除室含む）,,,,要確認,,,,,,,,,,,
,武蔵小杉東急スクエア,武蔵小杉東急スクエア,神奈川県川崎市中原区小杉町3-472,イベントスペース②小　マルエツ前,屋内（風除室含む）,,,,要確認,,,,,,,,,,,
,武蔵小杉東急スクエア,武蔵小杉東急スクエア,神奈川県川崎市中原区小杉町3-472,イベントスペース①大　マルエツ前,屋内（風除室含む）,,,,要確認,,,,,,,,,,,
,武蔵小杉東急スクエア,武蔵小杉東急スクエア,神奈川県川崎市中原区小杉町3-472,東急フードショースライス　ESC横イベントスペース,屋内（風除室含む）,,,,要確認,,,,,,,,,,,
,武蔵小杉東急スクエア,武蔵小杉東急スクエア,神奈川県川崎市中原区小杉町3-472,カルディ・インデックス前休憩スペース,屋内（風除室含む）,,,,要確認,,,,,,,,,,,
,Aコープ,タケヤマ店,神奈川県横須賀市林１－２８－５,店頭軒下※月・水・土日催事不可,屋外,,,,要確認,,,,,,,,,,,
,Aコープ,中田店,神奈川県横浜市泉区中田南３－２－３８,店頭軒下,屋外,,,,要確認,,,,,,,,,,,
,Aコープ,中田店,神奈川県横浜市泉区中田南３－２－３８,サービスカウンター,屋内（風除室含む）,,,,要確認,,,,,,,,,,,
,川崎ルフロン,川崎ルフロン,神奈川県川崎市川崎区日進町1-11,イベントスペース,屋外,,,,要確認,,,,,,,,,,,
,川崎ルフロン,川崎ルフロン,神奈川県川崎市川崎区日進町1-11,エスカレーター付近,屋外,,,,要確認,,,,,,,,,,,
,川崎ルフロン,川崎ルフロン,神奈川県川崎市川崎区日進町1-11,フードコート前,屋外,,,,要確認,,,,,,,,,,,
,川崎ルフロン,川崎ルフロン,神奈川県川崎市川崎区日進町1-11,ポップアップスペース,屋内（風除室含む）,,,,要確認,,,,,,,,,,,
,川崎ルフロン,川崎ルフロン,神奈川県川崎市川崎区日進町1-11,タリーズ前,屋内（風除室含む）,,,,要確認,,,,,,,,,,,
,大和スカイビル,大和スカイビル,大和市大和東1-2-1,1階　風除室スペース(ドラッグストア　サイネージ前),屋内（風除室含む）,場所とる,"23,000","23,000",要確認,,,,,,,,,,,
,地下鉄,横浜市営地下鉄ブルーラインセンター南駅,横浜市都筑区茅ケ崎中央1-1,3階　改札外イベントスペース,屋内（風除室含む）,場所とる,"75,000","75,000",要確認,,,,,,,,,,,
,地下鉄,地下鉄センター北駅,横浜市都筑区中川中央1-1-1,1階　コンビニとあいたいメイトテナントの間,屋内（風除室含む）,場所とる,"40,000","40,000",要確認,,,,,,,,,,,
,地下鉄,地下鉄下飯田駅,横浜市泉区ゆめが丘59-1,1階　改札前,屋外,場所とる,"25,000","25,000",要確認,,,,,,,,,,,
,地下鉄,地下鉄高田駅,横浜市港北区高田東3-1-3,地下1階　改札横,屋内（風除室含む）,場所とる,"25,000","25,000",要確認,,,,,,,,,,,
,地下鉄,地下鉄新羽駅,横浜市港北区新羽町1285-1,1階　改札外（駅出口）,屋外,場所とる,"40,000","40,000",要確認,,,,,,,,,,,
,地下鉄,地下鉄新横浜駅,横浜市港北区新横浜2-100,はまりんコンビニ横,屋内（風除室含む）,場所とる,"75,000","75,000",要確認,,,,,,,,,,,
,地下鉄,地下鉄川和町駅,横浜市都筑区川和町1252,2階　入口付近スペース,屋内（風除室含む）,場所とる,"25,000","25,000",要確認,,,,,,,,,,,
,地下鉄,地下鉄中山駅,横浜市緑区中山町350-5,地下1階　改札から出口2(JR南口)を結ぶコンコース沿い,屋内（風除室含む）,場所とる,"40,000","40,000",要確認,,,,,,,,,,,
,地下鉄,地下鉄中川駅,横浜市都筑区中川1-1-1,1階　出口1付近(ミニスーパー向かい),屋内（風除室含む）,場所とる,"40,000","40,000",要確認,,,,,,,,,,,
,地下鉄,地下鉄仲町台駅,横浜市都筑区仲町台1-1-1,1階　改札内通路中央部,屋内（風除室含む）,場所とる,"40,000","40,000",要確認,,,,,,,,,,,
,地下鉄,地下鉄都筑ふれあいの丘駅,横浜市都筑区葛が谷11-1,1階　改札前,屋内（風除室含む）,場所とる,"40,000","40,000",要確認,,,,,,,,,,,
,地下鉄,地下鉄東山田駅,横浜市都筑区東山田町300,1階　改札前,屋内（風除室含む）,場所とる,"25,000","25,000",要確認,,,,,,,,,,,
,地下鉄,地下鉄日吉本町駅,横浜市港北区日吉本町5-3-1,1階　改札前,屋内（風除室含む）,場所とる,"25,000","25,000",要確認,,,,,,,,,,,
,地下鉄,地下鉄北山田駅,横浜市都筑区北山田1-6-11,1階　出口2前,屋内（風除室含む）,場所とる,"40,000","40,000",要確認,,,,,,,,,,,
,地下鉄,地下鉄北新横浜駅,横浜市港北区北新横浜1-539-1,1階　改札前,屋内（風除室含む）,場所とる,"25,000","25,000",要確認,,,,,,,,,,,
,地下鉄,地下鉄立場駅,横浜市泉区中田西1-1-30,1階　改札前,屋内（風除室含む）,場所とる,"40,000","40,000",要確認,,,,,,,,,,,
,イオン,茅ケ崎中央,神奈川県茅ヶ崎市茅ヶ崎3-5-16,なか卯前,屋内（風除室含む）,ダイエースペース,"20,000","30,000",実施不可,,,,,,,,,,,
,イオン,茅ケ崎中央,神奈川県茅ヶ崎市茅ヶ崎3-5-16,正面入口 ドトールコーヒー横前,屋内（風除室含む）,,,,実施不可,,,,,,,,,,,
,イオン,茅ケ崎中央,神奈川県茅ヶ崎市茅ヶ崎3-5-16,イオンバイク横,屋内（風除室含む）,,,,実施不可,,,,,,,,,,,
,イオン,茅ケ崎中央,神奈川県茅ヶ崎市茅ヶ崎3-5-16,東エスカレーター前,屋内（風除室含む）,,,,実施不可,,,,,,,,,,,
,イオン,茅ケ崎中央,神奈川県茅ヶ崎市茅ヶ崎3-5-16,さがみ横,屋内（風除室含む）,,,,実施不可,,,,,,,,,,,
,イオン,茅ケ崎中央,神奈川県茅ヶ崎市茅ヶ崎3-5-16,東エスカレーター横,屋内（風除室含む）,,,,実施不可,,,,,,,,,,,
,イオンスタイル,新百合ヶ丘,神奈川県川崎市麻生区上麻生1-19,駅側入口外北側,屋外,,,,要確認,,,,,,,,,,,
,イオンスタイル,新百合ヶ丘,神奈川県川崎市麻生区上麻生1-19,催事場A,屋内（風除室含む）,,,,要確認,,,,,,,,,,,
,イオンスタイル,新百合ヶ丘,神奈川県川崎市麻生区上麻生1-19,駅側口外南側,屋外,,,,要確認,,,,,,,,,,,
,イオンスタイル,新百合ヶ丘,神奈川県川崎市麻生区上麻生1-19,催事場B,屋内（風除室含む）,,,,要確認,,,,,,,,,,,
,イオンスタイル,新百合ヶ丘,神奈川県川崎市麻生区上麻生1-19,イオン銀行外,屋外,,,,要確認,,,,,,,,,,,
,イオンスタイル,新百合ヶ丘,神奈川県川崎市麻生区上麻生1-19,催事場C,屋内（風除室含む）,,,,要確認,,,,,,,,,,,
,イオンスタイル,新百合ヶ丘,神奈川県川崎市麻生区上麻生1-19,サービスカウンター外,屋外,,,,要確認,,,,,,,,,,,
,イオンスタイル,新百合ヶ丘,神奈川県川崎市麻生区上麻生1-19,催事場D,屋内（風除室含む）,,,,要確認,,,,,,,,,,,
,イオンスタイル,新百合ヶ丘,神奈川県川崎市麻生区上麻生1-19,郵便局側口外,屋外,,,,要確認,,,,,,,,,,,
,イオンスタイル,新百合ヶ丘,神奈川県川崎市麻生区上麻生1-19,立体駐車場入口店外,屋外,,,,要確認,,,,,,,,,,,
,イオンスタイル,新百合ヶ丘,神奈川県川崎市麻生区上麻生1-19,エスカレーター横,屋内（風除室含む）,,,,要確認,,,,,,,,,,,
,イオンスタイル,新百合ヶ丘,神奈川県川崎市麻生区上麻生1-19,駅側入口店舗内,屋内（風除室含む）,,,,要確認,,,,,,,,,,,
,イオンスタイル,新百合ヶ丘,神奈川県川崎市麻生区上麻生1-19,駅側外,屋外,,,,要確認,,,,,,,,,,,
,イオンスタイル,新百合ヶ丘,神奈川県川崎市麻生区上麻生1-19,2F イベントスペース,屋内（風除室含む）,場所とる,"12,000","12,000",要確認,,,,,,,,,,,
,イトーヨーカドー,溝ノ口店,神奈川県川崎市高津区久本3-6-20,立体駐車場連絡口,屋内（風除室含む）,場所とる,"25,000","45,000",要確認,,,,,,,,,,,
,イトーヨーカドー,溝ノ口店,神奈川県川崎市高津区久本3-6-20,正面入口横,屋内（風除室含む）,場所とる,"35,000","55,000",要確認,,,,,,,,,,,
,そよら,湘南茅ヶ崎,神奈川県茅ヶ崎市茅ヶ崎2-7-71,県道側入口前(カンデボーレ前),屋内（風除室含む）,場所とる,"30,000","35,000",要確認,,,,【20日・30日は土日祝料金】,,,,,,,
,そよら,湘南茅ヶ崎,神奈川県茅ヶ崎市茅ヶ崎2-7-71,そよらテラス前スペース(室外),屋外,,,,要確認,,,,,,,,,,,
,そよら,湘南茅ヶ崎,神奈川県茅ヶ崎市茅ヶ崎2-7-71,アトリウム前,屋内（風除室含む）,,,,要確認,,,,,,,,,,,
,そよら,湘南茅ヶ崎,神奈川県茅ヶ崎市茅ヶ崎2-7-71,MAX CAMP前,屋内（風除室含む）,場所とる,"20,000","25,000",要確認,,,,【20日・30日は土日祝料金】,,,,,,,
,そよら,湘南茅ヶ崎,神奈川県茅ヶ崎市茅ヶ崎2-7-71,2F 立体駐車場,屋内（風除室含む）,場所とる,"20,000","25,000",要確認,,,,【20日・30日は土日祝料金】,,,,,,,
,そよら,湘南茅ヶ崎,神奈川県茅ヶ崎市茅ヶ崎2-7-71,ペテモ前,屋内（風除室含む）,,,,要確認,,,,,,,,,,,
,そよら,湘南茅ヶ崎,神奈川県茅ヶ崎市茅ヶ崎2-7-71,フードコート,屋内（風除室含む）,,,,要確認,,,,,,,,,,,
,イオン,相模原ショッピングセンター,神奈川県相模原市南区古淵2-10-1,立体駐車場入口前スペース,屋外,,,,要確認,,,,,,,,,,,
,イオン,相模原ショッピングセンター,神奈川県相模原市南区古淵2-10-1,1F けやきスマイルガーデン(あそびばスペース・ステージ部分),屋内（風除室含む）,,,,要確認,,,,,,,,,,,
,イオン,相模原ショッピングセンター,神奈川県相模原市南区古淵2-10-1,1F けやきスマイルガーデン(ベビーカー置場部分),屋内（風除室含む）,ダイエースペース,"30,000","50,000",要確認,,,,,,,,,,,
,イオン,相模原ショッピングセンター,神奈川県相模原市南区古淵2-10-1,1F サハンジ横,屋内（風除室含む）,ダイエースペース,"50,000","70,000",要確認,,,,,,,,,,,
,イオン,相模原ショッピングセンター,神奈川県相模原市南区古淵2-10-1,2F ジーユー横イベントスペース,屋内（風除室含む）,ダイエースペース,"70,000","100,000",要確認,,,,,,,,,,,
,イオン,駒岡店,神奈川県横浜市鶴見区駒岡5-6-1,サービスカウンター横,屋内（風除室含む）,ダイエースペース,"18,000","25,000",要確認,,,,,,,,,,,
,イオン,駒岡店,神奈川県横浜市鶴見区駒岡5-6-1,南側出入口(店頭),屋外,,,,要確認,,,,,,,,,,,
,イオン,久里浜店,神奈川県横須賀市久里浜5-13-1,オートスロープ横,屋内（風除室含む）,,,,要確認,,,,,,,,,,,
,イオン,金沢八景店,神奈川県横浜市金沢区泥亀1-27-1,マンション側入口外,屋外,場所とる,"35,000","55,000",要確認,,,,,,,,,,,
,イオン,金沢八景店,神奈川県横浜市金沢区泥亀1-27-1,瀬戸神社側入口外,屋外,場所とる,"35,000","55,000",要確認,,,,,,,,,,,
,イオン,金沢八景店,神奈川県横浜市金沢区泥亀1-27-1,サイクル売場前,屋内（風除室含む）,場所とる,"35,000","55,000",要確認,,,,,,,,,,,
,イオン,海老名ショッピングセンター,神奈川県海老名市中央2-4-1,フードコート入口（バッグのモンサック前）,屋内（風除室含む）,場所とる,"25,000","40,000",要確認,,,,,,,,,,,
,イオン,海老名ショッピングセンター,神奈川県海老名市中央2-4-1,エスカレーターサイド（カメラのキタムラ前）,屋内（風除室含む）,,,,要確認,,,,,,,,,,,
,湘南RESORT,湘南RESORT　SPA　竜泉寺の湯,茅ヶ崎市中島1339-1,フロント付近スペース,屋内（風除室含む）,場所とる,"40,000","40,000",要確認,,,,,,,,,,,
,天然温泉すすき野湯けむりの里,天然温泉すすき野湯けむりの里,神奈川県横浜市青葉区すすき野3-2-7,下足スペース,屋内（風除室含む）,,,,要確認,,,,,,,,,,,
,天然温泉すすき野湯けむりの里,天然温泉すすき野湯けむりの里,神奈川県横浜市青葉区すすき野3-2-7,ゲームコーナー前,屋内（風除室含む）,場所とる,"23,000","38,000",要確認,,,,,,,,,,,
,極楽湯,極楽湯　横浜芹が谷店①,横浜市港南区芹が谷5-54-8,1階　お食事処,屋内（風除室含む）,場所とる,"35,000","35,000",要確認,,,,,,,,,,,
,極楽湯,極楽湯　横浜芹が谷店②,横浜市港南区芹が谷5-54-8,1階　玄関風除室,屋内（風除室含む）,場所とる,"35,000","35,000",要確認,,,,,,,,,,,
,RAKU　SPA,RAKU　SPA　鶴見①,横浜市鶴見区元宮2丁目1-39,1階　自動ドア付近,屋内（風除室含む）,場所とる,"35,000","35,000",要確認,,,,,,,,,,,
,RAKU　SPA,RAKU　SPA　鶴見②,横浜市鶴見区元宮2丁目1-39,3階　EV前,屋内（風除室含む）,場所とる,"35,000","35,000",要確認,,,,,,,,,,,
,相鉄ローゼン,相鉄ローゼン横山台,相模原市中央区横山台2-5-1 門倉センタービル,催事スペース,屋外,場所とる,"25,000","25,000",要確認,,,,5/10~6/20・毎月1日は催事開催不可,,,,,,,
,新丸子駅,新丸子駅,神奈川県川崎市中原区新丸子町７６６,改札外正面,屋外,,,,要確認,,,,,,,,,,,
,武蔵小杉駅,武蔵小杉駅,神奈川県川崎市中原区小杉町3-472,正面改札外,屋内（風除室含む）,,,,要確認,,,,,,,,,,,
,元住吉駅,元住吉駅,神奈川県川崎市中原区木月1-36-1,改札口正面,屋外,,,,要確認,,,,,,,,,,,
,日吉駅,日吉駅,神奈川県横浜市港北区日吉２丁目１１,改札口正面,屋内（風除室含む）,,,,要確認,,,,,,,,,,,
,大倉山駅,大倉山駅,神奈川県横浜市港北区大倉山1-1-1,改札口正面,屋外,,,,要確認,,,,,,,,,,,
,あざみ野駅,あざみ野駅,神奈川県横浜市青葉区あざみ野２丁目,横浜市営地下鉄改札内,屋内（風除室含む）,,,,要確認,,,,,,,,,,,
,横浜駅,横浜駅,神奈川県横浜市西区南幸1-1-1,改札内（崎陽軒左）,屋内（風除室含む）,,,,要確認,,,,,,,,,,,
,長津田駅,長津田駅,神奈川県横浜市緑区長津田4-1-1,改札内イベントスペース,屋内（風除室含む）,,,,要確認,,,,,,,,,,,
,長津田駅,長津田駅,神奈川県横浜市緑区長津田4-1-1,ローソンtoks前,屋内（風除室含む）,,,,要確認,,,,,,,,,,,
,青葉台駅,青葉台駅,神奈川県横浜市青葉区青葉台１丁目,A区画（青山フラワーマーケット前）,屋外,,,,要確認,,,,,,,,,,,
,青葉台駅,青葉台駅,神奈川県横浜市青葉区青葉台１丁目,C区画（タリーズコーヒー前）,屋外,,,,要確認,,,,,,,,,,,
,たまプラーザ駅,たまプラーザ駅,神奈川県横浜市青葉区美しが丘1-3,東改札外B,屋外,,,,要確認,,,,,,,,,,,
,鷺沼駅,鷺沼駅,神奈川県川崎市宮前区鷺沼3-1-1,改札外,屋外,,,,要確認,,,,,,,,,,,
,溝の口駅,溝の口駅,神奈川県川崎市高津区溝口２丁目１１,改札口正面,屋外,,,,要確認,,,,,,,,,,,
,ライズモール,中井町,神奈川県足柄郡中井町井ノ口1848-1,キッチンカースペース,屋外,,,,要確認,,,,,,,,,,,
,MEGAドン・キホーテ,綾瀬店,神奈川県綾瀬市大上2-1-1,エレベーター前スペース,屋内（風除室含む）,,,,要確認,,,,,,,,,,,
,MEGAドン・キホーテ,上鶴間店,神奈川県相模原市南区上鶴間本町9-47-30,"3,8㎡",屋外,自由市場,"16,000","16,000",要確認,無,無,有,,,,,,,,
,MEGAドン・キホーテ,秦野店,神奈川県秦野市平沢530-2,4㎡,屋内（風除室含む）,自由市場,"17,000","22,000",要確認,無,無,有,,,,,,,,
,MEGAドン・キホーテ,鶴見中央店,神奈川県横浜市鶴見区鶴見中央3-13-1,3㎡,屋外,自由市場,"16,000","21,000",要確認,無,無,有,,,,,,,,
,MEGAドン・キホーテ,東名川崎店,神奈川県川崎市宮前区馬絹2-1-1,"4,4㎡",屋内（風除室含む）,自由市場,"17,000","22,000",要確認,無,無,有,,,,,,,,
,ドン・キホーテ,ひらつか店,神奈川県平塚市田村2-7-31,2㎡,屋内（風除室含む）,自由市場,"15,000","20,000",要確認,無,無,有,,,,,,,,
,ドン・キホーテ,横須賀店,神奈川県横須賀市大津町1-22-7,"6,3㎡",屋外,自由市場,"12,000","17,000",要確認,無,無,有,,,,,,,,
,ドン・キホーテ,大和店,神奈川県大和市下鶴間2-1-13,移動販売車スペース1※軽自動車専用,屋外,,,,要確認,,,,,,,,,,,
,ドン・キホーテ,東名横浜インター店,神奈川県横浜市緑区霧が丘5-1-8,"17,5㎡",屋外,自由市場,"10,000","15,000",要確認,無,無,有,,,,,,,,
,ドン・キホーテ,二俣川店,神奈川県横浜市旭区二俣川1-43-28,駅側出入口,屋内（風除室含む）,場所とる,"21,000","26,000",要確認,,,,什器設置不可,,,,,,,
,ドン・キホーテ,日野インター店,神奈川県横浜市港南区日野8-2-5,"3,5㎡",屋外,自由市場,"9,000","11,000",要確認,無,無,無,,,,,,,,
,MEGAドン・キホーテUNY,座間店,神奈川県座間市入谷一丁目416番地の2,屋外スペース4※移動販売車専用,屋外,,,,実施不可,,,,,,,,,,,
,MEGAドン・キホーテUNY,座間店,神奈川県座間市入谷一丁目416番地の2,屋外スペース※移動販売車併用3,屋外,,,,実施不可,,,,,,,,,,,
,MEGAドン・キホーテ,かわさき店,神奈川県川崎市幸区神明町1-44-1,3㎡,屋内（風除室含む）,自由市場,"16,000","21,000",要確認,無,無,有,,,,,,,,
,MEGAドン・キホーテ,青葉台店,神奈川県横浜市青葉区しらとり台11-25,入口スペース,屋内（風除室含む）,,,,要確認,,,,,,,,,,,
,MEGAドン・キホーテ,厚木店,神奈川県厚木市妻田南2丁目8-5,21㎡,屋外,自由市場,"10,000","13,000",要確認,無,無,無,,,,,,,,
,MEGAドン・キホーテ,港山下総本店,神奈川県横浜市中区新山下1-2-8,"1,2㎡",屋内（風除室含む）,自由市場,"17,000","22,000",要確認,無,無,有,,,,,,,,
,MEGAドン・キホーテ,狩場インター店,神奈川県横浜市保土ヶ谷区狩場町164-1,"27,5㎡",屋外,自由市場,"11,000","16,000",要確認,無,無,無,,,,,,,,
,MEGAドン・キホーテ,新横浜,横浜市港北区大豆戸町529-5,2㎡,屋内（風除室含む）,自由市場,"21,000","31,000",要確認,無,無,有,,,,,,,,
,みなとみらい東急スクエア,みなとみらい東急スクエア,神奈川県横浜市西区みなとみらい2-3-2,ザ・キューブ,屋内（風除室含む）,,,,要確認,,,,,,,,,,,
,MOVIX,"MOVIX橋本",相模原市緑区橋本3-3-1SING橋本 SING橋本,2㎡程度,屋内（風除室含む）,場所とる,"55,000","55,000",要確認,,,,,,,,,,,
,シァル桜木町,シァル桜木町,神奈川県横浜市中区桜木町１丁目１,市電マップ広場一画,屋内（風除室含む）,,,,要確認,,,,,,,,,,,
,プララ杉田,プララ杉田,神奈川県横浜市磯子区杉田1-17-1,パティオ広場(全面),屋内（風除室含む）,,,,要確認,,,,,,,,,,,
,プララ杉田,プララ杉田,神奈川県横浜市磯子区杉田1-17-1,パティオ広場(半面),屋内（風除室含む）,,,,要確認,,,,,,,,,,,
,ラプラ中央林間,ラプラ中央林間,神奈川県大和市中央林間8-25-8,マツキヨ前,屋外,,,,要確認,,,,,,,,,,,
,ラプラ中央林間,ラプラ中央林間,神奈川県大和市中央林間8-25-8,ロピア前,屋外,,,,要確認,,,,,,,,,,,
,オーケー,大和鶴間店,神奈川県大和市鶴間2-1-18,1階　空きスペース,屋内（風除室含む）,場所とる,"23,000","23,000",要確認,,,,,,,,,,,
,オーケー,みなとみらい店,神奈川県横浜市西区みなとみらい6-3-6,空きスペース,屋内（風除室含む）,場所とる,"23,000","23,000",要確認,,,,,,,,,,,
,オーケー,みなとみらい店,神奈川県横浜市西区みなとみらい6-3-6,空きスペース,屋内（風除室含む）,場所とる,"39,000","39,000",要確認,,,,,,,,,,,
,オーケー,金沢文庫店,神奈川県横浜市金沢区釜利谷東2-2-10,出口側空きスペース,屋内（風除室含む）,場所とる,"23,000","23,000",要確認,,,,,,,,,,,
,オーケー,宮崎台店,神奈川県川崎市宮前区宮前平3-1-2,エレベーター前,屋内（風除室含む）,場所とる,"23,000","23,000",要確認,,,,,,,,,,,
,オーケー,辻堂羽鳥店,神奈川県藤沢市羽鳥一丁目1番45号,空きスペース※平日のみ,屋内（風除室含む）,場所とる,"23,000","23,000",要確認,,,,,,,,,,,
,オーケー,川崎小倉店,神奈川県川崎市幸区小倉5-19-23 クロスガーデン川崎内,空きスペース※平日のみ,,,,,要確認,,,,,,,,,,,
,オーケー,野川店,神奈川県川崎市宮前区野川本町2丁目32番7号,空きスペース（入口前）,屋内（風除室含む）,場所とる,"23,000","23,000",要確認,,,,,,,,,,,
,オーケー,新子安店,神奈川県横浜市神奈川区新子安1-31-24,店頭横(屋根あり),屋外,場所とる,"23,000","23,000",要確認,,,,,,,,,,,
,オーケー,阿久和店,神奈川県横浜市瀬谷区阿久和西1-27-1,店頭横(屋根なし),屋外,,,,要確認,,,,,,,,,,,
,オーケー,阿久和店,神奈川県横浜市瀬谷区阿久和西1-27-1,空きスペース,屋内（風除室含む）,場所とる,"23,000","23,000",要確認,,,,,,,,,,,
,オーケー,妙蓮寺店,神奈川県横浜市港北区菊名1-9-33,店頭横スペース,屋外,場所とる,"23,000","23,000",要確認,,,,,,,,,,,
,オーケー,北山田店,神奈川県横浜市都筑区北山田1-14-1,空きスペース,屋内（風除室含む）,場所とる,"23,000","23,000",要確認,,,,,,,,,,,
,オーケー,藤沢店,神奈川県藤沢市南藤沢6-23,空きスペース(風除室),屋内（風除室含む）,場所とる,"23,000","23,000",要確認,,,,,,,,,,,
,オーケー,港北店,神奈川県横浜市都筑区葛が谷8,空きスペース(ロッテリア横),屋内（風除室含む）,場所とる,"23,000","23,000",要確認,,,,,,,,,,,
,オーケー,本厚木店,神奈川県厚木市中町2-11-4,自転車駐輪場一角※平日のみ,屋外,場所とる,"23,000","23,000",実施不可,,,,,,,,,,,
,オーケー,下九沢店,神奈川県相模原市中央区下九沢777-2,空きスペース(風除室内※平日のみ),屋内（風除室含む）,場所とる,"23,000","23,000",要確認,,,,平日のみ開催可能,,,,,,,
,オーケー,溝ノ口店,神奈川県川崎市高津区下作延1-6-7,空きスペース,屋内（風除室含む）,場所とる,"23,000","23,000",要確認,,,,,,,,,,,
,オーケー,相模原店,神奈川県相模原市中央区千代田6-2-13,空きスペース(売場フロア),屋内（風除室含む）,場所とる,"23,000","23,000",要確認,,,,,,,,,,,
,オーケー,日吉店,神奈川県横浜市港北区日吉本町4-13-4,空きスペース(クリーニング屋横),屋内（風除室含む）,場所とる,"23,000","23,000",要確認,,,,,,,,,,,
,オーケー,戸塚上矢部店,神奈川県横浜市戸塚区上矢部町1880-1,空きスペース,屋内（風除室含む）,場所とる,"23,000","23,000",要確認,,,,,,,,,,,
,オーケー,相模原中央店,神奈川県相模原市中央区中央2-6-18,空きスペース※平日のみ,屋内（風除室含む）,場所とる,"23,000","23,000",要確認,,,,平日のみ開催可能,,,,,,,
,オーケー,並木店,神奈川県横浜市金沢区並木1-17-9,空きスペース(サービス側出入口付近)※平日限定,屋内（風除室含む）,場所とる,"23,000","23,000",要確認,,,,平日のみ開催可能,,,,,,,
,オーケー,新吉田店,神奈川県横浜市港北区新吉田東3-21-17,空きスペース,屋内（風除室含む）,場所とる,"23,000","23,000",要確認,,,,,,,,,,,
,オーケー,大和上和田店,神奈川県大和市上和田2734-1,空きスペース※平日のみ,屋内（風除室含む）,場所とる,"23,000","23,000",要確認,,,,平日のみ開催可能,,,,,,,
,オーケー,伊勢原店,神奈川県伊勢原市伊勢原4-2-1,空きスペース(入口階段前スペース)※平日のみ,屋内（風除室含む）,場所とる,"23,000","23,000",要確認,,,,,,,,,,,
,オーケー,逗子店,神奈川県逗子市逗子1-11-17,駐車場風除室,屋内（風除室含む）,場所とる,"23,000","23,000",要確認,,,,,,,,,,,
,オーケー,川崎本町店,神奈川県川崎市川崎区本町2-12-5,駐車場※平日のみ,屋内（風除室含む）,,,,要確認,,,,,,,,,,,
,オーケー,登戸店,神奈川県川崎市多摩区登戸2535-1,空きスペース※平日のみ,,場所とる,"23,000","23,000",要確認,,,,,,,,,,,
,オーケー,港南台店,横浜市港南区港南台9-16-2,1階空きスペース,屋内（風除室含む）,場所とる,"23,000","23,000",要確認,,,,,,,,,,,
,ヴィスポ横須賀,ヴィスポ横須賀,横須賀市平成町2丁目14番1号,1階　エスカ下,屋内（風除室含む）,場所とる,"15,000","20,000",要確認,,,,,,,,,,,
,アピタ,金沢文庫店,神奈川県横浜市金沢区釜利谷東二丁目1番1号,エスカレーター前,屋内（風除室含む）,,,,要確認,,,,,,,,,,,
,アピタ,金沢文庫店,神奈川県横浜市金沢区釜利谷東二丁目1番1号,エレベーター横1,屋内（風除室含む）,,,,要確認,,,,,,,,,,,
,アピタ,金沢文庫店,神奈川県横浜市金沢区釜利谷東二丁目1番1号,エレベーター横2,屋内（風除室含む）,,,,要確認,,,,,,,,,,,
,イトーヨーカドー,たまプラーザ店,神奈川県横浜市青葉区美しが丘1-6-1,北側入口前,屋内（風除室含む）,場所とる,"25,000","45,000",要確認,,,,【8.15.18.25.28日は土日祝料金】【3月.5月.8月.12月は賃料増額】,,,,,,,
,アピタ,戸塚店,神奈川県横浜市戸塚区上倉田町769番1,日高屋横,屋内（風除室含む）,,,,要確認,,,,,,,,,,,
,ハンズ ビー,相模大野ステーションスクエア店,神奈川県相模原市南区相模大野 3-8-1小田急相模大野ステーションスクエア Ａ館 4 階,共有部,屋内（風除室含む）,,,,要確認,,,,,,,,,,,
,ハンズ ビー,相模大野ステーションスクエア店,神奈川県相模原市南区相模大野 3-8-1小田急相模大野ステーションスクエア Ａ館 4 階,A館シースルーエレベーター前,屋内（風除室含む）,,,,要確認,,,,,,,,,,,
,ハンズ ビー,相模大野ステーションスクエア店,神奈川県相模原市南区相模大野 3-8-1小田急相模大野ステーションスクエア Ａ館 4 階,A館エントランス横,屋内（風除室含む）,,,,要確認,,,,,,,,,,,
,ハンズ ビー,相模大野ステーションスクエア店,神奈川県相模原市南区相模大野 3-8-1小田急相模大野ステーションスクエア Ａ館 4 階,共用部,屋内（風除室含む）,,,,要確認,,,,,,,,,,,
,ハンズ ビー,相模大野ステーションスクエア店,神奈川県相模原市南区相模大野 3-8-1小田急相模大野ステーションスクエア Ａ館 4 階,共用部,屋内（風除室含む）,,,,要確認,,,,,,,,,,,
,三井ショッピングパーク,ラゾーナ川崎プラザ,神奈川県川崎市幸区堀川町72-1,Plaza West側吹き抜け前,屋内（風除室含む）,,,,要確認,,,,,,,,,,,
,三井ショッピングパーク,ラゾーナ川崎プラザ,神奈川県川崎市幸区堀川町72-1,Plaza East,屋内（風除室含む）,,,,要確認,,,,,,,,,,,
,三井ショッピングパーク,ラゾーナ川崎プラザ,神奈川県川崎市幸区堀川町72-1,Plaza West③,屋内（風除室含む）,,,,要確認,,,,,,,,,,,
,三井ショッピングパーク,ラゾーナ川崎プラザ,神奈川県川崎市幸区堀川町72-1,ルーファ広場グランドステージ,屋外,,,,要確認,,,,,,,,,,,
,三井ショッピングパーク,ラゾーナ川崎プラザ,神奈川県川崎市幸区堀川町72-1,Plaza West②,屋内（風除室含む）,,,,要確認,,,,,,,,,,,
,三井ショッピングパーク,ラゾーナ川崎プラザ,神奈川県川崎市幸区堀川町72-1,ルーファ広場アクアステージ,屋外,,,,要確認,,,,,,,,,,,
,三井ショッピングパーク,ラゾーナ川崎プラザ,神奈川県川崎市幸区堀川町72-1,Plaza West①,屋内（風除室含む）,,,,要確認,,,,,,,,,,,
,三井ショッピングパーク,ラゾーナ川崎プラザ,神奈川県川崎市幸区堀川町72-1,ルーファ広場入口コンコース,屋内（風除室含む）,,,,要確認,,,,,,,,,,,
,三井ショッピングパーク,ラゾーナ川崎プラザ,神奈川県川崎市幸区堀川町72-1,Plaza West側,屋内（風除室含む）,,,,要確認,,,,,,,,,,,
,三井ショッピングパーク,ラゾーナ川崎プラザ,神奈川県川崎市幸区堀川町72-1,中央通路,屋内（風除室含む）,,,,要確認,,,,,,,,,,,
,三井ショッピングパーク,ラゾーナ川崎プラザ,神奈川県川崎市幸区堀川町72-1,Plaza East側吹き抜け前,屋内（風除室含む）,,,,要確認,,,,,,,,,,,
,三井ショッピングパーク,ラゾーナ川崎プラザ,神奈川県川崎市幸区堀川町72-1,Plaza East側吹き抜け前,屋内（風除室含む）,,,,要確認,,,,,,,,,,,
,三井ショッピングパーク,ラゾーナ川崎プラザ,神奈川県川崎市幸区堀川町72-1,Plaza West側吹き抜け前,屋内（風除室含む）,,,,要確認,,,,,,,,,,,
,キュービックプラザ新横浜,キュービックプラザ新横浜,神奈川県横浜市港北区新横浜2-100-45,Qひろば,屋内（風除室含む）,,,,要確認,,,,,,,,,,,
,湘南藤沢オーパ,湘南藤沢オーパ,神奈川県藤沢市南藤沢22-3,イベントスペース（正面入口横）,屋内（風除室含む）,場所とる,"28,000","38,000",要確認,,,,,,,,,,,
,湘南藤沢オーパ,湘南藤沢オーパ,神奈川県藤沢市南藤沢22-3,イベントスペース（プロント前）,屋内（風除室含む）,場所とる,"28,000","38,000",要確認,,,,,,,,,,,
,湘南藤沢オーパ,湘南藤沢オーパ,神奈川県藤沢市南藤沢22-3,空区画,屋内（風除室含む）,場所とる,"28,000","38,000",要確認,,,,,,,,,,,
,DCM,平塚田村店,神奈川県平塚市田村3丁目5番,共有通路側入り口前,屋内（風除室含む）,場所とる,"20,000","23,000",実施不可,,,,,,,,,,,
,綾瀬タウンヒルズ,綾瀬タウンヒルズ,神奈川県綾瀬市深谷中1丁目11,中央エスカレーター前（フードコート側）,屋内（風除室含む）,,,,要確認,,,,,,,,,,,
,綾瀬タウンヒルズ,綾瀬タウンヒルズ,神奈川県綾瀬市深谷中1丁目11,サミット前,屋内（風除室含む）,,,,要確認,,,,,,,,,,,
,綾瀬タウンヒルズ,綾瀬タウンヒルズ,神奈川県綾瀬市深谷中1丁目11,正面入口奥（ハニーズ前）,屋内（風除室含む）,,,,要確認,,,,,,,,,,,
,綾瀬タウンヒルズ,綾瀬タウンヒルズ,神奈川県綾瀬市深谷中1丁目11,中央エスカレーター前（正面入口側）,屋内（風除室含む）,,,,要確認,,,,,,,,,,,
,綾瀬タウンヒルズ,綾瀬タウンヒルズ,神奈川県綾瀬市深谷中1丁目11,中央エスカレーター横（右側）,屋内（風除室含む）,,,,要確認,,,,,,,,,,,
,ぐみょうじ商店街,ぐみょうじ商店街,神奈川県横浜市南区弘明寺町,催事スペース,,場所とる,"23,000","23,000",要確認,,,,,,,,,,,
,横浜橋商店街,横浜橋商店街,横浜市南区真金町1-3,催事スペース,,場所とる,"23,000","23,000",要確認,,,,,,,,,,,
,マーケットスクエア,ヴィスポ横須賀,神奈川県横須賀市 平成町2-14-1,正面エントランスエスカレーター横,屋内（風除室含む）,,,,要確認,,,,,,,,,,,
,イオンスタイル,横浜高田,神奈川県横浜市港北区高田西1-1-47,お問い合わせください,屋内（風除室含む）,ダイエースペース,"15,000","20,000",要確認,,,,,,,,,,,
,イオンスタイル,横浜高田,神奈川県横浜市港北区高田西1-1-47,お問い合わせください,屋内（風除室含む）,ダイエースペース,"20,000","40,000",要確認,,,,,,,,,,,
,ビッグ・エー,横浜日野店,神奈川県横浜市港南区日野5-9-22,店頭（軒無し）,,,,,要確認,,,,,,,,,,,
,イオンモール,座間,神奈川県座間市広野台2丁目10-4,南側階段横,屋内（風除室含む）,,,,実施不可,,,,GW・お盆・ブラックフライデー・クリスマス・年末年始は特別期間利用料金,,,,,,,
,イオンモール,座間,神奈川県座間市広野台2丁目10-4,ノースコート吹き抜け（ユニクロ前）,屋内（風除室含む）,,,,実施不可,,,,GW・お盆・ブラックフライデー・クリスマス・年末年始は特別期間利用料金,,,,,,,
,イオンモール,座間,神奈川県座間市広野台2丁目10-4,ノースコート吹き抜け（zoff前）,屋内（風除室含む）,,,,実施不可,,,,GW・お盆・ブラックフライデー・クリスマス・年末年始は特別期間利用料金,,,,,,,
,イオンモール,座間,神奈川県座間市広野台2丁目10-4,南側階段横,屋内（風除室含む）,,,,実施不可,,,,GW・お盆・ブラックフライデー・クリスマス・年末年始は特別期間利用料金,,,,,,,
,イオンモール,座間,神奈川県座間市広野台2丁目10-4,ノースコート,屋内（風除室含む）,,,,実施不可,,,,GW・お盆・ブラックフライデー・クリスマス・年末年始は特別期間利用料金,,,,,,,
,イオンモール,座間,神奈川県座間市広野台2丁目10-4,レストランコート,屋内（風除室含む）,,,,実施不可,,,,GW・お盆・ブラックフライデー・クリスマス・年末年始は特別期間利用料金,,,,,,,
,イオンモール,座間,神奈川県座間市広野台2丁目10-4,サウスコート吹き抜け,屋内（風除室含む）,,,,実施不可,,,,GW・お盆・ブラックフライデー・クリスマス・年末年始は特別期間利用料金,,,,,,,
,フォレオ,横浜四季の森,神奈川県横浜市旭区上白根3丁目41番1号,エスカレーター横,屋内（風除室含む）,,,,要確認,,,,,,,,,,,
,フォレオ,横浜四季の森,神奈川県横浜市旭区上白根3丁目41番1号,南側入口横,屋内（風除室含む）,,,,要確認,,,,,,,,,,,
,フォレオ,横浜四季の森,神奈川県横浜市旭区上白根3丁目41番1号,不二家前,屋内（風除室含む）,,,,要確認,,,,,,,,,,,
,フォレオ,横浜四季の森,神奈川県横浜市旭区上白根3丁目41番1号,センターコート,屋内（風除室含む）,,,,要確認,,,,,,,,,,,
,フォレオ,横浜四季の森,神奈川県横浜市旭区上白根3丁目41番1号,ノジマ前,屋内（風除室含む）,,,,要確認,,,,,,,,,,,
,フォレオ,横浜四季の森,神奈川県横浜市旭区上白根3丁目41番1号,エスカレーター横,屋内（風除室含む）,,,,要確認,,,,,,,,,,,
,フォレオ,横浜四季の森,神奈川県横浜市旭区上白根3丁目41番1号,南側入り口横,屋内（風除室含む）,,,,要確認,,,,,,,,,,,
,スポーツクラブ＆スパ ルネサンス,港南中央,神奈川県横浜市港南区港南中央通12－31 gooday place3Ｆ,お問い合わせ下さい,,,,,実施不可,,,,,,,,,,,
,スポーツクラブ ルネサンス,海老名,神奈川県海老名市中央2丁目950,お問い合わせ下さい,,,,,実施不可,,,,,,,,,,,
,スポーツクラブ ルネサンス,港南台,神奈川県横浜市港南区港南台5－9－1,お問い合わせ下さい,,,,,実施不可,,,,,,,,,,,
,スポーツクラブ ルネサンス,天王町,神奈川県横浜市保土ヶ谷区天王町2－45－12,お問い合わせ下さい,,,,,実施不可,,,,,,,,,,,
,スポーツクラブ ルネサンス,淵野辺,神奈川県相模原市中央区鹿沼台1-9-15,お問い合わせ下さい,,,,,実施不可,,,,,,,,,,,
,スポーツクラブ ルネサンス,相模大野,神奈川県相模原市南区相模大野7-19-1,お問い合わせ下さい,,,,,実施不可,,,,,,,,,,,
,スポーツクラブ ルネサンス,橋本,神奈川県相模原市緑区橋本3-3-1 SING橋本5、6F Ｂ1Ｆ,お問い合わせ下さい,,,,,実施不可,,,,,,,,,,,
,スポーツクラブ ルネサンス,大和,神奈川県大和市大和東3－2－1,お問い合わせ下さい,,,,,実施不可,,,,,,,,,,,
,スポーツクラブ ルネサンス,上大岡,横浜市港南区上大岡西3-9-1,要確認,,場所とる,"30,000","30,000",要確認,,,,,,,,,,,
,スポーツクラブ ルネサンス,武蔵小杉駅,川崎市中原区小杉町1-403,要確認,,場所とる,"30,000","30,000",要確認,,,,,,,,,,,
,スポーツクラブ ルネサンス,横須賀,横須賀市平成町2丁目14-1,要確認,,場所とる,"30,000","30,000",要確認,,,,,,,,,,,
,スポーツクラブ ルネサンス,OASIS　RAFEEL港北,横浜市都筑区中川中央2丁目7-1,要確認,,場所とる,"30,000","30,000",要確認,,,,,,,,,,,
,スポーツクラブ ルネサンス,戸塚,横浜市戸塚区戸塚町4253-1,要確認,,場所とる,"30,000","30,000",要確認,,,,,,,,,,,
,スポーツクラブ ルネサンス,相模原,相模原市中央区中央2-12-18,要確認,,場所とる,"30,000","30,000",要確認,,,,,,,,,,,
,コロナワールド,小田原,神奈川県小田原市前川219-4,正面入口横,屋内（風除室含む）,,,,要確認,,,,,,,,,,,
,コロナワールド,小田原,神奈川県小田原市前川219-4,1階 A：エントランス温泉入口横,屋内（風除室含む）,場所とる,"20,000","30,000",要確認,,,,,,,,,,,
,コロナワールド,小田原,神奈川県小田原市前川219-4,1階 B：エントランス自販機前,屋内（風除室含む）,場所とる,"20,000","30,000",要確認,,,,,,,,,,,
,コロナワールド,小田原,神奈川県小田原市前川219-4,屋外スペース,屋外,場所とる,"20,000","30,000",要確認,,,,,,,,,,,
,アリオ,橋本,神奈川県相模原市緑区大山町1-22,グランサックス前,屋内（風除室含む）,,,,要確認,,,,,,,,,,,
,アリオ,橋本,神奈川県相模原市緑区大山町1-22,イベント広場,屋内（風除室含む）,,,,要確認,,,,,,,,,,,
,アリオ,橋本,神奈川県相模原市緑区大山町1-22,ベビードール前,屋内（風除室含む）,,,,要確認,,,,,,,,,,,
,アリオ,橋本,神奈川県相模原市緑区大山町1-22,グランドガーデン,屋内（風除室含む）,,,,要確認,,,,,,,,,,,
,アリオ,橋本,神奈川県相模原市緑区大山町1-22,セブンカルチャー前,屋内（風除室含む）,,,,要確認,,,,,,,,,,,
,アリオ,橋本,神奈川県相模原市緑区大山町1-22,アクアガーデン,屋内（風除室含む）,,,,要確認,,,,,,,,,,,
,アリオ,橋本,神奈川県相模原市緑区大山町1-22,フードコート側口,屋外,,,,要確認,,,,,,,,,,,
,アリオ,橋本,神奈川県相模原市緑区大山町1-22,フードコート脇,屋内（風除室含む）,,,,要確認,,,,,,,,,,,
,アリオ,橋本,神奈川県相模原市緑区大山町1-22,いつ和前,屋内（風除室含む）,,,,要確認,,,,,,,,,,,
,アリオ,橋本,神奈川県相模原市緑区大山町1-22,1丁目1番地前,屋内（風除室含む）,,,,要確認,,,,,,,,,,,
,アクロスプラザ,東神奈川,神奈川県横浜市神奈川区西寺尾1-16-15,薬局（クリエイト）横,屋外,場所とる,"25,000","30,000",要確認,,,,,,,,,,,
,アクロスプラザ,伊勢原店,神奈川県横浜市神奈川区西寺尾1-16-15,31前,屋外,,,,要確認,,,,,,,,,,,
,アクロスプラザ,伊勢原店,神奈川県横浜市神奈川区西寺尾1-16-15,軒下(PCサテライト横),屋外,場所とる,"20,000","25,000",要確認,,,,,,,,,,,
,アクロスプラザ,平塚見附店,平塚市錦町4-22,ローソン横催事スペース,屋外,場所とる,"20,000","25,000",要確認,,,,,,,,,,,
,NAS,溝の口,神奈川県川崎市高津区溝口1-12-12,お問い合わせ下さい,屋内（風除室含む）,場所とる,"30,000","30,000",要確認,,,,,,,,,,,
,NAS,平塚,神奈川県平塚市紅谷町67,お問い合わせ下さい,屋内（風除室含む）,場所とる,"30,000","30,000",要確認,,,,,,,,,,,
,NAS,中山,神奈川県横浜市緑区台村町135-5パーシモンプラザ3Ｆ,お問い合わせ下さい,屋内（風除室含む）,場所とる,"30,000","30,000",要確認,,,,,,,,,,,
,NAS,戸塚,神奈川県横浜市戸塚区吉田町3001-3,お問い合わせ下さい,屋内（風除室含む）,場所とる,"30,000","30,000",要確認,,,,,,,,,,,
,NAS,新川崎,神奈川県川崎市幸区新川崎5-2シンカモール4Ｆ,お問い合わせ下さい,屋内（風除室含む）,場所とる,"30,000","30,000",要確認,,,,,,,,,,,
,NAS,瀬谷,神奈川県横浜市瀬谷区瀬谷4-7-5,お問い合わせ下さい,屋内（風除室含む）,場所とる,"30,000","30,000",要確認,,,,,,,,,,,
,NAS,湘南台,神奈川県藤沢市湘南台1-7-7,更衣室前,屋内（風除室含む）,場所とる,"30,000","30,000",要確認,,,,,,,,,,,
,NAS,南林間,神奈川県大和市南林間1-2-16,お問い合わせ下さい,屋内（風除室含む）,場所とる,"30,000","30,000",要確認,,,,,,,,,,,
,NAS,藤沢,神奈川県藤沢市藤沢490-1,お問い合わせ下さい,屋内（風除室含む）,場所とる,"30,000","30,000",要確認,,,,,,,,,,,
,BRANCH,横浜南部市場,神奈川県横浜市金沢区鳥浜町1-1,正面インフォメーション前　9㎡程度,屋外,場所とる,"23,000","40,000",要確認,,,,事前打ち合わせ必須,,,,,,,
,BRANCH,横浜南部市場,神奈川県横浜市金沢区鳥浜町1-1,中央エレベーター前,屋内（風除室含む）,場所とる,"35,000","55,000",要確認,,,,事前打ち合わせ必須,,,,,,,
,BRANCH,横浜南部市場,神奈川県横浜市金沢区鳥浜町1-1,マーケット広場,屋外,場所とる,"40,000","74,000",実施不可,,,,事前打ち合わせ必須,,,,,,,
,BRANCH,横浜南部市場,神奈川県横浜市金沢区鳥浜町1-1,イベントスペース,屋内（風除室含む）,,,,要確認,,,,事前打ち合わせ必須,,,,,,,
,BRANCH,横浜南部市場,神奈川県横浜市金沢区鳥浜町1-1,海辺広場,屋外,場所とる,"65,000","125,000",実施不可,,,,事前打ち合わせ必須,,,,,,,
,BRANCH,横浜南部市場,神奈川県横浜市金沢区鳥浜町1-1,NANBUBASE(海辺広場付近),屋内（風除室含む）,,,,要確認,,,,事前打ち合わせ必須,,,,,,,
,イオンモール,平塚,神奈川県平塚市大神(ツインシティ大神地区土地区画整理事業予定地),お問い合わせ下さい,,,,,要確認,,,,,,,,,,,
,イオンモール,大和,神奈川県大和市下鶴間1-2-1,ウォーターコート,屋内（風除室含む）,場所とる,"78,000","148,000",要確認,,,,au NG,,,,,,,
,イオンモール,大和,神奈川県大和市下鶴間1-2-1,ライトコートエスカレーター脇,屋内（風除室含む）,場所とる,"38,000","68,000",要確認,,,,au NG,,,,,,,
,イオンモール,大和,神奈川県大和市下鶴間1-2-1,ライトコート吹き抜け,屋内（風除室含む）,場所とる,"78,000","148,000",要確認,,,,au NG,,,,,,,
,イオンモール,大和,神奈川県大和市下鶴間1-2-1,ライトコートエスカレーター脇,屋内（風除室含む）,場所とる,"28,000","48,000",要確認,,,,au NG,,,,,,,
,イオンモール,大和,神奈川県大和市下鶴間1-2-1,ライトコートエスカレーター脇,屋内（風除室含む）,場所とる,"38,000","68,000",要確認,,,,au NG,,,,,,,
,イオンモール,大和,神奈川県大和市下鶴間1-2-1,ライトコート,屋内（風除室含む）,場所とる,"133,000","258,000",要確認,,,,au NG,,,,,,,
,マルイシティ横浜,マルイシティ横浜,神奈川県横浜市西区高島2-19-12,カレンダリウムD09,屋内（風除室含む）,,,,要確認,,,,,,,,,,,
,マルイシティ横浜,マルイシティ横浜,神奈川県横浜市西区高島2-19-12,カレンダリウムD04,屋内（風除室含む）,,,,要確認,,,,,,,,,,,
,マルイファミリー溝口,マルイファミリー溝口,神奈川県川崎市高津区溝口1-4-1,カレンダリウムF06,屋内（風除室含む）,,,,要確認,,,,,,,,,,,
,マルイファミリー溝口,マルイファミリー溝口,神奈川県川崎市高津区溝口1-4-1,カレンダリウムF03,屋内（風除室含む）,,,,要確認,,,,,,,,,,,
,マルイファミリー溝口,マルイファミリー溝口,神奈川県川崎市高津区溝口1-4-1,カレンダリウムF01,屋内（風除室含む）,,,,要確認,,,,,,,,,,,
,マルイファミリー溝口,マルイファミリー溝口,神奈川県川崎市高津区溝口1-4-1,イベントスペース,屋内（風除室含む）,,,,要確認,,,,,,,,,,,
,マルイファミリー溝口,マルイファミリー溝口,神奈川県川崎市高津区溝口1-4-1,カレンダリウムF04,屋内（風除室含む）,,,,要確認,,,,,,,,,,,
,マルイファミリー溝口,マルイファミリー溝口,神奈川県川崎市高津区溝口1-4-1,カレンダリウムD,屋内（風除室含む）,,,,要確認,,,,,,,,,,,
,マルイファミリー溝口,マルイファミリー溝口,神奈川県川崎市高津区溝口1-4-1,カレンダリウムF05,屋内（風除室含む）,,,,要確認,,,,,,,,,,,
,マルイファミリー溝口,マルイファミリー溝口,神奈川県川崎市高津区溝口1-4-1,カレンダリウムC01,屋内（風除室含む）,,,,要確認,,,,,,,,,,,
,マルイファミリー溝口,マルイファミリー溝口,神奈川県川崎市高津区溝口1-4-1,カレンダリウムF02,屋内（風除室含む）,,,,要確認,,,,,,,,,,,
,マルイファミリー溝口,マルイファミリー溝口,神奈川県川崎市高津区溝口1-4-1,カレンダリウムF08,屋内（風除室含む）,,,,要確認,,,,,,,,,,,
,マルイファミリー溝口,マルイファミリー溝口,神奈川県川崎市高津区溝口1-4-1,カレンダリウムF07,屋内（風除室含む）,,,,要確認,,,,,,,,,,,
,マルイファミリー海老名,マルイファミリー海老名,神奈川県海老名市中央1-6-1,カレンダリウムD0１,屋内（風除室含む）,,,,要確認,,,,,,,,,,,
,マルイファミリー海老名,マルイファミリー海老名,神奈川県海老名市中央1-6-1,カレンダリウムF11,屋内（風除室含む）,,,,要確認,,,,,,,,,,,
,マルイファミリー海老名,マルイファミリー海老名,神奈川県海老名市中央1-6-1,カレンダリウムC01,屋内（風除室含む）,,,,要確認,,,,,,,,,,,
,マルイファミリー海老名,マルイファミリー海老名,神奈川県海老名市中央1-6-1,カレンダリウムF12,屋内（風除室含む）,,,,要確認,,,,,,,,,,,
,マルイファミリー海老名,マルイファミリー海老名,神奈川県海老名市中央1-6-1,カレンダリウムC02,屋内（風除室含む）,,,,要確認,,,,,,,,,,,
,マルイファミリー海老名,マルイファミリー海老名,神奈川県海老名市中央1-6-1,カレンダリウムF10,屋内（風除室含む）,,,,要確認,,,,,,,,,,,
,マルイファミリー海老名,マルイファミリー海老名,神奈川県海老名市中央1-6-1,カレンダリウムD04,屋内（風除室含む）,,,,要確認,,,,,,,,,,,
,マルイファミリー海老名,マルイファミリー海老名,神奈川県海老名市中央1-6-1,カレンダリウムF02,屋内（風除室含む）,,,,要確認,,,,,,,,,,,
,マルイファミリー海老名,マルイファミリー海老名,神奈川県海老名市中央1-6-1,カレンダリウムF03,屋内（風除室含む）,,,,要確認,,,,,,,,,,,
,マルイファミリー海老名,マルイファミリー海老名,神奈川県海老名市中央1-6-1,カレンダリウムF04,屋内（風除室含む）,,,,要確認,,,,,,,,,,,
,マルイファミリー海老名,マルイファミリー海老名,神奈川県海老名市中央1-6-1,カレンダリウムF06,屋内（風除室含む）,,,,要確認,,,,,,,,,,,
,マルイファミリー海老名,マルイファミリー海老名,神奈川県海老名市中央1-6-1,カレンダリウムF07,屋内（風除室含む）,,,,要確認,,,,,,,,,,,
,マルイファミリー海老名,マルイファミリー海老名,神奈川県海老名市中央1-6-1,カレンダリウムF01,屋内（風除室含む）,,,,要確認,,,,,,,,,,,
,マルイファミリー海老名,マルイファミリー海老名,神奈川県海老名市中央1-6-1,カレンダリウムF08,屋内（風除室含む）,,,,要確認,,,,,,,,,,,
,マルイファミリー海老名,マルイファミリー海老名,神奈川県海老名市中央1-6-1,カレンダリウムF05,屋内（風除室含む）,,,,要確認,,,,,,,,,,,
,マルイファミリー海老名,マルイファミリー海老名,神奈川県海老名市中央1-6-1,カレンダリウムC03,屋内（風除室含む）,,,,要確認,,,,,,,,,,,
,マルイファミリー海老名,マルイファミリー海老名,神奈川県海老名市中央1-6-1,カレンダリウムF09,屋内（風除室含む）,,,,要確認,,,,,,,,,,,
,ライズモール,戸塚,神奈川県横浜市戸塚区戸塚町1313-7,エレベーター前,屋内（風除室含む）,,,,要確認,,,,,,,,,,,
,ライズモール,ひばりが丘,神奈川県座間市ひばりが丘4丁目11-1,エスカレーター付近,屋内（風除室含む）,,,,要確認,,,,,,,,,,,
,食品館あおば,本牧店,神奈川県横浜市中区本牧間門38-1,サッカー台付近,屋内（風除室含む）,,,,要確認,,,,,,,,,,,
,食品館あおば,ひばりが丘店,座間市ひばりが丘4丁目11-1RISE MALLひばりが丘 2階 RISE MALLひばりが丘 2階,1階　自販機前,屋内（風除室含む）,場所とる,"25,000","30,000",要確認,,,,,,,,,,,
,イオン,金沢シーサイド店,神奈川県横浜市金沢区並木2-13-1,サービスカウンター前,屋内（風除室含む）,,,,要確認,,,,,,,,,,,
,アピタテラス,横浜綱島,神奈川県横浜市港北区綱島東四丁目3番17号,北綱島交差点出入口テラス(風除室),屋内（風除室含む）,場所とる,"55,000","75,000",要確認,,,,,,,,,,,
,アピタテラス,横浜綱島,神奈川県横浜市港北区綱島東四丁目3番17号,コミュニティパーク,屋内（風除室含む）,,,,要確認,,,,,,,,,,,
,アピタテラス,横浜綱島,神奈川県横浜市港北区綱島東四丁目3番17号,エレベーター前・エスカレーター横,屋内（風除室含む）,,,,要確認,,,,,,,,,,,
,アピタテラス,横浜綱島,神奈川県横浜市港北区綱島東四丁目3番17号,くまざわ書店前特設スペース,屋内（風除室含む）,,,,要確認,,,,,,,,,,,
,アピタテラス,横浜綱島,神奈川県横浜市港北区綱島東四丁目3番17号,中央エスカレーター吹抜け横（スタジオアリス前）,屋内（風除室含む）,,,,要確認,,,,,,,,,,,
,アピタテラス,横浜綱島,神奈川県横浜市港北区綱島東四丁目3番17号,カルディ前,屋内（風除室含む）,場所とる,"80,000","115,000",要確認,,,,月・火の開催不可,,,,,,,
,FUJIスーパー,本郷台店,神奈川県横浜市栄区小菅ヶ谷 1-2-2,店内スペース,屋内（風除室含む）,,,,要確認,,,,,,,,,,,
,FUJIスーパー,芹ヶ谷店,神奈川県横浜市港南区芹が谷5-1-1,店頭（軒あり）,屋外,,,,要確認,,,,,,,,,,,
,FUJIスーパー,鳥山店,神奈川県横浜市港北区鳥山町75,店内スペース,屋内（風除室含む）,,,,要確認,,,,,,,,,,,
,FUJIスーパー,鳥山店,神奈川県横浜市港北区鳥山町75,店頭スペース,屋外,,,,要確認,,,,,,,,,,,
,FUJIスーパー,馬場店,神奈川県横浜市鶴見区馬場3-10-45,店頭スペース,屋外,,,,要確認,,,,,,,,,,,
,FUJIスーパー,馬場店,神奈川県横浜市鶴見区馬場3-10-45,店内スペース,屋内（風除室含む）,,,,要確認,,,,,,,,,,,
,ビッグ・エー,横浜丸山台店,神奈川県横浜市港南区丸山台1-15-4,店頭スペース,屋外,,,,要確認,,,,,,,,,,,
,ビッグ・エー,横浜川上町店,神奈川県横浜市戸塚区川上町464-15,店頭スペース,屋外,,,,要確認,,,,,,,,,,,
,ビッグ・エー,横浜中白根店,神奈川県横浜市旭区中白根3-1-38,店頭スペース,屋外,,,,要確認,,,,,,,,,,,
,元町・中華街駅,元町・中華街駅,神奈川県横浜市中区山下町,改札外,屋内（風除室含む）,,,,要確認,,,,,,,,,,,
,日本大通り駅,日本大通り駅,神奈川県横浜市中区日本大通,改札外①,屋内（風除室含む）,,,,要確認,,,,,,,,,,,
,日本大通り駅,日本大通り駅,神奈川県横浜市中区日本大通,改札外②,屋内（風除室含む）,,,,要確認,,,,,,,,,,,
,日本大通り駅,日本大通り駅,神奈川県横浜市中区日本大通,改札外③,屋内（風除室含む）,,,,要確認,,,,,,,,,,,
,馬車道駅,馬車道駅,神奈川県横浜市中区本町５丁目４９,改札外⑤,屋内（風除室含む）,,,,要確認,,,,,,,,,,,
,馬車道駅,馬車道駅,神奈川県横浜市中区本町５丁目４９,改札外⑥,屋内（風除室含む）,,,,要確認,,,,,,,,,,,
,馬車道駅,馬車道駅,神奈川県横浜市中区本町５丁目４９,改札外①,屋内（風除室含む）,,,,要確認,,,,,,,,,,,
,馬車道駅,馬車道駅,神奈川県横浜市中区本町５丁目４９,改札外②,屋内（風除室含む）,,,,要確認,,,,,,,,,,,
,馬車道駅,馬車道駅,神奈川県横浜市中区本町５丁目４９,改札外③,屋内（風除室含む）,,,,要確認,,,,,,,,,,,
,馬車道駅,馬車道駅,神奈川県横浜市中区本町５丁目４９,改札外④,屋内（風除室含む）,,,,要確認,,,,,,,,,,,
,みなとみらい駅,みなとみらい駅,神奈川県横浜市西区みなとみらい３丁目５,改札外①,屋内（風除室含む）,,,,要確認,,,,,,,,,,,
,みなとみらい駅,みなとみらい駅,神奈川県横浜市西区みなとみらい３丁目５,改札外②,屋内（風除室含む）,,,,要確認,,,,,,,,,,,
,みなとみらい駅,みなとみらい駅,神奈川県横浜市西区みなとみらい３丁目５,改札内,屋内（風除室含む）,,,,要確認,,,,,,,,,,,
,新高島駅,新高島駅,神奈川県横浜市西区みなとみらい５丁目１,改札外,屋内（風除室含む）,,,,要確認,,,,,,,,,,,
,新高島駅,新高島駅,神奈川県横浜市西区みなとみらい５丁目１,改札内,屋内（風除室含む）,,,,要確認,,,,,,,,,,,
,カインズ,横須賀久里浜店,神奈川県横須賀市久里浜 8丁目8番1号,エレベーター前,屋内（風除室含む）,場所とる,"23,000","25,000",要確認,,,,,,,,,,,
,カインズ,秦野店,神奈川県秦野市落合 480,出入口前,屋内（風除室含む）,場所とる,"23,000","25,000",要確認,,,,,,,,,,,
,カインズ,フォルテ秦野店,神奈川県秦野市曽屋1210,1階　屋内左側スペース,屋内（風除室含む）,場所とる,"23,000","25,000",要確認,,,,,,,,,,,
,カインズ,相模原塩田店,神奈川県相模原市中央区田名塩田 4丁目18番1号,出入口前,屋内（風除室含む）,場所とる,"23,000","25,000",要確認,,,,,,,,,,,
,カインズ,横浜いずみ野店,神奈川県横浜市泉区和泉町6214-1,店内レジ後ろ,屋内（風除室含む）,,,,要確認,,,,,,,,,,,
,カインズ,フォルテ秦野店,神奈川県秦野市曽屋１２１０,入口,屋内（風除室含む）,,,,要確認,,,,,,,,,,,
,カインズ,相模原愛川インター店,相模原市南区当麻1876,右側カフェブリッコ前,屋内（風除室含む）,場所とる,"23,000","25,000",要確認,,,,,,,,,,,
,ビッグ・エー,小田急桜ヶ丘西口店,神奈川県大和市福田2-2-4,店頭スペース,屋外,,,,要確認,,,,,,,,,,,
,ビッグ・エー,新百合ヶ丘店,神奈川県川崎市麻生区古沢177,店頭スペース,屋外,,,,要確認,,,,,,,,,,,
,グランツリー,武蔵小杉,神奈川県川崎市中原区新丸子東3丁目1135番地1号,2nd stage(セカンドステージ）,屋内（風除室含む）,,,,要確認,,,,,,,,,,,
,グランツリー,武蔵小杉,神奈川県川崎市中原区新丸子東3丁目1135番地1号,ピロティ（屋根付屋外広場）,屋外,場所とる,"158,000","308,000",要確認,,,,,,,,,,,
,グランツリー,武蔵小杉,神奈川県川崎市中原区新丸子東3丁目1135番地1号,東急側吹抜け通路,屋内（風除室含む）,場所とる,"208,000","308,000",要確認,,,,,,,,,,,
,グランツリー,武蔵小杉,神奈川県川崎市中原区新丸子東3丁目1135番地1号,アカチャンホンポ前レストスペース,屋内（風除室含む）,場所とる,"108,000","158,000",要確認,,,,,,,,,,,
,グランツリー,武蔵小杉,神奈川県川崎市中原区新丸子東3丁目1135番地1号,吹抜け通路（フードコート横）,屋内（風除室含む）,場所とる,"58,000","108,000",要確認,,,,,,,,,,,
,グランツリー,武蔵小杉,神奈川県川崎市中原区新丸子東3丁目1135番地1号,1st stage(ファーストステージ）,屋内（風除室含む）,,,,要確認,,,,,,,,,,,
,ビッグ・エー,川崎久地店,神奈川県川崎市高津区久地3-16-6,店頭スペース,屋外,,,,要確認,,,,,,,,,,,
,ビッグ・エー,川崎宿河原店,神奈川県川崎市多摩区宿河原3-10-8,店頭スペース,屋外,,,,要確認,,,,,,,,,,,
,ビッグ・エー,相模原鵜野森店,神奈川県相模原市南区鵜野森1-29-3,店頭スペース,屋外,,,,要確認,,,,,,,,,,,
,ビッグ・エー,相模原共和店,神奈川県相模原市中央区共和4-14-1,店頭スペース,屋外,,,,要確認,,,,,,,,,,,
,ビッグ・エー,相模原相南店,神奈川県相模原市南区相南4-23-15,店頭スペース,屋外,,,,要確認,,,,,,,,,,,
,ビッグ・エー,相模原相武台店,神奈川県相模原市南区相武台3-18-20,店頭スペース,屋外,,,,要確認,,,,,,,,,,,
,ビッグ・エー,相模原相模台店,神奈川県相模原市南区相模台2-1-4,店頭スペース,屋外,,,,要確認,,,,,,,,,,,
,ビエラ蒔田,ビエラ蒔田,神奈川県横浜市南区花之木町三丁目48－１,まちかど広場(ライフ前),屋外,,,,要確認,,,,,,,,,,,
,ビエラ蒔田,ビエラ蒔田,神奈川県横浜市南区花之木町三丁目48－１,さくらみえるテラス,屋外,,,,要確認,,,,,,,,,,,
,ビエラ蒔田,ビエラ蒔田,神奈川県横浜市南区花之木町三丁目48－１,ビエラスタジオ,屋内（風除室含む）,,,,要確認,,,,,,,,,,,
,イトーヨーカドー,ららぽーと横浜店,神奈川県横浜市都筑区池辺町4035番1,催事場,屋内（風除室含む）,,,,要確認,,,,,,,,,,,
,イトーヨーカドー食品館,ららぽーと湘南平塚店,神奈川県平塚市天沼10－1,花屋横スペース,屋内（風除室含む）,,,,実施不可,,,,,,,,,,,
,イトーヨーカドー,横浜別所店,神奈川県横浜市南区別所1-14-1,正面入口,屋外,場所とる,"25,000","45,000",要確認,,,,【8.15.18.25.28日は土日祝料金】【3月.5月.8月.12月は賃料増額】,,,,,,,
,イトーヨーカドー,横浜別所店,神奈川県横浜市南区別所1-14-1,立体駐車場入口,屋内（風除室含む）,場所とる,"25,000","45,000",要確認,,,,【8.15.18.25.28日は土日祝料金】【3月.5月.8月.12月は賃料増額】,,,,,,,
,イトーヨーカドー,横浜別所店,神奈川県横浜市南区別所1-14-1,バス停側入口,屋内（風除室含む）,場所とる,"45,000","85,000",要確認,,,,【8.15.18.25.28日は土日祝料金】【3月.5月.8月.12月は賃料増額】,,,,,,,
,イトーヨーカドー,横浜別所店,神奈川県横浜市南区別所1-14-1,平面駐車場側入口　右側(屋根有),屋内（風除室含む）,場所とる,"55,000","85,000",要確認,,,,【8.15.18.25.28日は土日祝料金】【3月.5月.8月.12月は賃料増額】,,,,,,,
,イトーヨーカドー,大和鶴間店,神奈川県大和市下鶴間1丁目3番1号,イオン連絡通路入口前,屋内（風除室含む）,場所とる,"55,000","85,000",要確認,,,,,,,,,,,
,イトーヨーカドー,大和鶴間店,神奈川県大和市下鶴間1丁目3番1号,催事場,屋内（風除室含む）,場所とる,"35,000","55,000",要確認,,,,,,,,,,,
,イトーヨーカドー,大和鶴間店,神奈川県大和市下鶴間1丁目3番1号,レストラン街催事場,屋内（風除室含む）,,,,要確認,,,,,,,,,,,
,イトーヨーカドー,大和鶴間店,神奈川県大和市下鶴間1丁目3番1号,鶴間駅側入口,屋内（風除室含む）,場所とる,"50,000","80,000",要確認,,,,,,,,,,,
,イトーヨーカドー,大和鶴間店,神奈川県大和市下鶴間1丁目3番1号,鶴間駅側入口,屋外,,,,要確認,,,,,,,,,,,
,イトーヨーカドー,武蔵小杉駅前店,神奈川県川崎市中原区小杉町3-420,セブン保険ショップ入口横,屋内（風除室含む）,,,,実施不可,,,,,,,,,,,
,イトーヨーカドー,藤沢店,神奈川県藤沢市鵠沼石上1-10-1,正面入口,屋外,,,,要確認,,,,,,,,,,,
,イトーヨーカドー,藤沢店,神奈川県藤沢市鵠沼石上1-10-1,お客様エレベーター前,屋内（風除室含む）,,,,要確認,,,,,,,,,,,
,イトーヨーカドー,藤沢店,神奈川県藤沢市鵠沼石上1-10-1,花咲側入口横,屋内（風除室含む）,,,,要確認,,,,,,,,,,,
,イトーヨーカドー,アリオ橋本店,神奈川県相模原市緑区大山町1-22,ひといきコーナー前（イトーヨーカドー区画内）,屋内（風除室含む）,場所とる,"55,000","85,000",要確認,,,,,,,,,,,
,イトーヨーカドー,能見台店,神奈川県横浜市金沢区能見台東3-1,薬局側エスカレーター横,屋内（風除室含む）,,,,要確認,,,,,,,,,,,
,イトーヨーカドー,能見台店,神奈川県横浜市金沢区能見台東3-1,能見台駅側入口,屋外,場所とる,"35,000","55,000",要確認,,,,,,,,,,,
,イトーヨーカドー,能見台店,神奈川県横浜市金沢区能見台東3-1,西側入口,屋外,,,,要確認,,,,,,,,,,,
,イトーヨーカドー,立場店,神奈川県横浜市泉区中田西1-1-15,かまくら道入口,屋内（風除室含む）,場所とる,"25,000","25,000",要確認,,,,,,,,,,,
,イトーヨーカドー,立場店,神奈川県横浜市泉区中田西1-1-15,駅側入り口,屋内（風除室含む）,場所とる,"55,000","55,000",要確認,,,,,,,,,,,
,イトーヨーカドー,立場店,神奈川県横浜市泉区中田西1-1-15,フードコート前柱周り,屋内（風除室含む）,場所とる,"35,000","55,000",要確認,,,,,,,,,,,
,イトーヨーカドー,立場店,神奈川県横浜市泉区中田西1-1-15,1階屋外,屋外,,,,要確認,,,,,,,,,,,
,イトーヨーカドー,立場店,神奈川県横浜市泉区中田西1-1-15,しあわせ食堂前,屋内（風除室含む）,場所とる,"45,000","65,000",要確認,,,,,,,,,,,
,イトーヨーカドー,立場店,神奈川県横浜市泉区中田西1-1-15,しあわせ食堂前　食品レジ側,屋内（風除室含む）,場所とる,"35,000","55,000",要確認,,,,,,,,,,,
,イトーヨーカドー,立場店,神奈川県横浜市泉区中田西1-1-15,エスカレーター左側,屋内（風除室含む）,場所とる,"55,000","75,000",要確認,,,,,,,,,,,
,イトーヨーカドー,立場店,神奈川県横浜市泉区中田西1-1-15,エスカレーター右側,屋内（風除室含む）,場所とる,"55,000","55,000",要確認,,,,,,,,,,,
,イトーヨーカドー食品館,瀬谷店,神奈川県横浜市瀬谷区中央6-15,エレベーター前ブース,屋内（風除室含む）,場所とる,"35,000","35,000",要確認,,,,,,,,,,,
,イトーヨーカドー食品館,瀬谷店,神奈川県横浜市瀬谷区中央6-15,エレベーター横,屋内（風除室含む）,場所とる,"25,000","35,000",要確認,,,,,,,,,,,
,イトーヨーカドー,湘南台店,神奈川県藤沢市石川6-2-1,バス通り側入口,屋内（風除室含む）,,,,要確認,,,,,,,,,,,
,イトーヨーカドー,湘南台店,神奈川県藤沢市石川6-2-1,平面駐車場側催事場,屋内（風除室含む）,,,,要確認,,,,,,,,,,,
,イトーヨーカドー,湘南台店,神奈川県藤沢市石川6-2-1,平面駐車場側屋外,屋外,,,,要確認,,,,,,,,,,,
,イトーヨーカドー,湘南台店,神奈川県藤沢市石川6-2-1,フードコート側レストスペース,屋内（風除室含む）,,,,要確認,,,,,,,,,,,
,イトーヨーカドー,相模原店,神奈川県相模原市南区松が枝町17-1,南側入口,屋内（風除室含む）,場所とる,"25,000","45,000",要確認,,,,,,,,,,,
,イトーヨーカドー,相模原店,神奈川県相模原市南区松が枝町17-1,食品レジ横スペース,屋内（風除室含む）,場所とる,"45,000","55,000",要確認,,,,,,,,,,,
,イトーヨーカドー,相模原店,神奈川県相模原市南区松が枝町17-1,駅側入口,屋外,場所とる,"35,000","55,000",要確認,,,,,,,,,,,
,イトーヨーカドー,相模原店,神奈川県相模原市南区松が枝町17-1,駅側入口　屋外（キッチンカー向け）,屋外,,,,要確認,,,,,,,,,,,
,イトーヨーカドー,古淵店,神奈川県相模原市南区古淵3-13-33,テラスアベニュー,屋外,,,,要確認,,,,,,,,,,,
,イトーヨーカドー,古淵店,神奈川県相模原市南区古淵3-13-33,なつつばき通り口前,屋内（風除室含む）,,,,要確認,,,,,,,,,,,
,イトーヨーカドー,古淵店,神奈川県相模原市南区古淵3-13-33,フォレストパーク口前一画,屋内（風除室含む）,場所とる,"45,000","65,000",要確認,,,,【8.15.18.25.28日は土日祝料金】【3月.5月.8月.12月は賃料増額】,,,,,,,
,イトーヨーカドー,川崎港町店,神奈川県川崎市川崎区港町12-1,パステルイタリアーノ前,屋内（風除室含む）,,,,要確認,,,,,,,,,,,
,イトーヨーカドー,川崎港町店,神奈川県川崎市川崎区港町12-1,駅側入り口,屋内（風除室含む）,,,,要確認,,,,,,,,,,,
,イトーヨーカドー,川崎港町店,神奈川県川崎市川崎区港町12-1,テナント跡地空き区画,屋内（風除室含む）,,,,要確認,,,,,,,,,,,
,イトーヨーカドー,川崎港町店,神奈川県川崎市川崎区港町12-1,国道側入口,屋外,,,,要確認,,,,,,,,,,,
,イトーヨーカドー,川崎店,神奈川県川崎市川崎区小田栄2-2-1,正面入口前　屋外（キッチンカー）,屋外,,,,実施不可,,,,,,,,,,,
,イトーヨーカドー,川崎店,神奈川県川崎市川崎区小田栄2-2-1,コージーコーナー横,屋内（風除室含む）,,,,実施不可,,,,,,,,,,,
,イトーヨーカドー,川崎店,神奈川県川崎市川崎区小田栄2-2-1,紀伊国屋書店前,屋内（風除室含む）,,,,実施不可,,,,,,,,,,,
,イトーヨーカドー,川崎店,神奈川県川崎市川崎区小田栄2-2-1,市電通り側入口,屋内（風除室含む）,,,,実施不可,,,,,,,,,,,
,イトーヨーカドー,川崎店,神奈川県川崎市川崎区小田栄2-2-1,正面入り口前(屋外),屋外,,,,実施不可,,,,,,,,,,,
,イトーヨーカドー,上永谷店,神奈川県横浜市港南区丸山台1-12,駅側入口前ポップアップショップＡ区画,屋内（風除室含む）,,,,要確認,,,,,,,,,,,
,イトーヨーカドー,上永谷店,神奈川県横浜市港南区丸山台1-12,駅側入口前ポップアップショップＢ区画,屋内（風除室含む）,,,,要確認,,,,,,,,,,,
,イトーヨーカドー,上永谷店,神奈川県横浜市港南区丸山台1-12,上りエスカレーター横,屋内（風除室含む）,場所とる,"45,000","65,000",要確認,,,,,,,,,,,
,イトーヨーカドー,上永谷店,神奈川県横浜市港南区丸山台1-12,マクドナルド横(屋外),屋外,場所とる,"35,000","55,000",要確認,,,,,,,,,,,
,イトーヨーカドー,上永谷店,神奈川県横浜市港南区丸山台1-12,正面入口(屋根あり),屋外,場所とる,"35,000","55,000",要確認,,,,,,,,,,,
,イトーヨーカドー,桂台店,神奈川県横浜市栄区桂台中15-1,コミュニティプラザ前,屋内（風除室含む）,場所とる,"25,000","45,000",要確認,,,,【8.15.18.25.28日は土日祝料金】【3月.5月.8月.12月は賃料増額】,,,,,,,
,イトーヨーカドー,小田原店,神奈川県小田原市中里296-1,店頭(屋外),屋外,,,,要確認,,,,,,,,,,,
,イトーヨーカドー,小田原店,神奈川県小田原市中里296-1,中央通路,屋内（風除室含む）,,,,要確認,,,,,,,,,,,
,イトーヨーカドー,大船店,神奈川県鎌倉市大船6-1-1,下りエスカレーター前催事場,屋内（風除室含む）,,,,実施不可,,,,,,,,,,,
,イトーヨーカドー,新百合ヶ丘店,川崎市麻生区上麻生1-4-1,薬品入口横,屋内（風除室含む）,場所とる,"35,000","55,000",要確認,,,,,,,,,,,
,そよら横浜高田,そよら横浜高田,神奈川県横浜市港北区高田西1-1-47,お問い合わせください,,,,,要確認,,,,,,,,,,,
,イトーヨーカドー,伊勢原店,神奈川県伊勢原市桜台1-8-1,平面駐車場側入口　横,屋内（風除室含む）,場所とる,"35,000","55,000",要確認,,,,【8.15.18.25.28日は土日祝料金】【3月.5月.8月.12月は賃料増額】,,,,,,,
,イトーヨーカドー,伊勢原店,神奈川県伊勢原市桜台1-8-1,エレベーター前,屋内（風除室含む）,,,,要確認,,,,,,,,,,,
,イトーヨーカドー,伊勢原店,神奈川県伊勢原市桜台1-8-1,駅側入口屋外　宝くじ売場側,屋外,,,,要確認,,,,,,,,,,,
,イトーヨーカドー,伊勢原店,神奈川県伊勢原市桜台1-8-1,フードコート前,屋内（風除室含む）,,,,要確認,,,,,,,,,,,
,イトーヨーカドー,伊勢原店,神奈川県伊勢原市桜台1-8-1,駅側入口屋外（屋根つき）,屋外,場所とる,"25,000","45,000",要確認,,,,【8.15.18.25.28日は土日祝料金】【3月.5月.8月.12月は賃料増額】,,,,,,,
,イトーヨーカドー,伊勢原店,神奈川県伊勢原市桜台1-8-1,駅側入口屋外　右側,屋外,,,,要確認,,,,,,,,,,,
,イトーヨーカドー,伊勢原店,神奈川県伊勢原市桜台1-8-1,ポッポ横,屋内（風除室含む）,場所とる,"25,000","45,000",要確認,,,,【8.15.18.25.28日は土日祝料金】【3月.5月.8月.12月は賃料増額】,,,,,,,
,ビーバートザン,小田原店,神奈川県小田原市板橋191-1,レジ前,屋内（風除室含む）,場所とる,"30,000","30,000",要確認,,,,,,,,,,,
,ビーバートザン,秦野店,神奈川県秦野市平沢1744-1,サービスカウンター横,屋内（風除室含む）,場所とる,"30,000","30,000",要確認,,,,,,,,,,,
,キャンプデポ,大和店,神奈川県大和市深見４９６－１３,お問合せください,,,,,要確認,,,,,,,,,,,
,キャンプデポ,イオン天王町店,神奈川県横浜市保土ケ谷区川辺町３－５,お問合せください,,,,,要確認,,,,,,,,,,,
,ビーバートザン,厚木店,神奈川県厚木市戸田24-1,ピロティー下,屋外,場所とる,"30,000","30,000",要確認,,,,,,,,,,,
,ビーバートザン,鶴見駒岡店,神奈川県横浜市鶴見区駒岡2-3-5,駐車場一画,屋外,場所とる,"30,000","30,000",要確認,,,,,,,,,,,
,ビーバープロ,厚木店,神奈川県厚木市戸田61-1,お問い合わせください,,,,,要確認,,,,,,,,,,,
,ビーバープロ,宮前野川店,神奈川県川崎市宮前区南野川1-35-7,お問い合わせください,,場所とる,"30,000","30,000",要確認,,,,,,,,,,,
,ビーバープロ,海老名店,神奈川県海老名市社家三丁目15番29号,お問い合わせください,,場所とる,"30,000","30,000",要確認,,,,,,,,,,,
,横浜ビブレ,横浜ビブレ,神奈川県横浜市西区南幸2-15-13,POP-UPスペース,屋内（風除室含む）,,,,実施不可,,,,,,,,,,,
,新百合丘オーパ,新百合丘オーパ,神奈川県川崎市麻生区上麻生1-1-1,カレイドプラザ(全面),屋内（風除室含む）,,,,要確認,,,,,,,,,,,
,新百合丘オーパ,新百合丘オーパ,神奈川県川崎市麻生区上麻生1-1-1,カレイドプラザ(A),屋内（風除室含む）,,,,要確認,,,,,,,,,,,
,新百合丘オーパ,新百合丘オーパ,神奈川県川崎市麻生区上麻生1-1-1,カレイドプラザ(B),屋内（風除室含む）,,,,要確認,,,,,,,,,,,
,THE OUTLETS SHONAN HIRATSUKA,THE OUTLETS SHONAN HIRATSUKA,神奈川県平塚市大神字一之堰605,ACTIVE COURT,屋外,,,,要確認,,,,,,,,,,,
,THE OUTLETS SHONAN HIRATSUKA,THE OUTLETS SHONAN HIRATSUKA,神奈川県平塚市大神字一之堰605,WEST COURT,屋外,場所とる,"508,000","1,008,000",要確認,,,,,,,,,,,
,THE OUTLETS SHONAN HIRATSUKA,THE OUTLETS SHONAN HIRATSUKA,神奈川県平塚市大神字一之堰605,EASTCOURT,屋外,場所とる,"258,000","508,000",要確認,,,,,,,,,,,
,THE OUTLETS SHONAN HIRATSUKA,THE OUTLETS SHONAN HIRATSUKA,神奈川県平塚市大神字一之堰605,BASE COURT,屋外,場所とる,"108,000","208,000",要確認,,,,,,,,,,,
,THE OUTLETS SHONAN HIRATSUKA,THE OUTLETS SHONAN HIRATSUKA,神奈川県平塚市大神字一之堰605,LOUNGE COURT,屋外,場所とる,"108,000","208,000",要確認,,,,,,,,,,,
,THE OUTLETS SHONAN HIRATSUKA,THE OUTLETS SHONAN HIRATSUKA,神奈川県平塚市大神字一之堰605,GATE COURT,屋外,,,,要確認,,,,,,,,,,,
,THE OUTLETS SHONAN HIRATSUKA,THE OUTLETS SHONAN HIRATSUKA,神奈川県平塚市大神字一之堰605,VILLAGEスクエア,屋外,場所とる,"88,000","158,000",要確認,,,,,,,,,,,
,ワールドポーターズビブレ,ワールドポーターズビブレ,神奈川県横浜市中区新港二丁目2番1号,観覧車側ゲート,屋外,,,,要確認,,,,,,,,,,,
,ワールドポーターズビブレ,ワールドポーターズビブレ,神奈川県横浜市中区新港二丁目2番1号,汽車道側正面ゲート,屋内（風除室含む）,,,,要確認,,,,,,,,,,,
,松竹大船ショッピングセンター,松竹大船ショッピングセンター,神奈川県鎌倉市大船6-1-1,エスカレーター登り口前,屋外,,,,要確認,,,,,,,,,,,
,松竹大船ショッピングセンター,松竹大船ショッピングセンター,神奈川県鎌倉市大船6-1-1,ブックオフ正面入口横,屋外,,,,要確認,,,,,,,,,,,
,松竹大船ショッピングセンター,松竹大船ショッピングセンター,神奈川県鎌倉市大船6-1-1,C区画C棟渡り廊下,屋内（風除室含む）,,,,要確認,,,,,,,,,,,
,松竹大船ショッピングセンター,松竹大船ショッピングセンター,神奈川県鎌倉市大船6-1-1,C区画C棟2階渡廊,屋内（風除室含む）,,,,要確認,,,,,,,,,,,
,松竹大船ショッピングセンター,松竹大船ショッピングセンター,神奈川県鎌倉市大船6-1-1,らせん階段前,屋内（風除室含む）,,,,要確認,,,,,,,,,,,
,松竹大船ショッピングセンター,松竹大船ショッピングセンター,神奈川県鎌倉市大船6-1-1,エントランス大,屋内（風除室含む）,,,,要確認,,,,,,,,,,,
,松竹大船ショッピングセンター,松竹大船ショッピングセンター,神奈川県鎌倉市大船6-1-1,エントランス小,,,,,要確認,,,,,,,,,,,
,松竹大船ショッピングセンター,松竹大船ショッピングセンター,神奈川県鎌倉市大船6-1-1,エントランス区画全面,屋内（風除室含む）,,,,要確認,,,,,,,,,,,
,松竹大船ショッピングセンター,松竹大船ショッピングセンター,神奈川県鎌倉市大船6-1-1,エスカレーター下,屋外,,,,要確認,,,,,,,,,,,
,ミウィ橋本,ミウィ橋本,神奈川県相模原市緑区橋本3-28-1,エスカレータ横（織部前）,屋内（風除室含む）,,,,要確認,,,,,,,,,,,
,ボーノ相模大野,ボーノ相模大野,神奈川県相模原市南区相模大野3丁目2番（ショッピングセンター/ノースモール）相模大野3丁目3番（サウスモール）,インフォメーション横,屋内（風除室含む）,,,,要確認,,,,,,,,,,,
,アツギトレリス,アツギトレリス,神奈川県厚木市戸室5-31-1,エスカレーター横,屋内（風除室含む）,場所とる,"48,000","48,000",要確認,,,,,,,,,,,
,アツギトレリス,アツギトレリス,神奈川県厚木市戸室5-31-1,C区画,屋内（風除室含む）,,,,要確認,,,,,,,,,,,
,アツギトレリス,アツギトレリス,神奈川県厚木市戸室5-31-1,正面入口横,屋内（風除室含む）,場所とる,"48,000","48,000",要確認,,,,,,,,,,,
,フレスポ,茅ヶ崎,神奈川県茅ヶ崎市矢畑620-1,お問い合わせください,,,,,要確認,,,,,,,,,,,
,東急プラザ,戸塚,神奈川県横浜市戸塚区戸塚町16番地1,エスカレーター横,屋内（風除室含む）,,,,要確認,,,,,,,,,,,
,アピタ,長津田店,神奈川県横浜市緑区長津田みなみ台4丁目7-1,エレベーター前,屋内（風除室含む）,場所とる,"55,000","55,000",要確認,,,,,,,,,,,
,フードワン,淵野辺店,神奈川県相模原市中央区淵野辺2-6-30,店頭軒下,屋外,,,,要確認,,,,,,,,,,,
,サードプラネット,CUBEPARK（横浜本店）,神奈川県横浜市都筑区中川中央1-25-1 ノースポート・モール6F,お問い合わせ下さい,,,,,要確認,,,,,,,,,,,
,いせはらcoma,いせはらcoma,神奈川県伊勢原市桜台1丁目33,正面入口風除室,屋内（風除室含む）,場所とる,"55,000","55,000",要確認,,,,,,,,,,,
,ユナイテッドシネマSTYLE－S,みなとみらい,神奈川県横浜市西区みなとみらい3-5-1 MARK IS みなとみらい内,館内ロビー,屋内（風除室含む）,場所とる,"55,000","90,000",要確認,,,,,,,,,,,
,TSUTAYA,日吉本町店,神奈川県横浜市港北区日吉本町4-27-1,お問い合わせください,,,,,要確認,,,,,,,,,,,
,TSUTAYA,大師店,神奈川県川崎市川崎区池上新町2-1-1,お問い合わせください,,,,,要確認,,,,,,,,,,,
,TSUTAYA,相模大野店,神奈川県相模原市南区相模大野5-30-6,お問い合わせください,,,,,要確認,,,,,,,,,,,
,TSUTAYA,鹿島田店,神奈川県川崎市幸区新塚越201ルリエ新川崎 2F,お問い合わせください,,,,,要確認,,,,,,,,,,,
,TSUTAYA,上大岡店,神奈川県横浜市港南区上大岡西 1-16-15,お問い合わせ下さい,,,,,要確認,,,,,,,,,,,
,TSUTAYA,阪東橋店,神奈川県横浜市中区曙町5-64Ｋビル 1F,お問い合わせください,,,,,要確認,,,,,,,,,,,
,TSUTAYA,溝の口駅前店,"神奈川県川崎市高津区溝口1-9-5杉崎ビル 2F,3F",お問い合わせください,,,,,要確認,,,,,,,,,,,
,TSUTAYA,下瀬谷店,神奈川県横浜市瀬谷区下瀬谷2-18-13,お問い合わせください,,,,,要確認,,,,,,,,,,,
,TSUTAYA,横須賀粟田店,神奈川県横須賀市粟田2-6-6,お問い合わせください,,,,,要確認,,,,,,,,,,,
,TSUTAYA,茅ヶ崎駅前店,神奈川県茅ヶ崎市元町2-3G.C.CHIGASAKI 3F,お問い合わせください,,,,,要確認,,,,,,,,,,,
,TSUTAYA,はまりん横浜駅店,神奈川県横浜市西区南幸1-9市営地下鉄横浜駅構内（地下1階）,お問い合わせください,,,,,要確認,,,,,,,,,,,
,TSUTAYA,フレスポ小田原シティーモール店,神奈川県小田原市前川120番地,お問い合わせください,,,,,要確認,,,,,,,,,,,
,MMテラス,MMテラス,神奈川県横浜市西区みなとみらい4丁目6番2号,お問い合わせ下さい,,,,,要確認,,,,,,,,,,,
,Luz湘南辻堂,Luz湘南辻堂,神奈川県藤沢市辻堂神台1丁目2番12号,お問い合わせ下さい,,,,,要確認,,,,,,,,,,,
,HaRuNe小田原,HaRuNe小田原,神奈川県小田原市栄町1-1-7,錦通側出入口付近,屋内（風除室含む）,,,,要確認,,,,,,,,,,,
,HaRuNe小田原,HaRuNe小田原,神奈川県小田原市栄町1-1-7,うめまる広場,屋内（風除室含む）,,,,要確認,,,,,,,,,,,
,HaRuNe小田原,HaRuNe小田原,神奈川県小田原市栄町1-1-7,ハルネ広場,屋内（風除室含む）,,,,要確認,,,,,,,,,,,
,HaRuNe小田原,HaRuNe小田原,神奈川県小田原市栄町1-1-7,小田原駅側階段横,,,,,要確認,,,,,,,,,,,
,ユーコープ,ユーコープハーモス荏田,横浜市青葉区荏田西2丁目14-3,地下1階　階段付近,屋内（風除室含む）,場所とる,"23,000","23,000",要確認,,,,,,,,,,,
,ユーコープ,ユーコープハーモス座間,座間市立野台1-19-1,入口付近,屋内（風除室含む）,場所とる,"23,000","23,000",要確認,,,,,,,,,,,
,ユーコープ,ユーコープハーモス深谷,横浜市戸塚区深谷町1055-1,イートインスペース横,屋内（風除室含む）,場所とる,"23,000","23,000",要確認,,,,,,,,,,,
,ユーコープ,ユーコープミアクチーナ湘南辻堂駅前,藤沢市辻堂神台1-3-32,駅側入口レストスペース,屋内（風除室含む）,場所とる,"23,000","23,000",要確認,,,,【毎月25日は催事不可】,,,,,,,
,ユーコープ,ユーコープミアクチーナ上今泉,海老名市上今泉3丁目1-6,イートインスペース横,屋内（風除室含む）,場所とる,"23,000","23,000",要確認,,,,,,,,,,,
,ユーコープ,ユーコープミアクチーナ秦野曽屋,秦野市曽屋687-31,空きテナント区画(クリーニング屋跡地),屋内（風除室含む）,場所とる,"23,000","23,000",要確認,,,,,,,,,,,
,ユーコープ,ユーコープミアクチーナ長後駅前,藤沢市下土棚461-1,レジ後方,屋内（風除室含む）,場所とる,"23,000","23,000",要確認,,,,,,,,,,,
,ユーコープ,ユーコープミアクチーナ鶴巻,秦野市鶴巻南1-19-3,サッカー台付近(階段脇),屋内（風除室含む）,場所とる,"23,000","23,000",要確認,,,,,,,,,,,
,ユーコープ,ユーコープミアクチーナ南林間,大和市南林間5丁目9-1,正面入り口右側,屋内（風除室含む）,場所とる,"23,000","23,000",要確認,,,,,,,,,,,
,ユーコープ,ユーコープミアクチーナ並木あおば,相模原市中央区並木3丁目3-1,入口付近,屋内（風除室含む）,場所とる,"23,000","23,000",要確認,,,,,,,,,,,
,ユーコープ,ユーコープミアクチーナ末吉,横浜市鶴見区上末吉2丁目12-24,イートインスペース横,屋内（風除室含む）,場所とる,"23,000","23,000",要確認,,,,,,,,,,,
,ユーコープ,ユーコープ井田三舞,川崎市中原区井田三舞町10-1,1階　イートインスペース,屋内（風除室含む）,場所とる,"23,000","23,000",要確認,,,,【第二月曜日催事不可】,,,,,,,
,ユーコープ,ユーコープ丸山台,横浜市港南区丸山台4丁目8-25,店頭軒下,屋外,場所とる,"23,000","23,000",要確認,,,,,,,,,,,
,ユーコープ,ユーコープ岩戸,横須賀市岩戸2丁目1-1,店内スペース（コピー機前）,屋内（風除室含む）,場所とる,"23,000","23,000",要確認,,,,,,,,,,,
,ユーコープ,ユーコープ厚木戸室,厚木市戸室5丁目6-1,サッカー台付近,屋内（風除室含む）,場所とる,"23,000","23,000",要確認,,,,,,,,,,,
,ユーコープ,ユーコープ寺尾台,川崎市多摩区寺尾台1-16 マートルコート読売ランド前1F,サッカー台付近,屋内（風除室含む）,場所とる,"23,000","23,000",要確認,,,,,,,,,,,
,ユーコープ,ユーコープ湘南台,藤沢市円行2丁目10-1,セリア前通路,屋内（風除室含む）,場所とる,"23,000","23,000",要確認,,,,,,,,,,,
,ユーコープ,ユーコープ上郷,横浜市栄区上郷町1373,2階　階段脇,屋内（風除室含む）,場所とる,"23,000","23,000",要確認,,,,,,,,,,,
,ユーコープ,ユーコープ神大寺,横浜市神奈川区神大寺2丁目41-1,2階　ダイソー前,屋内（風除室含む）,場所とる,"23,000","23,000",要確認,,,,,,,,,,,
,ユーコープ,ユーコープ杉田,横浜市磯子区杉田7丁目13-1,サービスカウンター付近,屋内（風除室含む）,場所とる,"23,000","23,000",要確認,,,,,,,,,,,
,ユーコープ,ユーコープ菅,川崎市多摩区菅5丁目13-3,サッカー台付近,屋内（風除室含む）,場所とる,"23,000","23,000",要確認,,,,,,,,,,,
,ユーコープ,ユーコープ菅,川崎市多摩区菅5丁目13-3,駐車場スペース（軒下）,屋外,場所とる,"23,000","23,000",要確認,,,,,,,,,,,
,ユーコープ,ユーコープ西鎌倉,鎌倉市西鎌倉1-21-18,2階　エスカレーター前,屋内（風除室含む）,場所とる,"23,000","23,000",要確認,,,,,,,,,,,
,ユーコープ,ユーコープ大谷,海老名市大谷北4丁目1-17,3階　イートインスペース,屋内（風除室含む）,場所とる,"23,000","23,000",要確認,,,,,,,,,,,
,ユーコープ,ユーコープ竹山,横浜市緑区鴨居6丁目1-11,レジ前催事コーナー,屋内（風除室含む）,場所とる,"23,000","23,000",要確認,,,,,,,,,,,
,ユーコープ,ユーコープ中原,平塚市中原3丁目20-5,催事スペース,屋内（風除室含む）,場所とる,"23,000","23,000",要確認,,,,,,,,,,,
,ユーコープ,ユーコープ中田,横浜市泉区中田東4丁目1-1,入口付近,屋内（風除室含む）,場所とる,"23,000","23,000",要確認,,,,,,,,,,,
,ユーコープ,ユーコープ東戸塚駅前,神奈川県横浜市戸塚区川上町,,屋内（風除室含む）,場所とる,"23,000","23,000",実施不可,,,,,,,,,,,
,ユーコープ,ユーコープ鳶尾,厚木市鳶尾2丁目25-9,コピー機横,屋内（風除室含む）,場所とる,"23,000","23,000",要確認,,,,,,,,,,,
,ユーコープ,ユーコープ日限山,横浜市港南区日限山3丁目42-1,2階　階段付近,屋内（風除室含む）,場所とる,"23,000","23,000",要確認,,,,,,,,,,,
,ユーコープ,ユーコープ萩丸,横浜市泉区和泉中央南1-40-22,1階　サッカー台後ろ,屋内（風除室含む）,場所とる,"23,000","23,000",要確認,,,,,,,,,,,
,ユーコープ,ユーコープ白根,横浜市旭区白根4丁目32-1,美容室横,屋内（風除室含む）,場所とる,"23,000","23,000",要確認,,,,,,,,,,,
,ユーコープ,ユーコープ舞岡,横浜市戸塚区南舞岡2丁目17-22,1階　入口付近,屋内（風除室含む）,場所とる,"23,000","23,000",要確認,,,,,,,,,,,
,ユーコープ,ユーコープ片倉,横浜市神奈川区片倉1-16-3,イートインコーナー横,屋内（風除室含む）,場所とる,"23,000","23,000",要確認,,,,【毎月第四土曜日は開催不可】,,,,,,,
,ユーコープ,ユーコープ洋光台,横浜市磯子区洋光台5丁目10-4,1階　店頭軒下,屋外,場所とる,"23,000","23,000",要確認,,,,,,,,,,,
,ユニディ,ユニディ湘南平塚,"平塚市久領堤1-2",催事スペース,屋内（風除室含む）,場所とる,"25,000","30,000",要確認,,,,【商材により賃料変動あり】,,,,,,,
,ユニディ,ユニディ湘南平塚,"平塚市久領堤1-2",催事スペース,屋外,場所とる,"9,000","11,000",要確認,,,,,,,,,,,
,ユニディ,ユニディ相模大野,相模原市南区上鶴間1-15-1,1階　階段前,屋内（風除室含む）,場所とる,"22,000","27,000",要確認,,,,【商材により賃料変動あり】,,,,,,,
,ユニディ,ユニディ相模大野,相模原市南区上鶴間1-15-1,2階　エレベーターホール,屋内（風除室含む）,場所とる,"25,000","30,000",要確認,,,,【商材により賃料変動あり】,,,,,,,
,ユニディ,ユニディ相模大野,相模原市南区上鶴間1-15-1,1階　催事スペース,屋外,場所とる,"15,000","17,000",要確認,,,,,,,,,,,
,FUJIスーパー,上大岡店,神奈川県横浜市港南区上大岡西1-16-23,店頭 100円ショップ側,屋外,場所とる,"45,000","45,000",要確認,,,,,,,,,,,
,FUJIスーパー,野庭店,神奈川県横浜市港南区野庭町642-4,店頭スペース,屋外,,,,要確認,,,,,,,,,,,
,FUJIスーパー,根岸橋店,神奈川県横浜市磯子区丸山2丁目16-18,店頭スペース,屋外,,,,要確認,,,,,,,,,,,
,FUJIスーパー,上中里店,神奈川県横浜市磯子区上中里町795,店頭スペース,屋外,,,,要確認,,,,,,,,,,,
,FUJIスーパー,橋戸店,神奈川県横浜市瀬谷区橋戸2-36-1,店頭軒下,屋外,,,,要確認,,,,,,,,,,,
,FUJIスーパー,橋戸店,神奈川県横浜市瀬谷区橋戸2-36-1,エレベーター前,屋内（風除室含む）,,,,要確認,,,,,,,,,,,
,FUJIスーパー,寒川店,寒川町岡田1-14-5,２Fイートインコーナー,屋内（風除室含む）,場所とる,"35,000","35,000",要確認,,,,,,,,,,,
,FUJIスーパー,新桜ケ丘店,横浜市保土ケ谷区新桜ケ丘2-40-8,店頭軒下,屋外,場所とる,"35,000","35,000",要確認,,,,,,,,,,,
,FUJIスーパー,天神橋店,神奈川県横浜市栄区公田町 1638,店頭スペース,屋外,,,,要確認,,,,,,,,,,,
,FUJIスーパー,小菅ケ谷店,神奈川県横浜市栄区小菅ケ谷1-27-33,店頭スペース,屋外,,,,要確認,,,,,,,,,,,
,FUJIスーパー,新井町店,神奈川県横浜市保土ヶ谷区新井町565-1,店頭スペース,屋外,,,,要確認,,,,,,,,,,,
,FUJIスーパー,横浜南店,神奈川県横浜市南区南太田1-21-6,1Ｆ店頭(ｴﾚﾍﾞｰﾀ-側）,屋外,場所とる,"35,000","35,000",要確認,,,,,,,,,,,
,FUJIスーパー,菅田店,神奈川県横浜市神奈川区菅田町1793番地,店頭スペース,屋外,場所とる,"35,000","35,000",要確認,,,,,,,,,,,
,FUJIスーパー,上野川店,神奈川県川崎市宮前区西野川 1-33-44,エレベーター横,屋内（風除室含む）,,,,要確認,,,,,,,,,,,
,FUJIスーパー,五月台店,神奈川県川崎市麻生区五力田 2-4-2,店頭スペース,屋外,,,,要確認,,,,,,,,,,,
,FUJIスーパー,佐原店,神奈川県横須賀市佐原 1-7-3,店頭スペース,屋外,,,,要確認,,,,,,,,,,,
,FUJIスーパー,三崎店,神奈川県三浦市原町 16-4,店内スペース,屋内（風除室含む）,,,,要確認,,,,,,,,,,,
,FUJIスーパー,三崎店,神奈川県三浦市原町 16-4,店頭スペース,屋外,,,,要確認,,,,,,,,,,,
,FUJIスーパー,鶴嶺店,神奈川県茅ヶ崎市浜之郷700,店内スペース,屋内（風除室含む）,,,,要確認,,,,,,,,,,,
,FUJIスーパー,鶴嶺店,神奈川県茅ヶ崎市浜之郷700,店頭スペース,屋外,場所とる,"35,000","35,000",要確認,,,,,,,,,,,
,FUJIスーパー,松が丘店,神奈川県茅ヶ崎市松が丘2-13-56,店頭スペース,屋外,,,,要確認,,,,,,,,,,,
,FUJIスーパー,鵠沼店,神奈川県藤沢市鵠沼海岸5丁目2-22,店頭スペース,屋外,場所とる,"35,000","35,000",要確認,,,,,,,,,,,
,FUJIスーパー,善行店,神奈川県藤沢市善行坂1-3-17,休憩スペース一画,屋内（風除室含む）,場所とる,"35,000","35,000",要確認,,,,,,,,,,,
,FUJIスーパー,鵠沼藤が谷店,神奈川県藤沢市鵠沼藤が谷2-14-10,店内スペース,屋内（風除室含む）,,,,要確認,,,,,,,,,,,
,FUJIスーパー,大船店,神奈川県鎌倉市台 3-3-13,店内スペース,屋内（風除室含む）,,,,要確認,,,,,,,,,,,
,FUJIスーパー,戸室店,神奈川県厚木市戸室 1-30-1,サービスカウンター前,屋内（風除室含む）,,,,要確認,,,,,,,,,,,
,FUJIスーパー,倉見店,神奈川県高座郡寒川町倉見 1031,店頭スペース,屋外,場所とる,"35,000","35,000",要確認,,,,,,,,,,,
,FUJIスーパー,徳延店,神奈川県平塚市徳延715-1,FUJIスーパー徳延店,屋外,,,,要確認,,,,,,,,,,,
,FUJIスーパー,塚原店,神奈川県南足柄市塚原 2682-1,店頭スペース,屋外,場所とる,"35,000","35,000",要確認,,,,,,,,,,,
,FUJIスーパー,野比店,神奈川県横須賀市野比 1-39-8,サービスカウンター付近,屋内（風除室含む）,場所とる,"35,000","35,000",要確認,,,,【毎月1日～2日・18日～月末は催事不可】,,,,,,,
,FUJIスーパー,北久里浜店,神奈川県横須賀市根岸町 3-15-7,店頭スペース,屋外,場所とる,"35,000","35,000",要確認,,,,,,,,,,,
,FUJIスーパー,伊勢町店,神奈川県横浜市西区伊勢町1-74,店頭スペース,屋外,,,,要確認,,,,,,,,,,,
,湘南モールフィル,湘南モールフィル,神奈川県藤沢市辻堂新町4丁目1--1,ＡＢＣマート前,屋内（風除室含む）,,,,実施不可,,,,,,,,,,,
,湘南モールフィル,湘南モールフィル,神奈川県藤沢市辻堂新町4丁目1--1,エスカレーター前,屋内（風除室含む）,,,,実施不可,,,,,,,,,,,
,湘南モールフィル,湘南モールフィル,神奈川県藤沢市辻堂新町4丁目1--1,サンワ前,屋内（風除室含む）,,,,実施不可,,,,,,,,,,,
,湘南モールフィル,湘南モールフィル,神奈川県藤沢市辻堂新町4丁目1--1,くまざわ書店前,屋内（風除室含む）,,,,実施不可,,,,,,,,,,,
,湘南モールフィル,湘南モールフィル,神奈川県藤沢市辻堂新町4丁目1--1,サンワ前エスカレーター横,屋内（風除室含む）,,,,実施不可,,,,,,,,,,,
,湘南モールフィル,湘南モールフィル,神奈川県藤沢市辻堂新町4丁目1--1,マツモトキヨシ前,屋内（風除室含む）,,,,実施不可,,,,,,,,,,,
,湘南モールフィル,湘南モールフィル,神奈川県藤沢市辻堂新町4丁目1--1,星の広場,屋内（風除室含む）,,,,実施不可,,,,,,,,,,,
,湘南モールフィル,湘南モールフィル,神奈川県藤沢市辻堂新町4丁目1--1,中央階段上,屋内（風除室含む）,,,,実施不可,,,,,,,,,,,
,湘南モールフィル,湘南モールフィル,神奈川県藤沢市辻堂新町4丁目1--1,ＵＱスポット前,屋内（風除室含む）,,,,実施不可,,,,,,,,,,,
,湘南モールフィル,湘南モールフィル,神奈川県藤沢市辻堂新町4丁目1--1,グリーンパークストピック前,屋内（風除室含む）,,,,実施不可,,,,,,,,,,,
,湘南モールフィル,湘南モールフィル,神奈川県藤沢市辻堂新町4丁目1--1,モンサック前,屋内（風除室含む）,,,,実施不可,,,,,,,,,,,
,港北TOKYU S.C.,港北TOKYU S.C.,神奈川県横浜市都筑区茅ケ崎中央５番１号,エスカレーター前大(カルディ横),屋外,,,,要確認,,,,,,,,,,,
,港北TOKYU S.C.,港北TOKYU S.C.,神奈川県横浜市都筑区茅ケ崎中央５番１号,エスカレーター前小(カルディ横),屋外,,,,要確認,,,,,,,,,,,
,ルララ,港北,神奈川県横浜市都筑区中川中央2-2-1,オーケー前区画,屋内（風除室含む）,,,,実施不可,,,,,,,,,,,
,三和,麻溝店,神奈川県相模原市南区下溝598-1,エスカレーター付近,屋内（風除室含む）,,,,要確認,,,,,,,,,,,
,三和,麻溝店,神奈川県相模原市南区下溝598-1,サッカー台スペース,屋内（風除室含む）,,,,要確認,,,,,,,,,,,
,三和,座間東原店,神奈川県座間市東原1-13-2,店頭軒下,屋外,,,,要確認,,,,,,,,,,,
,三和,アメリア三和寒川店,神奈川県高座郡寒川町岡田5丁目17-1,B棟空きテナント区画,,,,,要確認,,,,,,,,,,,
,三和,アメリア三和寒川店,神奈川県高座郡寒川町岡田5丁目17-1,メイン入口横,屋内（風除室含む）,,,,要確認,,,,,,,,,,,
,三和,アメリア三和寒川店,神奈川県高座郡寒川町岡田5丁目17-1,店頭軒下(階段前),屋外,,,,要確認,,,,,,,,,,,
,フードワン,厚木長谷店,神奈川県厚木市長谷6-20,メイン入口横,屋内（風除室含む）,,,,要確認,,,,,,,,,,,
,フードワン,厚木長谷店,神奈川県厚木市長谷6-20,店頭軒なし,屋外,,,,要確認,,,,,,,,,,,
,三和,百合ヶ丘店,神奈川県川崎市麻生区百合丘2-3-1,店頭軒下,屋内（風除室含む）,,,,要確認,,,,,,,,,,,
,三和,富士見店,神奈川県相模原市中央区富士見6-5-7,店頭軒下,屋外,,,,要確認,,,,,,,,,,,
,三和,相模が丘店,神奈川県座間市相模が丘6-25-2,店頭軒下,屋外,,,,要確認,,,,,,,,,,,
,フードワン,田奈店,神奈川県横浜市青葉区田奈町46-8,店頭軒下,屋外,,,,要確認,,,,,,,,,,,
,フードワン,田奈店,神奈川県横浜市青葉区田奈町46-8,駐車場側駐輪場,屋外,,,,要確認,,,,,,,,,,,
,フードワン,矢部店,神奈川県相模原市中央区矢部3-2-1,入口横,屋内（風除室含む）,,,,要確認,,,,,,,,,,,
,フードワン,矢部店,神奈川県相模原市中央区矢部3-2-1,メイン入口横（エレベーター前）,屋内（風除室含む）,,,,要確認,,,,,,,,,,,
,フードワン,海老名店,神奈川県海老名市本郷1568-1,休憩スペース横,屋内（風除室含む）,,,,要確認,,,,,,,,,,,
,フレスポ,小田原シティーモール,神奈川県小田原市前川120,南館2Fエントランス,屋内（風除室含む）,,,,要確認,,,,,,,,,,,
,フレスポ,小田原シティーモール,神奈川県小田原市前川120,北館1F柱回り③,屋内（風除室含む）,,,,要確認,,,,,,,,,,,
,フレスポ,小田原シティーモール,神奈川県小田原市前川120,南館1Fエントランス（スルガ前）,屋内（風除室含む）,,,,要確認,,,,,,,,,,,
,フレスポ,小田原シティーモール,神奈川県小田原市前川120,南館1F屋外スペース（クレープデリ横）,屋外,,,,要確認,,,,,,,,,,,
,フレスポ,小田原シティーモール,神奈川県小田原市前川120,北館1F柱周り①②,屋内（風除室含む）,,,,要確認,,,,,,,,,,,
,フレスポ,小田原シティーモール,神奈川県小田原市前川120,南館1Fエントランス(ヤオマサ前),屋内（風除室含む）,,,,要確認,,,,,,,,,,,
,フレスポ,小田原シティーモール,神奈川県小田原市前川120,南館1F屋外スペース（スロープ下）,屋内（風除室含む）,,,,要確認,,,,,,,,,,,
,フレスポ,小田原シティーモール,神奈川県小田原市前川120,北館1F柱回り②③,屋内（風除室含む）,,,,要確認,,,,,,,,,,,
,フレスポ,小田原シティーモール,神奈川県小田原市前川120,北館1Fエントランス・柱回り①,屋内（風除室含む）,,,,要確認,,,,,,,,,,,
,フレスポ,小田原シティーモール,神奈川県小田原市前川120,北館1F屋外スペース①,屋外,,,,要確認,,,,,,,,,,,
,フレスポ,小田原シティーモール,神奈川県小田原市前川120,北館1Fエントランス・柱回り①②③,屋内（風除室含む）,,,,要確認,,,,,,,,,,,
,フレスポ,小田原シティーモール,神奈川県小田原市前川120,南館1F屋外スペース(ヤオマサ前②),屋外,,,,要確認,,,,,,,,,,,
,フレスポ,小田原シティーモール,神奈川県小田原市前川120,北館1F屋外スペース②,屋外,,,,要確認,,,,,,,,,,,
,フレスポ,小田原シティーモール,神奈川県小田原市前川120,北館1F柱周り①②③,屋内（風除室含む）,,,,要確認,,,,,,,,,,,
,フレスポ,小田原シティーモール,神奈川県小田原市前川120,南館駐車場出入口,屋内（風除室含む）,,,,要確認,,,,,,,,,,,
,フレスポ,小田原シティーモール,神奈川県小田原市前川120,北館1Fエントランス,屋内（風除室含む）,,,,要確認,,,,,,,,,,,
,フレスポ,小田原シティーモール,神奈川県小田原市前川120,南館1F屋外スペース（エスポット前）,屋外,,,,要確認,,,,,,,,,,,
,フレスポ,小田原シティーモール,神奈川県小田原市前川120,北館1F柱回り①,屋内（風除室含む）,,,,要確認,,,,,,,,,,,
,フレスポ,小田原シティーモール,神奈川県小田原市前川120,南館2Fエントランス（管理事務所前）,屋内（風除室含む）,,,,要確認,,,,,,,,,,,
,フレスポ,小田原シティーモール,神奈川県小田原市前川120,南側1Fエントランス,屋内（風除室含む）,,,,要確認,,,,,,,,,,,
,フレスポ,小田原シティーモール,神奈川県小田原市前川120,北館1F柱回り②,屋内（風除室含む）,,,,要確認,,,,,,,,,,,
,フレスポ,小田原シティーモール,神奈川県小田原市前川120,南館中央公園喫煙所,屋外,,,,要確認,,,,,,,,,,,
,ビッグ・エー,横浜岡津町店,神奈川県横浜市泉区岡津町121-1,店舗側面,屋外,,,,要確認,,,,,,,,,,,
,ビッグ・エー,横浜本郷台店,神奈川県横浜市栄区本郷台2-31-26,店頭広場,屋外,,,,要確認,,,,,,,,,,,
,ビッグ・エー,横浜桂台店,神奈川県横浜市青葉区桂台2-4-1,店頭スペース,屋外,,,,要確認,,,,,,,,,,,
,ビッグ・エー,相模原小町通店,神奈川県相模原市中央区小町通1-12-25,店頭,屋外,,,,要確認,,,,,,,,,,,
,横浜赤レンガ倉庫,横浜赤レンガ倉庫,神奈川県横浜市中区新港1-1,赤レンガ倉庫1号館側イベント広場付近,屋外,,,,要確認,,,,,,,,,,,
,横浜赤レンガ倉庫,横浜赤レンガ倉庫,神奈川県横浜市中区新港1-1,赤レンガ倉庫2号館側イベント広場付近,屋外,,,,要確認,,,,,,,,,,,
,ららぽーと,海老名,神奈川県海老名市扇町13-1,レストランゾーン吹き抜け,屋内（風除室含む）,,,,実施不可,,,,,,,,,,,
,ららぽーと,海老名,神奈川県海老名市扇町13-1,西側エスカレーター前,屋内（風除室含む）,,,,実施不可,,,,,,,,,,,
,ららぽーと,海老名,神奈川県海老名市扇町13-1,東南通路,屋内（風除室含む）,,,,実施不可,,,,,,,,,,,
,ららぽーと,海老名,神奈川県海老名市扇町13-1,東側エスカレーター前B,屋内（風除室含む）,,,,実施不可,,,,,,,,,,,
,ららぽーと,海老名,神奈川県海老名市扇町13-1,EBICEN flatt,屋内（風除室含む）,,,,実施不可,,,,,,,,,,,
,ららぽーと,海老名,神奈川県海老名市扇町13-1,北側エスカレーター前C,屋内（風除室含む）,,,,実施不可,,,,,,,,,,,
,ららぽーと,海老名,神奈川県海老名市扇町13-1,南西通路,屋内（風除室含む）,,,,実施不可,,,,,,,,,,,
,ららぽーと,海老名,神奈川県海老名市扇町13-1,北側エスカレーター前B,屋内（風除室含む）,,,,実施不可,,,,,,,,,,,
,ららぽーと,海老名,神奈川県海老名市扇町13-1,広場口エントランス前,屋内（風除室含む）,,,,実施不可,,,,,,,,,,,
,ららぽーと,海老名,神奈川県海老名市扇町13-1,北側エスカレーター前B,屋内（風除室含む）,,,,実施不可,,,,,,,,,,,
,ららぽーと,海老名,神奈川県海老名市扇町13-1,北側エスカレーター前A,屋内（風除室含む）,,,,実施不可,,,,,,,,,,,
,ららぽーと,海老名,神奈川県海老名市扇町13-1,西側エスカレーター前,屋内（風除室含む）,,,,実施不可,,,,,,,,,,,
,ららぽーと,海老名,神奈川県海老名市扇町13-1,北側エスカレーター前A,屋内（風除室含む）,,,,実施不可,,,,,,,,,,,
,ららぽーと,海老名,神奈川県海老名市扇町13-1,北側エスカレーター前B,屋内（風除室含む）,,,,実施不可,,,,,,,,,,,
,ららぽーと,海老名,神奈川県海老名市扇町13-1,広場口エントランス横,屋内（風除室含む）,,,,実施不可,,,,,,,,,,,
,ららぽーと,海老名,神奈川県海老名市扇町13-1,東側エスカレーター前,屋内（風除室含む）,,,,実施不可,,,,,,,,,,,
,ららぽーと,海老名,神奈川県海老名市扇町13-1,北側エスカレーター前B,屋内（風除室含む）,,,,実施不可,,,,,,,,,,,
,ららぽーと,海老名,神奈川県海老名市扇町13-1,西側エスカレーター前,屋内（風除室含む）,,,,実施不可,,,,,,,,,,,
,ららぽーと,海老名,神奈川県海老名市扇町13-1,EBICEN flatto 前,屋内（風除室含む）,,,,実施不可,,,,,,,,,,,
,ららぽーと,海老名,神奈川県海老名市扇町13-1,南側エスカレーター前,屋内（風除室含む）,,,,実施不可,,,,,,,,,,,
,ららぽーと,海老名,神奈川県海老名市扇町13-1,北側エスカレーター前D,屋内（風除室含む）,,,,実施不可,,,,,,,,,,,
,ららぽーと,海老名,神奈川県海老名市扇町13-1,北側エスカレーター前A,屋内（風除室含む）,,,,実施不可,,,,,,,,,,,
,ららぽーと,海老名,神奈川県海老名市扇町13-1,南側エスカレーター前,屋内（風除室含む）,,,,実施不可,,,,,,,,,,,
,ららぽーと,海老名,神奈川県海老名市扇町13-1,北側エスカレーター前C,屋内（風除室含む）,,,,実施不可,,,,,,,,,,,
,ららぽーと,海老名,神奈川県海老名市扇町13-1,北側エスカレーター前A,屋内（風除室含む）,,,,実施不可,,,,,,,,,,,
,ららぽーと,海老名,神奈川県海老名市扇町13-1,北東通路,屋内（風除室含む）,,,,実施不可,,,,,,,,,,,
,ららぽーと,海老名,神奈川県海老名市扇町13-1,東側エスカレーター前A,屋内（風除室含む）,,,,実施不可,,,,,,,,,,,
,テラスモール,湘南,神奈川県藤沢市辻堂神台1丁目3番1号,１F北アトリウム,屋内（風除室含む）,場所とる,"208,000","408,000",要確認,,,,,,,,,,,
,テラスモール,湘南,神奈川県藤沢市辻堂神台1丁目3番1号,３F共有通路,屋内（風除室含む）,場所とる,"48,000","68,000",要確認,,,,,,,,,,,
,テラスモール,湘南,神奈川県藤沢市辻堂神台1丁目3番1号,４F共有通路,屋内（風除室含む）,場所とる,"48,000","68,000",要確認,,,,,,,,,,,
,テラスモール,湘南,神奈川県藤沢市辻堂神台1丁目3番1号,ヴィレッジ北,屋外,場所とる,"48,000","68,000",要確認,,,,,,,,,,,
,テラスモール,湘南,神奈川県藤沢市辻堂神台1丁目3番1号,ヴィレッジ南,屋外,場所とる,"108,000","208,000",要確認,,,,,,,,,,,
,テラスモール,湘南,神奈川県藤沢市辻堂神台1丁目3番1号,ゲートスクエア,屋外,場所とる,"308,000","608,000",要確認,,,,,,,,,,,
,テラスモール,湘南,神奈川県藤沢市辻堂神台1丁目3番1号,サブスクエア,屋外,場所とる,"48,000","68,000",要確認,,,,,,,,,,,
,テラスモール,湘南,神奈川県藤沢市辻堂神台1丁目3番1号,そらかぜステージ,屋外,場所とる,"208,000","508,000",要確認,,,,,,,,,,,
,モザイクモール港北,モザイクモール港北,神奈川県横浜市都筑区中川中央13112,お問い合わせください,,,,,要確認,,,,,,,,,,,
,港北みなも,港北みなも,神奈川県横浜市都筑区中川中央2丁目7番1,ダイエー前柱周り,屋内（風除室含む）,,,,要確認,,,,,,,,,,,
,港北みなも,港北みなも,神奈川県横浜市都筑区中川中央2丁目7番1,エスカレーター横,屋内（風除室含む）,,,,要確認,,,,,,,,,,,
,ショッピングタウンあいたい,ショッピングタウンあいたい,神奈川県横浜市都筑区中川中央1丁目13,エレベーター前,屋内（風除室含む）,,,,要確認,,,,,,,,,,,
,ショッピングタウンあいたい,ショッピングタウンあいたい,神奈川県横浜市都筑区中川中央1丁目13,イベント広場,屋内（風除室含む）,,,,要確認,,,,,,,,,,,
,ららぽーと,横浜,神奈川県横浜市都筑区池辺町4035-1,ノースカーブモール,屋内（風除室含む）,,,,実施不可,,,,,,,,,,,
,ららぽーと,横浜,神奈川県横浜市都筑区池辺町4035-1,サウスストレート①,屋内（風除室含む）,,,,実施不可,,,,,,,,,,,
,ららぽーと,横浜,神奈川県横浜市都筑区池辺町4035-1,サウスカーブモール入口,屋内（風除室含む）,,,,実施不可,,,,,,,,,,,
,ららぽーと,横浜,神奈川県横浜市都筑区池辺町4035-1,ノースストレート(ノースコート側),屋内（風除室含む）,,,,実施不可,,,,,,,,,,,
,ららぽーと,横浜,神奈川県横浜市都筑区池辺町4035-1,IY連絡口,屋内（風除室含む）,,,,実施不可,,,,,,,,,,,
,ららぽーと,横浜,神奈川県横浜市都筑区池辺町4035-1,IY連絡口,屋内（風除室含む）,,,,実施不可,,,,,,,,,,,
,ららぽーと,横浜,神奈川県横浜市都筑区池辺町4035-1,ノースストレート(ノースコート側ナムコ前),屋内（風除室含む）,場所とる,"108,000","208,000",要確認,,,,,,,,,,,
,ららぽーと,横浜,神奈川県横浜市都筑区池辺町4035-1,ノースコート,屋内（風除室含む）,,,,実施不可,,,,,,,,,,,
,ららぽーと,横浜,神奈川県横浜市都筑区池辺町4035-1,ノースカーブモール入口,屋内（風除室含む）,,,,実施不可,,,,,,,,,,,
,ららぽーと,横浜,神奈川県横浜市都筑区池辺町4035-1,ノースカーブモール入口,屋内（風除室含む）,,,,実施不可,,,,,,,,,,,
,ららぽーと,横浜,神奈川県横浜市都筑区池辺町4035-1,セントラルガーデンKiLaLa キッチンカースペース,屋外,,,,実施不可,,,,,,,,,,,
,ららぽーと,横浜,神奈川県横浜市都筑区池辺町4035-1,ノースカーブモール,屋内（風除室含む）,,,,実施不可,,,,,,,,,,,
,ららぽーと,横浜,神奈川県横浜市都筑区池辺町4035-1,ノースカーブモールLaLaCUBE④,屋内（風除室含む）,,,,実施不可,,,,,,,,,,,
,ららぽーと,横浜,神奈川県横浜市都筑区池辺町4035-1,サウスコート,屋内（風除室含む）,,,,実施不可,,,,,,,,,,,
,ららぽーと,横浜,神奈川県横浜市都筑区池辺町4035-1,セントラルガーデン KiLaLa,屋外,,,,実施不可,,,,,,,,,,,
,ららぽーと,横浜,神奈川県横浜市都筑区池辺町4035-1,ノースストレートLaLaCUBE③,屋内（風除室含む）,,,,実施不可,,,,,,,,,,,
,ららぽーと,横浜,神奈川県横浜市都筑区池辺町4035-1,IY連絡口,屋内（風除室含む）,,,,実施不可,,,,,,,,,,,
,ららぽーと,横浜,神奈川県横浜市都筑区池辺町4035-1,フードコート横,屋内（風除室含む）,,,,実施不可,,,,,,,,,,,
,ららぽーと,横浜,神奈川県横浜市都筑区池辺町4035-1,サウスストレートLaLaCUBE②,屋内（風除室含む）,,,,実施不可,,,,,,,,,,,
,ららぽーと,横浜,神奈川県横浜市都筑区池辺町4035-1,ノースカーブモール入口(ビルケン前),屋内（風除室含む）,場所とる,"108,000","158,000",要確認,,,,,,,,,,,
,ららぽーと,横浜,神奈川県横浜市都筑区池辺町4035-1,セントラルモール,屋内（風除室含む）,,,,実施不可,,,,,,,,,,,
,ららぽーと,横浜,神奈川県横浜市都筑区池辺町4035-1,サウスストレートLaLaCUBE,屋内（風除室含む）,,,,実施不可,,,,,,,,,,,
,ららぽーと,湘南平塚,神奈川県平塚市天沼10-1,メインエントランス広場,屋内（風除室含む）,,,,実施不可,,,,,,,,,,,
,ららぽーと,湘南平塚,神奈川県平塚市天沼10-1,YAMA西エスカレーター前,屋内（風除室含む）,,,,実施不可,,,,,,,,,,,
,ららぽーと,湘南平塚,神奈川県平塚市天沼10-1,YAMA東エスカレーター下,屋内（風除室含む）,,,,実施不可,,,,,,,,,,,
,ららぽーと,湘南平塚,神奈川県平塚市天沼10-1,光の広場,屋内（風除室含む）,,,,実施不可,,,,,,,,,,,
,ららぽーと,湘南平塚,神奈川県平塚市天沼10-1,YAMA東エスカレーター前A,屋内（風除室含む）,,,,実施不可,,,,,,,,,,,
,ららぽーと,湘南平塚,神奈川県平塚市天沼10-1,湘南Food Hall(フードコート)前,屋内（風除室含む）,,,,実施不可,,,,,,,,,,,
,ららぽーと,湘南平塚,神奈川県平塚市天沼10-1,YAMA東エスカレーター前B,屋内（風除室含む）,,,,実施不可,,,,,,,,,,,
,ららぽーと,湘南平塚,神奈川県平塚市天沼10-1,空の広場,屋外,,,,実施不可,,,,,,,,,,,
,ららぽーと,湘南平塚,神奈川県平塚市天沼10-1,YAMA東エリア,屋内（風除室含む）,,,,実施不可,,,,,,,,,,,
,ららぽーと,湘南平塚,神奈川県平塚市天沼10-1,UMI西エスカレーター前,屋内（風除室含む）,,,,実施不可,,,,,,,,,,,
,ららぽーと,湘南平塚,神奈川県平塚市天沼10-1,中央エリア(東側),屋内（風除室含む）,,,,実施不可,,,,,,,,,,,
,ららぽーと,湘南平塚,神奈川県平塚市天沼10-1,YAMA東エスカレーター横,屋内（風除室含む）,,,,実施不可,,,,,,,,,,,
,ららぽーと,湘南平塚,神奈川県平塚市天沼10-1,北側立体駐車場連絡ブリッジ付近,屋内（風除室含む）,,,,実施不可,,,,,,,,,,,
,ららぽーと,湘南平塚,神奈川県平塚市天沼10-1,YAMA東エリア,屋内（風除室含む）,,,,実施不可,,,,,,,,,,,
,ららぽーと,湘南平塚,神奈川県平塚市天沼10-1,中央エリア(UMI側),屋内（風除室含む）,,,,実施不可,,,,,,,,,,,
,ららぽーと,湘南平塚,神奈川県平塚市天沼10-1,YAMA東エスカレーター横,屋内（風除室含む）,,,,実施不可,,,,,,,,,,,
,ららぽーと,湘南平塚,神奈川県平塚市天沼10-1,UMI側東エスカレーター前,屋内（風除室含む）,,,,実施不可,,,,,,,,,,,
,横浜ワールドポーターズ,横浜ワールドポーターズ,神奈川県横浜市中区新港2丁目21,汽車道側正面ゲートイベントスペース,屋内（風除室含む）,,,,要確認,,,,,,,,,,,
,横浜ワールドポーターズ,横浜ワールドポーターズ,神奈川県横浜市中区新港2丁目21,観覧車側ゲート（屋外）,屋外,,,,要確認,,,,,,,,,,,
,ノースポート・モール,ノースポート・モール,神奈川県横浜市都筑区中川中央1-25-1,SM2前,屋内（風除室含む）,,,,実施不可,,,,,,,,,,,
,ノースポート・モール,ノースポート・モール,神奈川県横浜市都筑区中川中央1-25-1,スタジオアリス前,屋内（風除室含む）,,,,実施不可,,,,,,,,,,,
,ノースポート・モール,ノースポート・モール,神奈川県横浜市都筑区中川中央1-25-1,3COINS前右,屋内（風除室含む）,,,,実施不可,,,,,,,,,,,
,ノースポート・モール,ノースポート・モール,神奈川県横浜市都筑区中川中央1-25-1,ノジマ前,屋内（風除室含む）,,,,実施不可,,,,,,,,,,,
,ノースポート・モール,ノースポート・モール,神奈川県横浜市都筑区中川中央1-25-1,3COINS前左,屋内（風除室含む）,,,,実施不可,,,,,,,,,,,
,ノースポート・モール,ノースポート・モール,神奈川県横浜市都筑区中川中央1-25-1,レストスペース,屋内（風除室含む）,,,,実施不可,,,,,,,,,,,
,ノースポート・モール,ノースポート・モール,神奈川県横浜市都筑区中川中央1-25-1,エントランス前,屋内（風除室含む）,,,,実施不可,,,,,,,,,,,
,ノースポート・モール,ノースポート・モール,神奈川県横浜市都筑区中川中央1-25-1,センターコート,屋内（風除室含む）,,,,実施不可,,,,,,,,,,,
,ノースポート・モール,ノースポート・モール,神奈川県横浜市都筑区中川中央1-25-1,チャイハネ前,屋内（風除室含む）,,,,実施不可,,,,,,,,,,,
,ノースポート・モール,ノースポート・モール,神奈川県横浜市都筑区中川中央1-25-1,エントランス前,屋内（風除室含む）,,,,実施不可,,,,,,,,,,,
,ノースポート・モール,ノースポート・モール,神奈川県横浜市都筑区中川中央1-25-1,モミトイ前,屋内（風除室含む）,,,,実施不可,,,,,,,,,,,
,ノースポート・モール,ノースポート・モール,神奈川県横浜市都筑区中川中央1-25-1,ロピア前,屋内（風除室含む）,,,,実施不可,,,,,,,,,,,
,ノースポート・モール,ノースポート・モール,神奈川県横浜市都筑区中川中央1-25-1,サービスカウンター横,屋内（風除室含む）,,,,実施不可,,,,,,,,,,,
,ノースポート・モール,ノースポート・モール,神奈川県横浜市都筑区中川中央1-25-1,GRAN SAC’S前,屋内（風除室含む）,,,,実施不可,,,,,,,,,,,
,ノースポート・モール,ノースポート・モール,神奈川県横浜市都筑区中川中央1-25-1,のすぽ広場前,屋内（風除室含む）,,,,実施不可,,,,,,,,,,,
,ティップネス,新百合ヶ丘店,神奈川県川崎市麻生区上麻生1－4－1  小田急新百合ヶ丘エルミロード7Ｆ,お問い合わせ下さい,屋内（風除室含む）,場所とる,"30,000","30,000",要確認,,,,,,,,,,,
,メガロス クロス,市ヶ尾24,神奈川県横浜市青葉区市ヶ尾町1155-10,お問い合わせ下さい,,,,,要確認,,,,,,,,,,,
,新百合ヶ丘エルミロード,新百合ヶ丘エルミロード,上麻生1-4-1,吹き抜け,屋内（風除室含む）,,,,要確認,,,,,,,,,,,
,新百合ヶ丘エルミロード,新百合ヶ丘エルミロード,上麻生1-4-1,エントランス前A,屋外,,,,要確認,,,,,,,,,,,
,新百合ヶ丘エルミロード,新百合ヶ丘エルミロード,上麻生1-4-1,エントランス前B,屋外,,,,要確認,,,,,,,,,,,
,新百合丘OPA,新百合丘OPA,川崎市麻生区上麻生1-1-1,地下1階　エスカレーター脇(金子園前),屋内（風除室含む）,場所とる,"28,000","48,000",要確認,,,,,,,,,,,
,小田急アコルデ新百合ヶ丘,小田急アコルデ新百合ヶ丘,神奈川県川崎市万福寺1丁目17-1,休憩スペース右(北館),屋内（風除室含む）,,,,要確認,,,,,,,,,,,
,小田急アコルデ新百合ヶ丘,小田急アコルデ新百合ヶ丘,神奈川県川崎市万福寺1丁目17-1,休憩スペース左(北館),屋内（風除室含む）,,,,要確認,,,,,,,,,,,
,イオンシネマ,新百合ヶ丘,神奈川県川崎市麻生区上麻生1-19-1,映画館内スペース,屋内（風除室含む）,,,,要確認,,,,,,,,,,,
,トレッサ横浜,トレッサ横浜,神奈川県横浜市港北区師岡町700番地,センターガーデン②(南棟),屋外,,,,要確認,,,,,,,,,,,
,トレッサ横浜,トレッサ横浜,神奈川県横浜市港北区師岡町700番地,センターガーデン全面(南棟),屋外,,,,要確認,,,,,,,,,,,
,トレッサ横浜,トレッサ横浜,神奈川県横浜市港北区師岡町700番地,ソレイユ広場(南棟),屋内（風除室含む）,,,,要確認,,,,,,,,,,,
,トレッサ横浜,トレッサ横浜,神奈川県横浜市港北区師岡町700番地,ガーデン前①(南棟),屋内（風除室含む）,,,,要確認,,,,,,,,,,,
,トレッサ横浜,トレッサ横浜,神奈川県横浜市港北区師岡町700番地,リヨン広場,屋内（風除室含む）,,,,要確認,,,,,,,,,,,
,トレッサ横浜,トレッサ横浜,神奈川県横浜市港北区師岡町700番地,ガーデン前②(南棟),屋内（風除室含む）,,,,要確認,,,,,,,,,,,
,トレッサ横浜,トレッサ横浜,神奈川県横浜市港北区師岡町700番地,北棟インフォメーション通路,屋内（風除室含む）,,,,要確認,,,,,,,,,,,
,トレッサ横浜,トレッサ横浜,神奈川県横浜市港北区師岡町700番地,グルメブリッジ①(南棟),屋内（風除室含む）,,,,要確認,,,,,,,,,,,
,トレッサ横浜,トレッサ横浜,神奈川県横浜市港北区師岡町700番地,ガーデン前,屋内（風除室含む）,,,,要確認,,,,,,,,,,,
,トレッサ横浜,トレッサ横浜,神奈川県横浜市港北区師岡町700番地,グルメブリッジ②(南棟),屋内（風除室含む）,,,,要確認,,,,,,,,,,,
,トレッサ横浜,トレッサ横浜,神奈川県横浜市港北区師岡町700番地,センターガーデン①(南棟),屋外,,,,要確認,,,,,,,,,,,
,トレッサ横浜,トレッサ横浜,神奈川県横浜市港北区師岡町700番地,グルメブリッジ全面(南棟),屋内（風除室含む）,,,,要確認,,,,,,,,,,,
,イオンシネマ,港北ニュータウン,神奈川県横浜市都筑区中川中央1-25-1,映画館内スペース,屋内（風除室含む）,,,,要確認,,,,,,,,,,,
,イオンシネマ,みなとみらい,神奈川県横浜市中区新港2-2-1,映画館内スペース,屋内（風除室含む）,,,,要確認,,,,,,,,,,,
,イオンシネマ,海老名,神奈川県海老名市中央2-4-1,映画館内スペース,屋内（風除室含む）,,,,要確認,,,,,,,,,,,
,イオンシネマ,海老名,神奈川県海老名市中央2-4-1,愛眼前（旧モンサック前）,屋内（風除室含む）,ダイエースペース,"20,000","30,000",要確認,,,,,,,,,,,
,イオンシネマ,茅ケ崎,神奈川県茅ヶ崎市茅ヶ崎2-7-71,映画館内スペース,屋内（風除室含む）,,,,要確認,,,,,,,,,,,
,宮崎台駅,宮崎台駅,神奈川県川崎市宮前区宮崎１０１２,改札口正面,屋内（風除室含む）,,,,要確認,,,,,,,,,,,
,東急ストア,新綱島スクエア店,神奈川県横浜市港北区綱島東1丁目9番地10号新綱島スクエア2階,お問い合わせください,,,,,要確認,,,,,,,,,,,
,ホームズ,横浜鶴見店,神奈川県横浜市鶴見区岸谷3丁目9番1号,お問い合わせください,,,,,要確認,,,,,,,,,,,
,マークイズみなとみらい,マークイズみなとみらい,神奈川県横浜市西区みなとみらい三丁目5番1号,グランドガレリア,屋内（風除室含む）,,,,要確認,,,,,,,,,,,
,マークイズみなとみらい,マークイズみなとみらい,神奈川県横浜市西区みなとみらい三丁目5番1号,えきまえ広場,屋内（風除室含む）,,,,要確認,,,,,,,,,,,
,マークイズみなとみらい,マークイズみなとみらい,神奈川県横浜市西区みなとみらい三丁目5番1号,みんなのアトリエ,屋内（風除室含む）,,,,要確認,,,,,,,,,,,
,マークイズみなとみらい,マークイズみなとみらい,神奈川県横浜市西区みなとみらい三丁目5番1号,ぶらりギャラリー,屋内（風除室含む）,,,,要確認,,,,,,,,,,,
,マークイズみなとみらい,マークイズみなとみらい,神奈川県横浜市西区みなとみらい三丁目5番1号,みどりの道,屋内（風除室含む）,,,,要確認,,,,,,,,,,,
,マークイズみなとみらい,マークイズみなとみらい,神奈川県横浜市西区みなとみらい三丁目5番1号,イベントスペース,屋内（風除室含む）,,,,要確認,,,,,,,,,,,
,キーサウス,キーサウス,神奈川県横浜市都筑区茅ケ崎中央14-12,sanwa店頭,屋外,,,,要確認,,,,,,,,,,,
,ホームズ,新川崎店,神奈川県横浜市鶴見区江ヶ崎町15-30,入口横エレベーターホール,屋内（風除室含む）,,,,要確認,,,,,,,,,,,
,ホームズ,新川崎店,神奈川県横浜市鶴見区江ヶ崎町15-30,サイゼリヤ前,屋内（風除室含む）,,,,要確認,,,,,,,,,,,
,ホームズ,新川崎店,神奈川県横浜市鶴見区江ヶ崎町15-30,しまむら横,屋内（風除室含む）,,,,要確認,,,,,,,,,,,
,ホームズ,新川崎店,神奈川県横浜市鶴見区江ヶ崎町15-30,エレベーターホール,屋内（風除室含む）,,,,要確認,,,,,,,,,,,
,横須賀モアーズシティ,横須賀モアーズシティ,神奈川県横須賀市若松町2-30,柱周り,屋外,,,,要確認,,,,,,,,,,,
,横須賀モアーズシティ,横須賀モアーズシティ,神奈川県横須賀市若松町2-30,駅側出入口脇,屋外,,,,要確認,,,,,,,,,,,
,横須賀モアーズシティ,横須賀モアーズシティ,神奈川県横須賀市若松町2-30,中央出入口正面,屋外,,,,要確認,,,,,,,,,,,
,相模大野ジョイモアーズ,相模大野ジョイモアーズ,神奈川県相模原市南区相模大野3-9-1,お問い合わせください,,,,,要確認,,,,,,,,,,,
,相模原ラクーン,相模原ラクーン,相模原市中央区小山1-1-14,1階　ローソン側,屋内（風除室含む）,場所とる,"40,000","50,000",要確認,,,,,,,,,,,
,ビアレヨコハマ,ビアレヨコハマ,神奈川県横浜市金沢区並木2-13-2,1階エスカレーター横(シミュレーションゴルフ店側),屋内（風除室含む）,場所とる,"21,000","26,000",要確認,,,,,,,,,,,
,ビアレヨコハマ,ビアレヨコハマ,神奈川県横浜市金沢区並木2-13-2,1階　新館　エスカレーター横　マツモトキヨシ側,屋内（風除室含む）,場所とる,"21,000","26,000",要確認,,,,,,,,,,,
,ビアレヨコハマ,ビアレヨコハマ,神奈川県横浜市金沢区並木2-13-2,3階　空きテナントスペース,屋内（風除室含む）,場所とる,"21,000","26,000",要確認,,,,,,,,,,,
,ビアレヨコハマ,ビアレヨコハマ,神奈川県横浜市金沢区並木2-13-2,3階　駐車場入り口付近,屋内（風除室含む）,場所とる,"21,000","26,000",要確認,,,,,,,,,,,
,ホームズ,港北高田店,神奈川県横浜市港北区高田西1-7-41,エレベーターホール,屋内（風除室含む）,,,,要確認,,,,,,,,,,,
,ホームズ,港北高田店,神奈川県横浜市港北区高田西1-7-41,エスカレーター横,屋内（風除室含む）,,,,要確認,,,,,,,,,,,
,ホームズ,横須賀店,神奈川県横須賀市平成町2-14-5,エスカレーター横,屋内（風除室含む）,,,,要確認,,,,,,,,,,,
,島忠,東戸塚店,神奈川県横浜市戸塚区平戸町377,レジ横,屋内（風除室含む）,,,,実施不可,,,,,,,,,,,
,島忠,東戸塚店,神奈川県横浜市戸塚区平戸町377,レジ後ろ,屋内（風除室含む）,,,,実施不可,,,,,,,,,,,
,ホームズ,相模原店,神奈川県相模原市南区古淵2-9-1,エントランス,屋内（風除室含む）,,,,要確認,,,,,,,,,,,
,ホームズ,相模原店,神奈川県相模原市南区古淵2-9-1,エスカレーターホール,屋内（風除室含む）,,,,要確認,,,,,,,,,,,
,島忠,海老名店,神奈川県海老名市大谷北1-1-1,店頭入口,屋内（風除室含む）,,,,実施不可,,,,,,,,,,,
,島忠,港北高田,横浜市港北区高田西1-7-41,3階エレベーターホール,屋内（風除室含む）,場所とる,"48,000","88,000",要確認,,,,,,,,,,,
,島忠,新山下,横浜市中区新山下2-12-34,1階　イベントスペースA(入口エントランス付近),屋内（風除室含む）,場所とる,"58,000","108,000",要確認,,,,,,,,,,,
,島忠,新山下,横浜市中区新山下2-12-34,1階　イベントスペースB(レジ後ろ)※3区画セット,屋内（風除室含む）,場所とる,"58,000","108,000",要確認,,,,,,,,,,,
,島忠,新山下,横浜市中区新山下2-12-34,2階　イベントスペースA(オートスロープ前),屋内（風除室含む）,場所とる,"68,000","128,000",要確認,,,,,,,,,,,
,島忠,新山下,横浜市中区新山下2-12-34,2階　イベントスペースB,屋内（風除室含む）,場所とる,"48,000","88,000",要確認,,,,,,,,,,,
,島忠,新山下,横浜市中区新山下2-12-34,2階　イベントスペースC(WIRED　KITCHEN壁側),屋内（風除室含む）,場所とる,"48,000","88,000",要確認,,,,,,,,,,,
,島忠,新山下,横浜市中区新山下2-12-34,3階　イベントスペース(エレベーター・オートスロープ),屋内（風除室含む）,場所とる,"68,000","128,000",要確認,,,,,,,,,,,
,島忠,新川崎店,横浜市鶴見区江ケ崎町15-30,1階　エレベーターホール(駐車場入口),屋内（風除室含む）,場所とる,"58,000","108,000",要確認,,,,,,,,,,,
,島忠,新川崎店,横浜市鶴見区江ケ崎町15-30,2階　サイゼリヤ前,屋内（風除室含む）,場所とる,"48,000","88,000",要確認,,,,,,,,,,,
,島忠,新川崎店,横浜市鶴見区江ケ崎町15-30,2階　しまむら前,屋内（風除室含む）,場所とる,"48,000","88,000",要確認,,,,,,,,,,,
,島忠,新川崎店,横浜市鶴見区江ケ崎町15-30,3階　エレベーターホール,屋内（風除室含む）,場所とる,"38,000","58,000",要確認,,,,,,,,,,,
,島忠,相模原,相模原市南区古淵2丁目9-1,1階　ホームセンター入口付近,屋内（風除室含む）,場所とる,"48,000","88,000",要確認,,,,,,,,,,,
,島忠,相模原,相模原市南区古淵2丁目9-1,2階　ダイソー前(トラベーター横),屋内（風除室含む）,場所とる,"48,000","88,000",要確認,,,,,,,,,,,
,ホームズ,大和店,神奈川県大和市上和田2670-1,エントランス,屋内（風除室含む）,,,,要確認,,,,,,,,,,,
,ホームズ,新山下店,神奈川県横浜市中区新山下2-12-34,入口横,屋内（風除室含む）,,,,要確認,,,,,,,,,,,
,ホームズ,新山下店,神奈川県横浜市中区新山下2-12-34,OK前入口,屋内（風除室含む）,,,,要確認,,,,,,,,,,,
,ホームズ,新山下店,神奈川県横浜市中区新山下2-12-34,トラベーター前,屋内（風除室含む）,,,,要確認,,,,,,,,,,,
,ホームズ,新山下店,神奈川県横浜市中区新山下2-12-34,ホール,屋内（風除室含む）,,,,要確認,,,,,,,,,,,
,ホームズ,川崎大師店,神奈川県川崎市川崎区中瀬3-20-20,イベントスペースB,屋内（風除室含む）,,,,要確認,,,,,,,,,,,
,ホームズ,川崎大師店,神奈川県川崎市川崎区中瀬3-20-20,イベントスペースA,屋内（風除室含む）,,,,要確認,,,,,,,,,,,
,ホームズ,川崎大師店,神奈川県川崎市川崎区中瀬3-20-20,イベントスペースB,屋内（風除室含む）,,,,要確認,,,,,,,,,,,
,ホームズ,川崎大師店,神奈川県川崎市川崎区中瀬3-20-20,イベントスペースC,屋内（風除室含む）,,,,要確認,,,,,,,,,,,
,ホームズ,川崎大師店,神奈川県川崎市川崎区中瀬3-20-20,イベントスペースA,屋内（風除室含む）,,,,要確認,,,,,,,,,,,
,ニトリモール,相模原,神奈川県相模原市南区大野台6丁目1,イベントスペースF(駐車場入口横),屋内（風除室含む）,場所とる,"48,000","88,000",要確認,,,,,,,,,,,
,ニトリモール,相模原,神奈川県相模原市南区大野台6丁目1,イベントスペースA（中央階段横）,屋内（風除室含む）,場所とる,"48,000","88,000",要確認,,,,,,,,,,,
,ニトリモール,相模原,神奈川県相模原市南区大野台6丁目1,イベントスペースD(中央階段横),屋内（風除室含む）,場所とる,"48,000","88,000",要確認,,,,,,,,,,,
,ニトリモール,相模原,神奈川県相模原市南区大野台6丁目1,イベントスペースB(平面駐車場特設会場),屋外,場所とる,"48,000","88,000",要確認,,,,,,,,,,,
,ニトリモール,相模原,神奈川県相模原市南区大野台6丁目1,イベントスペースC(オープンモール),屋外,場所とる,"48,000","88,000",要確認,,,,,,,,,,,
,ニトリモール,相模原,神奈川県相模原市南区大野台6丁目1,イベントスペースE(メイン通路),屋内（風除室含む）,場所とる,"48,000","88,000",要確認,,,,,,,,,,,
,ニトリモール,相模原,神奈川県相模原市南区大野台6丁目1,イベントスペースG(アリス前),屋内（風除室含む）,場所とる,"48,000","88,000",要確認,,,,,,,,,,,
,ニトリモール,相模原,神奈川県相模原市南区大野台6丁目1,イベントスペースH(フードコート前),屋内（風除室含む）,場所とる,"48,000","88,000",要確認,,,,,,,,,,,
,小田原ダイナシティ,小田原ダイナシティ,神奈川県小田原市中里208,正面入口横,屋内（風除室含む）,,,,要確認,,,,,,,,,,,
,小田原ダイナシティ,小田原ダイナシティ,神奈川県小田原市中里208,エスカレーター下,屋内（風除室含む）,,,,要確認,,,,,,,,,,,
,小田原ダイナシティ,小田原ダイナシティ,神奈川県小田原市中里208,1階　スタバ前(WEST),屋内（風除室含む）,場所とる,"83,000","158,000",要確認,,,,,,,,,,,
,川崎DICE（ダイス）,川崎DICE（ダイス）,神奈川県川崎市川崎区駅前本町8番地,111区画,屋内（風除室含む）,場所とる,"63,000","118,000",要確認,,,,,,,,,,,
,川崎DICE（ダイス）,川崎DICE（ダイス）,神奈川県川崎市川崎区駅前本町8番地,112区画,屋内（風除室含む）,場所とる,"46,500","85,000",要確認,,,,,,,,,,,
,川崎DICE（ダイス）,川崎DICE（ダイス）,神奈川県川崎市川崎区駅前本町8番地,113区画,屋内（風除室含む）,,,,要確認,,,,,,,,,,,
,川崎DICE（ダイス）,川崎DICE（ダイス）,神奈川県川崎市川崎区駅前本町8番地,京急口,屋内（風除室含む）,,,,要確認,,,,,,,,,,,
,川崎DICE（ダイス）,川崎DICE（ダイス）,神奈川県川崎市川崎区駅前本町8番地,211区画,屋内（風除室含む）,,,,要確認,,,,,,,,,,,
,川崎DICE（ダイス）,川崎DICE（ダイス）,神奈川県川崎市川崎区駅前本町8番地,212区画,屋内（風除室含む）,,,,要確認,,,,,,,,,,,
,川崎DICE（ダイス）,川崎DICE（ダイス）,神奈川県川崎市川崎区駅前本町8番地,311区画,屋内（風除室含む）,,,,要確認,,,,,,,,,,,
,川崎DICE（ダイス）,川崎DICE（ダイス）,神奈川県川崎市川崎区駅前本町8番地,103区画,屋内（風除室含む）,場所とる,"76,750","145,500",要確認,,,,,,,,,,,
,川崎DICE（ダイス）,川崎DICE（ダイス）,神奈川県川崎市川崎区駅前本町8番地,312区画,屋内（風除室含む）,,,,要確認,,,,,,,,,,,
,川崎DICE（ダイス）,川崎DICE（ダイス）,神奈川県川崎市川崎区駅前本町8番地,105区画,屋内（風除室含む）,場所とる,"76,750","145,000",要確認,,,,,,,,,,,
,三井アウトレットパーク,横浜ベイサイド,神奈川県横浜市金沢区白帆5-2,12280店舗前,屋内（風除室含む）,,,,実施不可,,,,,,,,,,,
,三井アウトレットパーク,横浜ベイサイド,神奈川県横浜市金沢区白帆5-2,ハーバーゲート前広場,屋外,,,,実施不可,,,,,,,,,,,
,三井アウトレットパーク,横浜ベイサイド,神奈川県横浜市金沢区白帆5-2,アーバンゲートエントランスA,屋外,,,,実施不可,,,,,,,,,,,
,三井アウトレットパーク,横浜ベイサイド,神奈川県横浜市金沢区白帆5-2,セントラルコート（ウッドデッキ）,屋外,,,,実施不可,,,,,,,,,,,
,三井アウトレットパーク,横浜ベイサイド,神奈川県横浜市金沢区白帆5-2,アーバンゲートエントランスB,屋外,,,,実施不可,,,,,,,,,,,
,三井アウトレットパーク,横浜ベイサイド,神奈川県横浜市金沢区白帆5-2,セントラルコート（ステージ）,屋外,,,,実施不可,,,,,,,,,,,
,三井アウトレットパーク,横浜ベイサイド,神奈川県横浜市金沢区白帆5-2,10360店舗前,屋内（風除室含む）,,,,実施不可,,,,,,,,,,,
,三井アウトレットパーク,横浜ベイサイド,神奈川県横浜市金沢区白帆5-2,くじらの大屋根広場,屋外,,,,実施不可,,,,,,,,,,,
,三井アウトレットパーク,横浜ベイサイド,神奈川県横浜市金沢区白帆5-2,11010店舗前,屋内（風除室含む）,,,,実施不可,,,,,,,,,,,
,三井アウトレットパーク,横浜ベイサイド,神奈川県横浜市金沢区白帆5-2,11320店舗前,屋内（風除室含む）,,,,実施不可,,,,,,,,,,,
,新横浜プリンスペペ,新横浜プリンスペペ,神奈川県横浜市港北区新横浜3丁目4,エスカレーター横ファムアジル前,屋内（風除室含む）,,,,要確認,,,,,,,,,,,
,たまプラーザTERRACE,たまプラーザTERRACE,神奈川県横浜市青葉区美しが丘1-1-2,ゾフ前,屋内（風除室含む）,,,,要確認,,,,,,,,,,,
,たまプラーザTERRACE,たまプラーザTERRACE,神奈川県横浜市青葉区美しが丘1-1-2,ステーションコート(駅前広場),屋外,,,,要確認,,,,,,,,,,,
,たまプラーザTERRACE,たまプラーザTERRACE,神奈川県横浜市青葉区美しが丘1-1-2,スカイコート・スカイコート横,屋外,,,,要確認,,,,,,,,,,,
,たまプラーザTERRACE,たまプラーザTERRACE,神奈川県横浜市青葉区美しが丘1-1-2,フェスティバルコート,屋外,,,,要確認,,,,,,,,,,,
,たまプラーザTERRACE,たまプラーザTERRACE,神奈川県横浜市青葉区美しが丘1-1-2,モールB入口,屋内（風除室含む）,,,,要確認,,,,,,,,,,,
,たまプラーザTERRACE,たまプラーザTERRACE,神奈川県横浜市青葉区美しが丘1-1-2,セカンドコート,屋内（風除室含む）,,,,要確認,,,,,,,,,,,
,たまプラーザTERRACE,たまプラーザTERRACE,神奈川県横浜市青葉区美しが丘1-1-2,中央ELV前,屋内（風除室含む）,場所とる,"80,000","160,000",要確認,,,,,,,,,,,
,たまプラーザTERRACE,たまプラーザTERRACE,神奈川県横浜市青葉区美しが丘1-1-2,中央改札前,屋内（風除室含む）,,,,要確認,,,,,,,,,,,
,たまプラーザTERRACE,たまプラーザTERRACE,神奈川県横浜市青葉区美しが丘1-1-2,モールA入口,屋内（風除室含む）,,,,要確認,,,,,,,,,,,
,たまプラーザTERRACE,たまプラーザTERRACE,神奈川県横浜市青葉区美しが丘1-1-2,スミス前,屋内（風除室含む）,,,,要確認,,,,,,,,,,,
,マーケットスクエア,川崎イースト,神奈川県川崎市川崎区富士見1丁目5番5号,催事スペース,屋内（風除室含む）,,,,実施不可,,,,,,,,,,,
,マーケットスクエア,川崎イースト,神奈川県川崎市川崎区富士見1丁目5番5号,柱周りスペース,屋内（風除室含む）,,,,実施不可,,,,,,,,,,,
,東急ストア,すすき野とうきゅう,神奈川県横浜市青葉区すすき野2-5-4,中央エスカレーター付近,屋内（風除室含む）,場所とる,"35,000","35,000",要確認,,,,,,,,,,,
,東急ストア,たまプラーザテラス店,神奈川県横浜市青葉区美しが丘1-1-2,通路 エスカレーター前,屋内（風除室含む）,場所とる,"45,000","45,000",要確認,,,,,,,,,,,
,東急ストア,中央林間店,神奈川県大和市中央林間4-12-1,花屋前,屋内（風除室含む）,場所とる,"45,000","45,000",要確認,,,,,,,,,,,
,東急ストア,溝の口店,神奈川県川崎市高津区溝口2-1-1,風除室,屋外,場所とる,"45,000","45,000",要確認,,,,,,,,,,,
,京急ストア,新川崎店,神奈川県川崎市幸区新川崎5-2,ドトール前,屋内（風除室含む）,,,,要確認,,,,,,,,,,,
,京急ストア,屏風浦店,神奈川県横浜市磯子区森3-17-28,百円ショップ前,屋内（風除室含む）,場所とる,"35,000","35,000",要確認,,,,,,,,,,,
,京急ストア,能見台店,神奈川県横浜市金沢区能見台3-1-1,京急ストアフロア（エスカレーター下催事スペース）,屋内（風除室含む）,,,,要確認,,,,,,,,,,,
,イオン,厚木店,神奈川県厚木市中町1-5-10,1階駅東側出入口　エスカレーター横,屋内（風除室含む）,ダイエースペース,"20,000","25,000",要確認,,,,,,,,,,,
,セルテ,セルテ,神奈川県横浜市中区真砂町3-33,正面入口ホール,屋内（風除室含む）,,,,要確認,,,,,,,,,,,
,ららテラス,武蔵小杉,神奈川県川崎市中原区新丸子東3丁目1302番,上りエスカレーター横,屋内（風除室含む）,,,,要確認,,,,,,,,,,,
,ららテラス,武蔵小杉,神奈川県川崎市中原区新丸子東3丁目1302番,下りエスカレーター横,屋内（風除室含む）,,,,要確認,,,,,,,,,,,
,メガロス クロス,上永谷24,神奈川県横浜市港南区丸山台2-3-1,お問い合わせ下さい,,,,,要確認,,,,,,,,,,,
,メガロス クロス,横浜天王町24,神奈川県横浜市保土ヶ谷区神戸町134,お問い合わせ下さい,,,,,要確認,,,,,,,,,,,
,メガロス クロス,神奈川24,神奈川県横浜市神奈川区入江1-31-11,お問い合わせ下さい,,,,,要確認,,,,,,,,,,,
,メガロス クロス,綱島24,神奈川県横浜市港北区綱島西3-3-3,お問い合わせ下さい,,,,,要確認,,,,,,,,,,,
,メガロス クロス,大和24,神奈川県大和市中央5-14-4,お問い合わせ下さい,,,,,要確認,,,,,,,,,,,
,ミスターマックス,湘南藤沢店,神奈川県藤沢市辻堂新町4丁目3番5号,オートスロープ前奥,屋外,,,,実施不可,,,,,,,,,,,
,ミスターマックス,湘南藤沢店,神奈川県藤沢市辻堂新町4丁目3番5号,エスカレーター横,屋外,,,,実施不可,,,,,,,,,,,
,ミスターマックス,湘南藤沢店,神奈川県藤沢市辻堂新町4丁目3番5号,駐輪場区画,屋外,,,,要確認,,,,,,,,,,,
,ミスターマックス,湘南藤沢店,神奈川県藤沢市辻堂新町4丁目3番5号,センターコート手前,屋外,,,,要確認,,,,,,,,,,,
,ミスターマックス,湘南藤沢店,神奈川県藤沢市辻堂新町4丁目3番5号,センターコート奥,屋外,,,,要確認,,,,,,,,,,,
,ミスターマックス,湘南藤沢店,神奈川県藤沢市辻堂新町4丁目3番5号,オートスロープ前手前,屋外,,,,要確認,,,,,,,,,,,
,サクラス戸塚,サクラス戸塚,神奈川県横浜市戸塚区戸塚町4253番地1,SANWA前,屋内（風除室含む）,場所とる,"78,000","108,000",要確認,,,,,,,,,,,
,サクラス戸塚,サクラス戸塚,神奈川県横浜市戸塚区戸塚町4253番地1,ATM前,屋内（風除室含む）,場所とる,"78,000","108,000",要確認,,,,,,,,,,,
,サクラス戸塚,サクラス戸塚,神奈川県横浜市戸塚区戸塚町4253番地1,ゲームセンター前,屋内（風除室含む）,場所とる,"78,000","108,000",要確認,,,,,,,,,,,
,サクラス戸塚,サクラス戸塚,神奈川県横浜市戸塚区戸塚町4253番地1,センターゲート,屋外,,,,要確認,,,,,,,,,,,
,サクラス戸塚,サクラス戸塚,神奈川県横浜市戸塚区戸塚町4253番地1,フロントゲート,屋外,,,,要確認,,,,,,,,,,,
,東急ストア,江田店,神奈川県横浜市青葉区荏田北3-1-1,店頭,屋外,場所とる,"35,000","35,000",要確認,,,,,,,,,,,
,東急ストア,菊名店,神奈川県横浜市港北区菊名7-1-1,店頭スペース,屋外,,,,要確認,,,,,,,,,,,
,東急ストア,田奈店,神奈川県横浜市青葉区田奈町76-1,店頭スペース,屋外,場所とる,"35,000","35,000",要確認,,,,,,,,,,,
,東急ストア,仲町台店,神奈川県横浜市都筑区仲町台1-4-7,店内スペース,屋内（風除室含む）,場所とる,"45,000","45,000",要確認,,,,,,,,,,,
,東急ストア,藤が丘店,神奈川県横浜市青葉区藤が丘1-36-2,店頭,屋外,場所とる,"35,000","35,000",要確認,,,,,,,,,,,
,東急ストア,宮前平店,神奈川県川崎市宮前区宮崎6-9-5,店頭スペース,屋外,,,,要確認,,,,,,,,,,,
,東急ストア,洋光台店,神奈川県横浜市磯子区洋光台4-1-3-101,店頭,屋外,場所とる,"45,000","45,000",要確認,,,,,,,,,,,
,京急ストア,スパーク北久里浜店,神奈川県横須賀市根岸町3-15-6,店頭スペース,屋外,,,,要確認,,,,,,,,,,,
,東急ストア,あざみ野店,神奈川県横浜市青葉区あざみ野2-1-1,店内スペース,屋内（風除室含む）,場所とる,"45,000","45,000",要確認,,,,,,,,,,,
,東急ストア,市が尾店,神奈川県横浜市青葉区市ヶ尾町1156番地1,店頭,屋外,場所とる,"45,000","45,000",要確認,,,,,,,,,,,
,東急ストア,フードステーション大倉山店,神奈川県横浜市港北区大倉山1-18-1,店頭スペース,屋外,,,,要確認,,,,,,,,,,,
,東急ストア,梶が谷店,神奈川県川崎市高津区末長1-48-5,店頭,屋外,場所とる,"45,000","45,000",要確認,,,,,,,,,,,
,東急ストア,鎌倉店,神奈川県鎌倉市小町1-2-12,スターバックス側スペース,屋外,場所とる,"45,000","45,000",要確認,,,,雨天時開催不可,,,,,,,
,東急ストア,鎌倉店,神奈川県鎌倉市小町1-2-12,道路側スペース※軒あり,屋外,場所とる,"45,000","45,000",要確認,,,,【月、木、土曜日催事不可】,,,,,,,
,東急ストア,新丸子店,神奈川県川崎市中原区新丸子町989-2,店頭スペース,屋外,,,,要確認,,,,,,,,,,,
,東急ストア,高津店,神奈川県川崎市高津区二子5-1-30,店頭,屋外,場所とる,"35,000","35,000",要確認,,,,,,,,,,,
,東急ストア,たちばな台店,神奈川県横浜市青葉区たちばな台 1-2-3,店頭スペース,屋外,場所とる,"35,000","35,000",要確認,,,,,,,,,,,
,京急ストア,ハイランド店,神奈川県横須賀市ハイランド4-2-2,店頭スペース,屋外,場所とる,"35,000","35,000",要確認,,,,,,,,,,,
,京急ストア,芦名店,神奈川県横須賀市芦名2-19-2,店頭スペース,屋外,場所とる,"35,000","35,000",要確認,,,,,,,,,,,
,京急ストア,三崎東岡店,神奈川県三浦市東岡町10-34,店頭スペース,屋外,場所とる,"35,000","35,000",要確認,,,,,,,,,,,
,京急ストア,葉山店,神奈川県三浦郡葉山町一色1722-1,店頭スペース,屋外,場所とる,"35,000","35,000",要確認,,,,,,,,,,,
,東急ストア,宮崎台店,神奈川県川崎市宮前区宮崎2-10-14,店舗入口,屋外,場所とる,"45,000","45,000",要確認,,,,,,,,,,,
,東急ストア,モレラ東戸塚店,神奈川県横浜市戸塚区川上町91-1モレラ東戸塚1Ｆ,店内(サービスカウンター前),屋内（風除室含む）,,,,実施不可,,,,,,,,,,,
,京急ストア,鶴見西店,神奈川県横浜市鶴見区豊岡町1-5,店頭,屋外,,,,要確認,,,,,,,,,,,
,京急ストア,日ノ出町店,神奈川県横浜市中区日ﾉ出町1-42,店頭右側,屋外,,,,要確認,,,,,,,,,,,
,京急ストア,日ノ出町店,神奈川県横浜市中区日ﾉ出町1-42,店頭左側,屋外,,,,要確認,,,,,,,,,,,
,京急ストア,磯子丸山店,神奈川県横浜市磯子区丸山1-15-20,店頭スペース,屋外,,,,要確認,,,,,,,,,,,
,京急ストア,磯子岡村店,神奈川県横浜市磯子区岡村5-14-14,店頭スペース,屋外,,,,要確認,,,,,,,,,,,
,京急ストア,スパーク浦郷店,神奈川県横須賀市浦郷町1-52-1,店頭スペース,屋外,場所とる,"35,000","35,000",要確認,,,,,,,,,,,
,京急ストア,FHaB湘南池上店,神奈川県横須賀市池上7-43-1,店頭スペース,屋外,場所とる,"35,000","35,000",要確認,,,,,,,,,,,
,京急ストア,上町店,神奈川県横須賀市上町3-46-3,店頭スペース,屋外,場所とる,"35,000","35,000",要確認,,,,,,,,,,,
,京急ストア,浦賀店,神奈川県横須賀市浦賀1-1-2,店頭スペース,屋外,場所とる,"35,000","35,000",要確認,,,,,,,,,,,
,京急ストア,新久里浜店,神奈川県横須賀市久里浜7-9-1,お問い合わせ下さい,,,,,要確認,,,,,,,,,,,
,東急ストア,中山とうきゅう,神奈川県横浜市緑区中山1-4-1,店頭,屋外,場所とる,"45,000","45,000",要確認,,,,,,,,,,,
,東急ストア,根岸店,神奈川県横浜市磯子区東町17-30,店内スペース,屋内（風除室含む）,場所とる,"35,000","35,000",要確認,,,,,,,,,,,
,東急ストア,東林間店,神奈川県相模原市南区上鶴間7-8-1,店頭スペース,屋外,場所とる,"35,000","35,000",要確認,,,,,,,,,,,
,東急ストアフードステーション,宮前平駅前店,神奈川県川崎市宮前区宮前平1-11-1,店頭,屋外,,,,要確認,,,,,,,,,,,
,京急ストア,もとまちユニオン日吉店,神奈川県川崎市中原区木月4-31-8,店頭スペース,屋外,場所とる,"45,000","45,000",要確認,,,,,,,,,,,
,京急ストア,もとまちユニオン鎌倉店,神奈川県鎌倉市小町1-7-13,店頭スペース,屋外,場所とる,"45,000","45,000",要確認,,,,,,,,,,,
,京急ストア,もとまちユニオンウィングス久里浜店,神奈川県横須賀市久里浜4-4-10,店内スペース,屋内（風除室含む）,,,,要確認,,,,,,,,,,,
,京急ストア,もとまちユニオン葉山店,神奈川県三浦郡葉山町堀内851,店頭スペース,屋外,場所とる,"45,000","45,000",要確認,,,,,,,,,,,
,パレッテ,厚木長谷店,神奈川県厚木市長谷1182-26,お問い合わせください,,,,,要確認,,,,,,,,,,,
,パレッテ,高座渋谷店,神奈川県大和市渋谷5-39-5,お問い合わせください,,,,,要確認,,,,,,,,,,,
,パレッテ,下末吉店,神奈川県横浜市鶴見区下末吉6-10-32,お問い合わせください,,,,,要確認,,,,,,,,,,,
,パレッテ,大和鶴間店,神奈川県大和市鶴間2-13-34,お問い合わせください,,,,,要確認,,,,,,,,,,,
,パレッテ,愛川中津店,神奈川県愛甲郡愛川町中津7273-1,お問い合わせください,,,,,要確認,,,,,,,,,,,
,パレッテ,鳶尾店,神奈川県厚木市鳶尾4-1-10,お問い合わせください,,,,,要確認,,,,,,,,,,,
,パレッテ,野庭店,神奈川県横浜市港南区野庭町611野庭団地センター1-101,お問い合わせください,,,,,要確認,,,,,,,,,,,
,パレッテ,二宮店,神奈川県中郡二宮町中里2丁目1-1,お問い合わせください,,,,,要確認,,,,,,,,,,,
,トレアージュ白旗,トレアージュ白旗,神奈川県藤沢市藤沢２丁目３－１５,中央広場,屋外,場所とる,"20,000","25,000",要確認,,,,,,,,,,,
,イオン,横浜瀬谷,神奈川県横浜市瀬谷区瀬谷4-4-10,お問合せください,,ダイエースペース,"20,000","20,000",要確認,,,,,,,,,,,
,マーケットスクエア,相模原,神奈川県相模原市中央区下九沢777-2,オーケー前,屋外,,,,要確認,,,,,,,,,,,
,マーケットスクエア,相模原,神奈川県相模原市中央区下九沢777-2,ケーズデンキ前,屋外,,,,要確認,,,,,,,,,,,
,アミュー,あつぎ,神奈川県厚木市中町2丁目12-15,お問い合わせ下さい,屋内（風除室含む）,場所とる,"18,000","28,000",要確認,,,,,,,,,,,
,コレットマーレ,コレットマーレ,神奈川県横浜市中区桜木町1-1-7,お問い合わせください,,,,,実施不可,,,,,,,,,,,
,アクティオーレ関内,アクティオーレ関内,神奈川県横浜市中区真砂町3丁目31番,お問い合わせ下さい,,,,,要確認,,,,,,,,,,,
,いちご新横浜アリーナ通りビル,いちご新横浜アリーナ通りビル,神奈川県横浜市港北区新横浜3丁目7番7号,お問い合わせ下さい,,,,,要確認,,,,,,,,,,,
,プラッシングウェーブ江の島,プラッシングウェーブ江の島,神奈川県藤沢市鵠沼海岸1丁目3番16号,お問い合わせ下さい,,,,,要確認,,,,,,,,,,,
,横浜モアーズ,横浜モアーズ,神奈川県横浜市西区南幸1-3-1,お問い合わせください,,,,,要確認,,,,,,,,,,,
,川崎モアーズ,川崎モアーズ,神奈川県川崎市川崎区駅前本町7-7,川崎市場前(店頭軒下),屋外,,,,要確認,,,,,,,,,,,
,戸塚モディ(まるい食遊館戸塚店）,戸塚モディ(まるい食遊館戸塚店）,神奈川県横浜市戸塚区戸塚町10,1F店頭軒下柱回り,屋外,,,,要確認,,,,,,,,,,,
,シネプレックス,平塚,神奈川県平塚市代官町33-1,館内ロビー,屋内（風除室含む）,場所とる,"30,000","50,000",要確認,,,,,,,,,,,
,ハンディホームセンター,湯河原店,神奈川県足柄下郡湯河原町中央3－3－1,店内入口付近,屋内（風除室含む）,,,,要確認,,,,,,,,,,,
,ハンディホームセンター,綾瀬店,神奈川県綾瀬市深谷1777,お問い合わせください,,,,,要確認,,,,,,,,,,,
,トムスポーツアカデミー,新城,神奈川県川崎市中原区下新庄1-3-17,お問い合わせ下さい,,,,,要確認,,,,,,,,,,,
,オアフクラブ,若葉台,神奈川県横浜市旭区若葉台3-8-2,お問い合わせ下さい,,,,,要確認,,,,,,,,,,,
,ロコスポーツ,湘南,神奈川県茅ヶ崎市元町131,お問い合わせ下さい,,,,,要確認,,,,,,,,,,,
,ロコスポーツ,杉田,神奈川県横浜市磯子区杉田1丁目17-1,お問い合わせ下さい,,,,,要確認,,,,,,,,,,,
,東急スポーツオアシス,武蔵小杉24Plus,神奈川県川崎市中原区小杉町1-403,お問い合わせ下さい,,,,,要確認,,,,,,,,,,,
,東急スポーツオアシス,横須賀24Plus,神奈川県横須賀市平成町2-14-1VISPO3F,お問い合わせ下さい,,,,,要確認,,,,,,,,,,,
,東急スポーツオアシス,港 北,神奈川県横浜市都筑区中川中央2-7-1港北MINAMO3階,お問い合わせ下さい,,,,,要確認,,,,,,,,,,,
,東急スポーツオアシス,戸 塚,神奈川県横浜市戸塚区戸塚町4253-1サクラス戸塚B2F,お問い合わせ下さい,,,,,要確認,,,,,,,,,,,
,東急スポーツオアシス,相模原24Plus,神奈川県相模原市中央区中央2-12-18,お問い合わせ下さい,,,,,要確認,,,,,,,,,,,
,ティップネス,鴨居店,神奈川県横浜市都筑区池辺町4261－5,お問い合わせ下さい,屋内（風除室含む）,場所とる,"30,000","30,000",要確認,,,,,,,,,,,
,ティップネス,横浜店,神奈川県横浜市西区北幸2－2－1  ハマボールイアス3Ｆ,お問い合わせ下さい,,,,,要確認,,,,,,,,,,,
,ティップネス,二俣川店,神奈川県横浜市旭区二俣川1－6－1,お問い合わせ下さい,屋内（風除室含む）,場所とる,"30,000","30,000",要確認,,,,,,,,,,,
,ティップネス,藤沢店,神奈川県藤沢市鵠沼花沢町13－1,お問い合わせ下さい,屋内（風除室含む）,場所とる,"30,000","30,000",要確認,,,,,,,,,,,
,ティップネス,宮崎台店,神奈川県川崎市宮前区宮崎2－10－10,お問い合わせ下さい,屋内（風除室含む）,場所とる,"30,000","30,000",要確認,,,,,,,,,,,
,ティップネス,宮前平店,神奈川県川崎市宮前区宮前平1－10－1,お問い合わせ下さい,屋内（風除室含む）,場所とる,"30,000","30,000",要確認,,,,,,,,,,,
,ティップネス,川崎店,神奈川県川崎市川崎区砂子2－11－17  日土地川崎ビル3F,お問い合わせ下さい,屋内（風除室含む）,場所とる,"30,000","30,000",要確認,,,,,,,,,,,
,ティップネス,鶴見店,神奈川県横浜市鶴見区鶴見中央1－3－4  えんため館4F～7F,お問い合わせ下さい,屋内（風除室含む）,場所とる,"30,000","30,000",要確認,,,,,,,,,,,
,西友,西友阿久和,横浜市瀬谷区阿久和西1丁目25-1,1階　軒先入口横,屋外,場所とる,"25,000","25,000",要確認,,,,,,,,,,,
,西友,西友逗子ハイランド,逗子市久木8丁目13-12,1階　店頭入口横　軒先(屋根あり),屋外,場所とる,"20,000","20,000",要確認,,,,,,,,,,,
,西友,西友川崎神明,川崎市幸区神明町2丁目89,1階 軒先,屋外,場所とる,"17,000","17,000",要確認,,,,,,,,,,,
,西友,西友辻堂,藤沢市辻堂西海岸3丁目1-48,1階正面入り口前,屋外,場所とる,"17,000","17,000",要確認,,,,,,,,,,,
,西友,西友平塚,平塚市東中原1丁目1-25,1階入口横,屋外,場所とる,"25,000","45,000",要確認,,,,,,,,,,,
,コナミスポーツクラブ,コナミスポーツクラブ橋本,相模原市緑区西橋本5-1-1 ラ・フロール橋本 4F,要確認,屋内（風除室含む）,場所とる,"25,750","25,750",要確認,,,,【同月内で3日間以上の申請必須】,,,,,,,
,コナミスポーツクラブ,コナミスポーツクラブ厚木,厚木市戸室5-31-1,要確認,屋内（風除室含む）,場所とる,"25,750","25,750",要確認,,,,【同月内で3日間以上の申請必須】,,,,,,,
,コナミスポーツクラブ,コナミスポーツクラブ洋光台,横浜市磯子区洋光台3-1-4,要確認,屋内（風除室含む）,場所とる,"25,750","25,750",要確認,,,,【同月内で3日間以上の申請必須】,,,,,,,
,コナミスポーツクラブ,コナミスポーツクラブ武蔵小杉,川崎市中原区新丸子東3-1100-14,要確認,屋内（風除室含む）,場所とる,"25,750","25,750",要確認,,,,【同月内で3日間以上の申請必須】,,,,,,,
,コナミスポーツクラブ,コナミスポーツクラブ横浜,横浜市神奈川区沢渡5,要確認,屋内（風除室含む）,場所とる,"25,750","25,750",要確認,,,,【同月内で3日間以上の申請必須】,,,,,,,
,コナミスポーツクラブ,コナミスポーツクラブ新百合ヶ丘,川崎市麻生区上麻生1-18-1,要確認,屋内（風除室含む）,場所とる,"25,750","25,750",要確認,,,,【同月内で3日間以上の申請必須】,,,,,,,
,コナミスポーツクラブ,コナミスポーツクラブ希望が丘,横浜市旭区東希望が丘107,要確認,屋内（風除室含む）,場所とる,"25,750","25,750",要確認,,,,【同月内で3日間以上の申請必須】,,,,,,,
,コナミスポーツクラブ,コナミスポーツクラブ磯子,横浜市磯子区森1-12-1,要確認,屋内（風除室含む）,場所とる,"25,750","25,750",要確認,,,,【同月内で3日間以上の申請必須】,,,,,,,
,コナミスポーツクラブ,コナミスポーツクラブ川崎,川崎市幸区堀川町72-1,要確認,屋内（風除室含む）,場所とる,"25,750","25,750",要確認,,,,【同月内で3日間以上の申請必須】,,,,,,,
,コナミスポーツクラブ,コナミスポーツクラブ三ツ境,横浜市瀬谷区三ツ境7-1,要確認,屋内（風除室含む）,場所とる,"25,750","25,750",要確認,,,,【同月内で3日間以上の申請必須】,,,,,,,
,コナミスポーツクラブ,コナミスポーツクラブ上大岡,横浜市港南区上大岡西1-18-5,要確認,屋内（風除室含む）,場所とる,"25,750","25,750",要確認,,,,【同月内で3日間以上の申請必須】,,,,,,,
,コナミスポーツクラブ,コナミスポーツクラブ中央林間,大和市中央林間6-6-24,要確認,屋内（風除室含む）,場所とる,"25,750","25,750",要確認,,,,【同月内で3日間以上の申請必須】,,,,,,,
,コナミスポーツクラブ,コナミスポーツクラブたまプラーザ,横浜市青葉区美しが丘1-13-1,要確認,屋内（風除室含む）,場所とる,"25,750","25,750",要確認,,,,【同月内で3日間以上の申請必須】,,,,,,,
,スポーツクラブ Lite! ルネサンス,横浜,神奈川県横浜市西区岡野2－15－1,お問い合わせ下さい,,,,,実施不可,,,,,,,,,,,
,ランドマーク フィットネスクラブ,ランドマーク フィットネスクラブ,神奈川県横浜市西区みなとみらい2-2-1-3 横浜ロイヤルパークホテル49Ｆ,お問い合わせ下さい,,,,,要確認,,,,,,,,,,,
,メガロス,鷺沼,神奈川県川崎市宮前区有馬1丁目21-3,お問い合わせ下さい,,,,,要確認,,,,,,,,,,,
,メガロス,相模大野,神奈川県相模原市南区相模大野3-2-1 ボーノ相模大野5階,お問い合わせ下さい,,,,,要確認,,,,,,,,,,,
,イオン,本牧店,神奈川県横浜市中区本牧原7-1,1階エスカレーター前,屋内（風除室含む）,ダイエースペース,"20,000","25,000",要確認,,,,,,,,,,,
,TSUTAYA BOOKSTORE,ホームズ新山下店,神奈川県横浜市中区新山下2-12-34,お問い合わせください,,,,,要確認,,,,,,,,,,,
,TSUTAYA BOOKSTORE,弥生台店,神奈川県横浜市泉区弥生台16番3,お問い合わせください,,,,,要確認,,,,,,,,,,,
,蔦屋書店,大和下鶴間店,神奈川県大和市中央林間西2-5-36,お問い合わせください,,,,,要確認,,,,,,,,,,,
,蔦屋書店,厚木下依知店,神奈川県厚木市下依知一丁目8番8号,お問い合わせください,,,,,要確認,,,,,,,,,,,
,TSUTAYA,上大岡店,神奈川県横浜市港南区上大岡西1-16-15,お問い合わせください,,,,,要確認,,,,,,,,,,,
,BOOKOFF,SUPER　BAZAAR　綱島樽町,横浜市港北区樽町3-12-25,店内スペース,屋内（風除室含む）,場所とる,"35,000","35,000",要確認,,,,,,,,,,,
,BOOKOFF,SUPER　BAZAAR　横浜瀬谷南台,横浜市瀬谷区南台1-45-2,店内スペース,屋内（風除室含む）,場所とる,"35,000","35,000",要確認,,,,,,,,,,,
,ライフ,ライフ有馬五丁目店,神奈川県川崎市宮前区有馬5-21-15,机1台程度,,ライフ,"40,000","40,000",実施可能,,,,,,,,,,,
,ライフ,ライフ川崎大島店,神奈川県川崎市川崎区大島4-3-1,要確認,,ライフ,"40,000","40,000",実施不可,,,,,,,,,,,
,ライフ,ライフ東有馬店,神奈川県川崎市宮前区東有馬2-2-28,机1台程度,,ライフ,"40,000","40,000",実施可能,,,,,,,,,,,
,ライフ,ライフ高津新作店,神奈川県川崎市高津区新作5-4-28,要確認,,ライフ,"40,000","40,000",実施可能,,,,,,,,,,,
,ライフ,ライフ川崎桜本店,神奈川県川崎市川崎区桜本2-16-1,要確認,,ライフ,"40,000","40,000",実施不可,,,,,,,,,,,
,ライフ,ライフ川崎御幸店,神奈川県川崎市幸区小向西町4-93,要確認,,ライフ,"40,000","40,000",実施不可,,,,,,,,,,,
,ライフ,ライフ宿河原店,神奈川県川崎市多摩区宿河原1-22-37,要確認,,ライフ,"40,000","40,000",実施不可,,,,,,,,,,,
,ライフ,ライフ向ケ丘遊園店,神奈川県川崎市多摩区登戸2735,要確認,,ライフ,"40,000","40,000",実施不可,,,,,,,,,,,
,ライフ,ライフ川崎京町店,神奈川県川崎市川崎区京町3-21-1,要確認,,ライフ,"40,000","40,000",実施可能,,,,,,,,,,,
,ライフ,ライフ鶴見下野谷町店,神奈川県横浜市鶴見区下野谷町1-27,要確認,,ライフ,"40,000","40,000",実施可能,,,,,,,,,,,
,ライフ,ライフ鶴見店,神奈川県横浜市鶴見区北寺尾2-19,要確認,,ライフ,"40,000","40,000",実施可能,,,,,,,,,,,
,ライフ,ライフ希望が丘店,神奈川県横浜市旭区中希望が丘177-1 K-1ショッピングセンター内,要確認,,ライフ,"40,000","40,000",実施不可,,,,過去にコロナ前に催事開催実績有。テナントオーナーが別会社の為、実施可能かは都度確認が必要。※同テナント内にノジマ入店あり,,,,,,,
,ライフ,ライフ大倉山店,神奈川県横浜市港北区大倉山5-24-14,要確認,,ライフ,"40,000","40,000",実施不可,,,,,,,,,,,
,ライフ,ライフ戸塚汲沢店,神奈川県横浜市戸塚区汲沢町1158−1,店内1階入り口スペース,,ライフ,"40,000","40,000",実施不可,,,,屋外・屋内は要確認。店舗逆オファー実績あり。机は長テーブル2台分くらい、レンタル可能。椅子はない為準備必須,,,,,,,
,ライフ,ライフ宮内二丁目店,神奈川県川崎市中原区宮内2-1-1,,,,"40,000","40,000",実施可能,,,,,,,,,,,
,ライフ,ライフ子母口店,神奈川県川崎市高津区子母口字旭田284,,,,"40,000","40,000",実施可能,,,,,,,,,,,
,ライフ,ライフ中原井田店,神奈川県川崎市中原区井田1-33-16,,,,"40,000","40,000",実施可能,,,,,,,,,,,
,ライフ,ライフ宮崎台店,神奈川県川崎市宮前区宮崎2-3-8,,,,"40,000","40,000",実施可能,,,,,,,,,,,
,ライフ,ライフ川崎ルフロン店,神奈川県川崎市川崎区日進町１－１１ 川崎ルフロン内1Ｆ,,,,"40,000","40,000",実施不可,,,,,,,,,,,
,ライフ,ライフ溝口店,神奈川県川崎市高津区溝口5-24-8,,,,"40,000","40,000",実施可能,,,,,,,,,,,
,ライフ,ライフ大口店,神奈川県横浜市神奈川区神之木町7-5,,,,"40,000","40,000",実施可能,,,,,,,,,,,
,ライフ,ライフ青葉しらとり台店,神奈川県横浜市青葉区しらとり台50-3,,,,"40,000","40,000",実施不可,,,,,,,,,,,
,ライフ,ライフグランシップ大船駅前店,神奈川県横浜市栄区笠間2-2-1　地下1階,,,,"40,000","40,000",実施不可,,,,,,,,,,,
,ライフ,ライフビエラ蒔田店,神奈川県横浜市南区花之木町3－４８－１,,,,"40,000","40,000",実施不可,,,,,,,,,,,
,ライフ,ライフ鎌倉大船モール店,神奈川県鎌倉市岡本1188-1,,,,"40,000","40,000",実施不可,,,,,,,,,,,
,ライフ,ライフ相模原駅ビル店,神奈川県相模原市中央区相模原1-1-3,,,,"40,000","40,000",実施不可,,,,,,,,,,,
,ライフ,ライフ相模原モール店,神奈川県相模原市中央区小山3-37-1,,,,"40,000","40,000",実施不可,,,,,,,,,,,
,ライフ,ライフ相模原若松店,神奈川県相模原市南区若松5-19-5,,,,"40,000","40,000",実施不可,,,,,,,,,,,
,ライフ,ライフ相模大野駅前店,神奈川県相模原市南区相模大野3-2-1,,,,"40,000","40,000",実施不可,,,,,,,,,,,
,ライフ,ライフ上鶴間店,神奈川県相模原市南区上鶴間1-16-2,,,,"40,000","40,000",実施不可,,,,,,,,,,,
,ライフ,ライフ川崎塚越店,神奈川県川崎市幸区塚越4-298-1,,,,"40,000","40,000",実施可能,,,,,,,,,,,
,イオン,橋本店,神奈川県相模原市緑区橋本6-2-1,駐輪場入口付近テナント跡地スぺース,,スペースラボ,要確認,要確認,要確認,,,,都度申請※決裁の都合上、開催日の1か月前締め切り/回答まで1週間前後,,,,,,,
,イオン,ザ・ビッグ二宮店,中郡二宮町一色1207-1,１階　エスカレーター上り口前　催事スペース,屋内（風除室含む）,ダイエースペース,"15,000","20,000",要確認,,,,,,,,,,,
,イオン,ザ・ビッグ相模原西橋本店,相模原市緑区西橋本１-14-25,1階　出入口横,屋内（風除室含む）,ダイエースペース,"15,000","20,000",要確認,,,,,,,,,,,
,イオン,ピーコック磯子店,横浜市磯子区森1-6,駅側　出入口風除室,屋内（風除室含む）,ダイエースペース,"15,000","20,000",要確認,,,,,,,,,,,
,イオン,大和店,大和市渋谷6-6-1,1階　駅側エスカレーター付近,屋内（風除室含む）,ダイエースペース,"30,000","50,000",要確認,,,,,,,,,,,
,イオンスタイル,イオンスタイル湘南茅ヶ崎店,茅ヶ崎市茅ヶ崎２丁目７−７１,店内スペース,屋内（風除室含む）,ダイエースペース,"20,000","30,000",要確認,,,,,,,,,,,
,イオンスタイル,イオンスタイル湘南茅ヶ崎店,茅ヶ崎市茅ヶ崎２丁目７−７１,店外,屋外,ダイエースペース,"20,000","30,000",要確認,,,,,,,,,,,
,イオンスタイル,イオンフードスタイル港南台店,横浜市港南区港南台3-1-2,風除室,屋内（風除室含む）,ダイエースペース,"20,000","30,000",要確認,,,,,,,,,,,
,イオンスタイル,イオンフードスタイル三ツ境店,横浜市瀬谷区三ッ境7-1,店内スペース,屋内（風除室含む）,ダイエースペース,"15,000","20,000",要確認,,,,,,,,,,,
,イオンスタイル,イオンフードスタイル鴨居店,横浜市緑区鴨居1-6-1,店頭軒下,屋外,ダイエースペース,"20,000","30,000",要確認,,,,,,,,,,,
,ダイエー,ダイエー蛯名店　1Fエスカレーター下,海老名市中央3-2-5,要確認,屋内（風除室含む）,ダイエースペース,"20,000","20,000",,,,,店舗企画により場所が異なるため事前連絡にて確認必要　,,,,,,,
,ダイエー,ダイエー湘南台店　店頭軒下,藤沢市湘南台1-3-3,要確認,屋外,ダイエースペース,"15,000","20,000",,,,,,,,,,,,
,ダイエー,ダイエー十日市場店　店頭軒下,横浜市緑区十日市場町818-2,要確認,屋外,ダイエースペース,"15,000","20,000",,,,,,,,,,,,
,ダイエー,ダイエー藤沢店　1F出入り口横,藤沢市藤沢520,要確認,屋内（風除室含む）,ダイエースペース,"15,000","20,000",,,,,,,,,,,,
,ダイエー,ダイエー津久井店　パン屋側出入り口横軒下,相模原市緑区中野９９７ １,要確認,屋外,ダイエースペース,"15,000","20,000",,,,,,,,,,,,
,ダイエー,ダイエー相武台店　正面出入口風除室,座間市広野台１丁目３ ３０,要確認,屋内（風除室含む）,ダイエースペース,"15,000","20,000",,,,,,,,,,,,
,ダイエー,ダイエーグルメシティ鎌倉店　店内スペース,鎌倉市常盤３５５−１７,要確認,屋内（風除室含む）,ダイエースペース,"15,000","20,000",,,,,,,,,,,,
,マルエツ,マルエツ瀬谷店,横浜市瀬谷区中央6-20,要確認,屋外,ダイエースペース,"15,000","20,000",,,,,,,,,,,,
,マルエツ,マルエツ井土ヶ谷店,横浜市南区井土ヶ谷下町215-11,要確認,屋外,ダイエースペース,"15,000","20,000",,,,,,,,,,,,
,マルエツ,マルエツ磯子店,横浜市磯子区磯子３丁目１３−２,要確認,屋内（風除室含む）,ダイエースペース,"15,000","20,000",,,,,,,,,,,,
,マルエツ,マルエツ茅ヶ崎店,茅ヶ崎市香川1-1-38,要確認,屋内（風除室含む）,ダイエースペース,"15,000","20,000",,,,,,,,,,,,
,マルエツ,マルエツ中山店,横浜市緑区中山町100-1,要確認,屋内（風除室含む）,ダイエースペース,"15,000","20,000",,,,,,,,,,,,
,マルエツ,マルエツ川崎宮前店,川崎市宮前区犬蔵３丁目９ １２ 施,要確認,屋内（風除室含む）,ダイエースペース,"15,000","20,000",,,,,,,,,,,,
,マルエツ,マルエツ中川駅前,横浜市都筑区中川１丁目２０－５,要確認,屋内（風除室含む）,ダイエースペース,"15,000","20,000",,,,,,,,,,,,
,マルエツ,マルエツ鹿島田店,川崎市幸区新塚越201番地ルリエ新川崎,要確認,屋外,ダイエースペース,"15,000","20,000",,,,,,,,,,,,
,マルエツ,マルエツさがみ野店,海老名市東柏ヶ谷5-14-6,要確認,屋内（風除室含む）,ダイエースペース,"15,000","20,000",,,,,,,,,,,,
,マルエツ,マルエツ大和中央店,大和市中央1-4-19,要確認,屋内（風除室含む）,ダイエースペース,"15,000","20,000",,,,,,,,,,,,
,マルエツ,マルエツ出来野店,川崎市川崎区出来野10-15,要確認,屋内（風除室含む）,ダイエースペース,"15,000","20,000",,,,,,,,,,,,
,マルエツ,マルエツ鶴間店,大和市西鶴間3-1-8,要確認,屋内（風除室含む）,ダイエースペース,"15,000","20,000",,,,,,,,,,,,
,マルエツ,マルエツ柿生店,川崎市麻生区上麻生5-41-1,要確認,屋内（風除室含む）,ダイエースペース,"15,000","20,000",,,,,,,,,,,,
,マルエツ,マルエツ天王町店,横浜市保土ケ谷区岩間町１丁目１−５ 天王町ハイタウン 101,要確認,屋内（風除室含む）,ダイエースペース,"15,000","20,000",,,,,,,,,,,,
,マルエツ,マルエツ戸塚舞岡店,横浜市戸塚区舞岡町3457-1,要確認,屋内（風除室含む）,ダイエースペース,"15,000","20,000",,,,,,,,,,,,
,マルエツ,マルエツ綾瀬店,綾瀬市上土棚南１丁目８−２５,要確認,屋内（風除室含む）,ダイエースペース,"15,000","20,000",,,,,,,,,,,,
,マルエツ,マルエツ中津店,愛甲郡愛川町中津3397-1,要確認,屋内（風除室含む）,ダイエースペース,"15,000","20,000",,,,,,,,,,,,
,マルエツ,マルエツ溝の口店,川崎市高津区溝口1-11-12,要確認,屋外,ダイエースペース,"15,000","20,000",,,,,,,,,,,,
,マルエツ,マルエツ名瀬店①　店内,横浜市戸塚区名瀬町７６６−３,要確認,屋内（風除室含む）,ダイエースペース,"15,000","20,000",,,,,,,,,,,,
,マルエツ,マルエツ名瀬店②　店外,横浜市戸塚区名瀬町７６６−３,要確認,屋外,ダイエースペース,"15,000","20,000",,,,,,,,,,,,
,マルエツ,マルエツ戸塚大坂下店,横浜市戸塚区戸塚町469-1,要確認,屋内（風除室含む）,ダイエースペース,"15,000","20,000",,,,,,,,,,,,
,マルエツ,"マルエツ六ッ川店",横浜市南区六ッ川1-689-1,要確認,屋内（風除室含む）,ダイエースペース,"15,000","20,000",,,,,,,,,,,,
,マルエツ,マルエツ愛甲石田店,伊勢原市東成瀬18-2,要確認,屋外,ダイエースペース,"15,000","20,000",,,,,,,,,,,,
,マルエツ,マルエツなぎさモール辻堂店,藤沢市辻堂西海岸2-11-1,要確認,屋内（風除室含む）,ダイエースペース,"15,000","20,000",,,,,,,,,,,,
,マルエツ,マルエツ東神奈川店,横浜市神奈川区西神奈川1丁目6-15,要確認,屋内（風除室含む）,ダイエースペース,"15,000","20,000",,,,,,,,,,,,
,マルエツ,マルエツ新川崎①　店内,川崎市幸区鹿島田1-1-3,要確認,屋内（風除室含む）,ダイエースペース,"15,000","20,000",,,,,,,,,,,,
,マルエツ,マルエツ新川崎②　店外,川崎市幸区鹿島田1-1-3,要確認,屋外,ダイエースペース,"15,000","20,000",,,,,,,,,,,,
,マルエツ,マルエツ横浜最戸店,横浜市港南区最戸1丁目16-15,要確認,屋外,ダイエースペース,"15,000","20,000",,,,,,,,,,,,
,たまや,たまや深谷店,神奈川県横浜市戸塚区深谷町1404-1,風除室,屋内（風除室含む）,ネクサスイノベーション,"30,000","30,000",要確認,,,,,,,,,,,
,たまや,たまや港南台店,神奈川県横浜市港南区港南台6-12-5,風除室,屋内（風除室含む）,ネクサスイノベーション,"30,000","30,000",要確認,,,,,,,,,,,
,たまや,たまや野庭店,横浜市港南区野庭町637-2,風除室,屋内（風除室含む）,ネクサスイノベーション,"30,000","30,000",要確認,,,,,,,,,,,
,たまや,たまや上郷店,神奈川県横浜市栄区上郷町182-1,風除室,屋内（風除室含む）,ネクサスイノベーション,"30,000","30,000",要確認,,,,,,,,,,,
,たまや,たまや鎌倉手広店,鎌倉市笛田1-2-10,風除室,屋内（風除室含む）,ネクサスイノベーション,"30,000","30,000",要確認,,,,,,,,,,,
,たまや,たまや茅ケ崎駅南店,茅ケ崎市幸町1-23,イートインコーナー,屋内（風除室含む）,ネクサスイノベーション,"30,000","30,000",要確認,,,,,,,,,,,
,たまや,たまや浜竹店,神奈川県茅ヶ崎市浜竹1-7-27,風除室,屋内（風除室含む）,ネクサスイノベーション,"30,000","30,000",要確認,,,,,,,,,,,
,たまや,たまや大磯店,神奈川県中郡大磯町高麗1-12-4,イートインコーナー,屋内（風除室含む）,ネクサスイノベーション,"30,000","30,000",要確認,,,,,,,,,,,
,いなげや,いなげや愛川春日台,愛川町中津1576-1,要確認,屋内（風除室含む）,場所とる,"23,000","23,000",要確認,,,,,,,,,,,
,いなげや,いなげや横浜西が岡,横浜市泉区西が岡1-2-1,サービスカウンター横,屋内（風除室含む）,場所とる,"23,000","23,000",要確認,,,,,,,,,,,
,いなげや,いなげや横浜東蒔田,横浜市南区東蒔田町3-15,軒下,屋外,場所とる,"23,000","23,000",要確認,,,,,,,,,,,
,いなげや,いなげや三浦三崎,三浦市三崎町六合1-1,要確認,屋内（風除室含む）,場所とる,"23,000","23,000",要確認,,,,,,,,,,,
,いなげや,いなげや新ゆりヨネッティー王禅寺前,川崎市麻生区東百合丘3-5-5,要確認,屋内（風除室含む）,場所とる,"23,000","23,000",要確認,,,,,,,,,,,
,いなげや,いなげや川崎幸,川崎市幸区南幸町1-3-1,要確認,屋内（風除室含む）,場所とる,"23,000","23,000",要確認,,,,,,,,,,,
,いなげや,いなげや川崎登戸,川崎市多摩区中野島2325-1,店頭軒下,屋外,場所とる,"23,000","23,000",要確認,,,,,,,,,,,
,いなげや,いなげや川崎土橋,川崎市宮前区土橋1-21-9,フードコート横,屋内（風除室含む）,場所とる,"23,000","23,000",要確認,,,,,,,,,,,
,いなげや,いなげや相模原下九沢,相模原市緑区下九沢1779-8,要確認,屋内（風除室含む）,場所とる,"23,000","23,000",要確認,,,,,,,,,,,
,いなげや,いなげや大和高座渋谷,大和市渋谷5-40-1,風除室,屋内（風除室含む）,場所とる,"23,000","23,000",要確認,,,,,,,,,,,
,いなげや,いなげや大和相模大塚駅前,大和市上草柳187-2,レジ横,屋内（風除室含む）,場所とる,"23,000","23,000",要確認,,,,,,,,,,,
,ラゾーナ,ラゾーナ川崎プラザ,川崎市幸区堀川町72-1,1階　Plaza　West側,屋内（風除室含む）,場所とる,"258,000","308,000",要確認,,,,,,,,,,,
,ラゾーナ,ラゾーナ川崎プラザ,川崎市幸区堀川町72-1,2階　Plaza　East,屋内（風除室含む）,場所とる,"258,000","308,000",要確認,,,,,,,,,,,
,ラゾーナ,ラゾーナ川崎プラザ,川崎市幸区堀川町72-1,2階　ルーファ広場入口(コンコース),屋内（風除室含む）,場所とる,"358,000","408,000",要確認,,,,,,,,,,,
,ラゾーナ,ラゾーナ川崎プラザ,川崎市幸区堀川町72-1,2階　貴和製作所前,屋内（風除室含む）,場所とる,"258,000","308,000",要確認,,,,,,,,,,,
,ラゾーナ,ラゾーナ川崎プラザ,川崎市幸区堀川町72-1,3階　Plaza　East側吹き抜け前,屋内（風除室含む）,場所とる,"258,000","308,000",要確認,,,,,,,,,,,
,ラゾーナ,ラゾーナ川崎プラザ,川崎市幸区堀川町72-1,3階　Plaza　West側吹き抜け前,屋内（風除室含む）,場所とる,"258,000","308,000",要確認,,,,,,,,,,,
,ラゾーナ,ラゾーナ川崎プラザ,川崎市幸区堀川町72-1,4階　Plaza　East側吹き抜け前,屋内（風除室含む）,場所とる,"258,000","308,000",要確認,,,,,,,,,,,
,ラゾーナ,ラゾーナ川崎プラザ,川崎市幸区堀川町72-1,4階　Plaza　West側吹き抜け前,屋内（風除室含む）,場所とる,"258,000","308,000",要確認,,,,,,,,,,,
,ラゾーナ,ラゾーナ川崎プラザ,川崎市幸区堀川町72-1,4階　中央通路,屋内（風除室含む）,場所とる,"258,000","308,000",要確認,,,,,,,,,,,
,ラゾーナ,ラゾーナ川崎プラザ,川崎市幸区堀川町72-1,2階　ルーファ広場　アクアステージ,屋内（風除室含む）,場所とる,"508,000","1,008,000",要確認,,,,,,,,,,,
,ラゾーナ,ラゾーナ川崎プラザ,川崎市幸区堀川町72-1,2階　ルーファ広場　グランドステージ,屋内（風除室含む）,場所とる,"508,000","1,008,000",要確認,,,,,,,,,,,
,ヨークマート,ヨークマート伊勢原,伊勢原市板戸8,1階　食品レジアウト,屋内（風除室含む）,場所とる,"30,000","30,000",要確認,,,,【8.15.18.25.28日は土日祝料金】【3月.5月.8月.12月は賃料増額】,,,,,,,
,ヨークマート,ヨークマート伊勢原,伊勢原市板戸8,店頭軒下,屋外,場所とる,"30,000","30,000",要確認,,,,【8.15.18.25.28日は土日祝料金】【3月.5月.8月.12月は賃料増額】,,,,,,,
,ヨークマート,ヨークマート伊勢原成瀬,伊勢原市下糟屋3022-1,店頭軒下,屋外,場所とる,"30,000","30,000",要確認,,,,【8.15.18.25.28日は土日祝料金】【3月.5月.8月.12月は賃料増額】,,,,,,,
,ヨークマート,ヨークマート磯子,横浜市磯子区森1-5-21,店頭,屋外,場所とる,"30,000","30,000",要確認,,,,【8.15.18.25.28日は土日祝料金】【3月.5月.8月.12月は賃料増額】,,,,,,,
,ヨークマート,ヨークマート鴨宮,小田原市南鴨宮3丁目35-28,1階青果側入口,屋内（風除室含む）,場所とる,"30,000","30,000",要確認,,,,【8.15.18.25.28日は土日祝料金】【3月.5月.8月.12月は賃料増額】,,,,,,,
,ヨークマート,ヨークマート久里浜,横須賀市久里浜7丁目3-1,2階エレベーター前,屋内（風除室含む）,場所とる,"30,000","30,000",要確認,,,,【8.15.18.25.28日は土日祝料金】【3月.5月.8月.12月は賃料増額】,,,,,,,
,ヨークマート,ヨークマート久里浜,横須賀市久里浜7丁目3-1,セルフレジ後ろサッカー台横付近,屋内（風除室含む）,場所とる,"30,000","30,000",要確認,,,,【8.15.18.25.28日は土日祝料金】【3月.5月.8月.12月は賃料増額】,,,,,,,
,ヨークマート,ヨークフーズ戸塚深谷町,横浜市戸塚区深谷町1200-1,1階ATM前,屋内（風除室含む）,場所とる,"30,000","30,000",要確認,,,,【8.15.18.25.28日は土日祝料金】【3月.5月.8月.12月は賃料増額】,,,,,,,
,ヨークマート,ヨークフーズ戸塚深谷町,横浜市戸塚区深谷町1200-1,軒下スペース,屋外,場所とる,"30,000","30,000",要確認,,,,【8.15.18.25.28日は土日祝料金】【3月.5月.8月.12月は賃料増額】,,,,,,,
,ヨークマート,ヨークマート厚木インター,厚木市酒井3052,出入り口付近,屋内（風除室含む）,場所とる,"30,000","30,000",要確認,,,,【8.15.18.25.28日は土日祝料金】【3月.5月.8月.12月は賃料増額】,,,,,,,
,ヨークマート,ヨークマート厚木妻田,厚木市妻田北1-7-27,1階ふれあいコーナー,屋内（風除室含む）,場所とる,"30,000","30,000",要確認,,,,【8.15.18.25.28日は土日祝料金】【3月.5月.8月.12月は賃料増額】,,,,,,,
,ヨークマート,ヨークマート厚木妻田,厚木市妻田北1-7-27,1階平面駐車場側入口,屋内（風除室含む）,場所とる,"30,000","30,000",要確認,,,,【8.15.18.25.28日は土日祝料金】【3月.5月.8月.12月は賃料増額】,,,,,,,
,ヨークマート,ヨークマート港北,横浜市都筑区北山田5丁目17-5,サービスカウンター前,屋内（風除室含む）,場所とる,"30,000","30,000",要確認,,,,【8.15.18.25.28日は土日祝料金】【3月.5月.8月.12月は賃料増額】,,,,,,,
,ヨークマート,ヨークマート酒匂,小田原市西酒匂1-9-1,1階セルフレジ前,屋内（風除室含む）,場所とる,"30,000","30,000",要確認,,,,【8.15.18.25.28日は土日祝料金】【3月.5月.8月.12月は賃料増額】,,,,,,,
,ヨークマート,ヨークフーズ秦野緑町,秦野市緑町15-7,1階惣菜側出入り口,屋内（風除室含む）,場所とる,"30,000","30,000",要確認,,,,【8.15.18.25.28日は土日祝料金】【3月.5月.8月.12月は賃料増額】,,,,,,,
,ヨークマート,ヨークフーズ西大竹,秦野市尾尻875,青果側入口,屋外,場所とる,"30,000","30,000",要確認,,,,【8.15.18.25.28日は土日祝料金】【3月.5月.8月.12月は賃料増額】,,,,,,,
,ヨークマート,ヨークフーズ上大岡,横浜市港南区上大岡西3丁目9-1,イートインコーナー前(ふれあいコーナー前),屋内（風除室含む）,場所とる,"30,000","30,000",要確認,,,,,,,,,,,
,ヨークマート,ヨークマート川崎野川,川崎市宮前区野川本町2丁目18-19,1階ふれあいコーナー,屋内（風除室含む）,場所とる,"30,000","30,000",要確認,,,,【8.15.18.25.28日は土日祝料金】【3月.5月.8月.12月は賃料増額】,,,,,,,
,ヨークマート,ヨークマート大倉山,横浜市港北区大倉山4丁目3-5,青果側出入り口付近,屋内（風除室含む）,場所とる,"30,000","30,000",要確認,,,,【8.15.18.25.28日は土日祝料金】【3月.5月.8月.12月は賃料増額】,,,,,,,
,ヨークマート,ヨークマート大和中央,大和市中央2丁目6-1,1階惣菜側出入口,屋内（風除室含む）,場所とる,"30,000","30,000",要確認,,,,【8.15.18.25.28日は土日祝料金】【3月.5月.8月.12月は賃料増額】,,,,,,,
,ヨークマート,ヨークフーズ辻堂太平台,藤沢市辻堂太平台2丁目10-3,1階ベーカリー側出入口付近,屋内（風除室含む）,場所とる,"30,000","30,000",要確認,,,,【8.15.18.25.28日は土日祝料金】【3月.5月.8月.12月は賃料増額】,,,,,,,
,ヨークマート,ヨークフーズ　with　ザ・ガーデン自由が丘　東逗子,逗子市桜山4-5-1,2階下りエスカレーター前,屋内（風除室含む）,場所とる,"30,000","30,000",要確認,,,,【8.15.18.25.28日は土日祝料金】【3月.5月.8月.12月は賃料増額】,,,,,,,
,ヨークマート,ヨークフーズ　with　ザ・ガーデン自由が丘　東逗子,逗子市桜山4-5-1,地下1階上りエスカレーター前,屋内（風除室含む）,場所とる,"30,000","30,000",要確認,,,,【8.15.18.25.28日は土日祝料金】【3月.5月.8月.12月は賃料増額】,,,,,,,
,ヨークマート,ヨークフーズ　with　ザ・ガーデン自由が丘　東逗子,逗子市桜山4-5-1,地下1階下りエスカレーター前,屋内（風除室含む）,場所とる,"30,000","30,000",要確認,,,,【8.15.18.25.28日は土日祝料金】【3月.5月.8月.12月は賃料増額】,,,,,,,
,ヨークマート,ヨークフーズ南毛利,厚木市温水906-1,1階ベーカリー側入口付近,屋内（風除室含む）,場所とる,"30,000","30,000",要確認,,,,【8.15.18.25.28日は土日祝料金】【3月.5月.8月.12月は賃料増額】,,,,,,,
,ヨークマート,ヨークマート富士見,相模原市中央区富士見5丁目3-1,ふれあいコーナー内,屋内（風除室含む）,場所とる,"30,000","30,000",要確認,,,,【8.15.18.25.28日は土日祝料金】【3月.5月.8月.12月は賃料増額】,,,,,,,
,ヨークマート,ヨークマート妙蓮寺,横浜市港北区菊名2丁目16-12,1階催事スペース,屋内（風除室含む）,場所とる,"30,000","30,000",要確認,,,,【8.15.18.25.28日は土日祝料金】【3月.5月.8月.12月は賃料増額】,,,,,,,
,ヨークマート,ヨークマート立場,横浜市泉区和泉中央北2丁目1-1,2階　エスカレーター上　旧キャンドゥ前,屋内（風除室含む）,場所とる,"30,000","30,000",要確認,,,,【8.15.18.25.28日は土日祝料金】【3月.5月.8月.12月は賃料増額】,,,,,,,
,ヨークマート,ヨークフーズ六浦,横浜市金沢区六浦5丁目20-5,【通信専用スペース】　店頭軒下,屋外,場所とる,"30,000","30,000",要確認,,,,【8.15.18.25.28日は土日祝料金】【3月.5月.8月.12月は賃料増額】,,,,,,,
,ヨークマート,ヨークフーズ田名,相模原市中央区田名4693-1,青果側入口付近,屋内（風除室含む）,場所とる,"30,000","30,000",要確認,,,,【8.15.18.25.28日は土日祝料金】【3月.5月.8月.12月は賃料増額】,,,,,,,
,ヨークマート,ヨークフーズ藤沢六会,藤沢市亀井野1-3-9,1階エスカレーター横,屋内（風除室含む）,場所とる,"30,000","30,000",要確認,,,,【8.15.18.25.28日は土日祝料金】【3月.5月.8月.12月は賃料増額】,,,,,,,
,郵便局,横浜港郵便局20010,横浜市中区日本大通5-3,催事スペース,屋内（風除室含む）,場所とる,"10,000","10,000",要確認,,,,【8.15.18.25.28日は土日祝料金】【3月.5月.8月.12月は賃料増額】,,,,,,,
,郵便局,横浜中郵便局20020,横浜市中区曙町2-31,催事スペース,屋内（風除室含む）,場所とる,"15,000","15,000",要確認,,,,【8.15.18.25.28日は土日祝料金】【3月.5月.8月.12月は賃料増額】,,,,,,,
,郵便局,横須賀郵便局20030,横須賀市小川町8,催事スペース,屋内（風除室含む）,場所とる,"20,000","20,000",要確認,,,,【8.15.18.25.28日は土日祝料金】【3月.5月.8月.12月は賃料増額】,,,,,,,
,郵便局,横浜中央郵便局20040,横浜市西区高島2-14-2,催事スペース,屋内（風除室含む）,場所とる,"30,000","30,000",要確認,,,,【8.15.18.25.28日は土日祝料金】【3月.5月.8月.12月は賃料増額】,,,,,,,
,郵便局,久里浜郵便局20050,横須賀市久里浜5-10-1,催事スペース,屋内（風除室含む）,場所とる,"20,000","20,000",要確認,,,,【8.15.18.25.28日は土日祝料金】【3月.5月.8月.12月は賃料増額】,,,,,,,
,郵便局,小田原郵便局20060,小田原市栄町1-13-13,催事スペース,屋内（風除室含む）,場所とる,"20,000","20,000",要確認,,,,【8.15.18.25.28日は土日祝料金】【3月.5月.8月.12月は賃料増額】,,,,,,,
,郵便局,厚木郵便局20070,厚木市田村町2-18,催事スペース,屋内（風除室含む）,場所とる,"20,000","20,000",要確認,,,,【8.15.18.25.28日は土日祝料金】【3月.5月.8月.12月は賃料増額】,,,,,,,
,郵便局,藤沢郵便局20080,藤沢市藤沢115-2,催事スペース,屋内（風除室含む）,場所とる,"20,000","20,000",要確認,,,,【8.15.18.25.28日は土日祝料金】【3月.5月.8月.12月は賃料増額】,,,,,,,
,郵便局,高津郵便局20090,川崎市高津区末長1-40-28,催事スペース,屋内（風除室含む）,場所とる,"15,000","15,000",要確認,,,,【8.15.18.25.28日は土日祝料金】【3月.5月.8月.12月は賃料増額】,,,,,,,
,郵便局,伊勢原郵便局20100,伊勢原市田中432,催事スペース,屋内（風除室含む）,場所とる,"20,000","20,000",要確認,,,,【8.15.18.25.28日は土日祝料金】【3月.5月.8月.12月は賃料増額】,,,,,,,
,郵便局,箱根宮ノ下郵便局20110,箱根町小涌谷467,催事スペース,屋内（風除室含む）,場所とる,"10,000","10,000",要確認,,,,【8.15.18.25.28日は土日祝料金】【3月.5月.8月.12月は賃料増額】,,,,,,,
,郵便局,横浜丸山台郵便局20120,横浜市港南区丸山台3-22-5,催事スペース,屋内（風除室含む）,場所とる,"15,000","15,000",要確認,,,,【8.15.18.25.28日は土日祝料金】【3月.5月.8月.12月は賃料増額】,,,,,,,
,郵便局,戸塚郵便局20130,横浜市戸塚区戸塚町4102-1,催事スペース,屋内（風除室含む）,場所とる,"20,000","20,000",要確認,,,,【8.15.18.25.28日は土日祝料金】【3月.5月.8月.12月は賃料増額】,,,,,,,
,郵便局,大磯郵便局20140,大磯町大磯1043-1,催事スペース,屋内（風除室含む）,場所とる,"15,000","15,000",要確認,,,,【8.15.18.25.28日は土日祝料金】【3月.5月.8月.12月は賃料増額】,,,,,,,
,郵便局,城山郵便局20150,相模原市緑区久保沢2-1-30,催事スペース,屋内（風除室含む）,場所とる,"10,000","10,000",要確認,,,,【8.15.18.25.28日は土日祝料金】【3月.5月.8月.12月は賃料増額】,,,,,,,
,郵便局,秦野郵便局20160,秦野市室町2-44,催事スペース,屋内（風除室含む）,場所とる,"20,000","20,000",要確認,,,,【8.15.18.25.28日は土日祝料金】【3月.5月.8月.12月は賃料増額】,,,,,,,
,郵便局,松田郵便局20170,松田町松田惣領1596-1,催事スペース,屋内（風除室含む）,場所とる,"10,000","10,000",要確認,,,,【8.15.18.25.28日は土日祝料金】【3月.5月.8月.12月は賃料増額】,,,,,,,
,郵便局,緑郵便局20180,横浜市緑区中山4-32-30,催事スペース,屋内（風除室含む）,場所とる,"20,000","20,000",要確認,,,,【8.15.18.25.28日は土日祝料金】【3月.5月.8月.12月は賃料増額】,,,,,,,
,郵便局,南足柄郵便局20190,南足柄市関本156,催事スペース,屋内（風除室含む）,場所とる,"15,000","15,000",要確認,,,,【8.15.18.25.28日は土日祝料金】【3月.5月.8月.12月は賃料増額】,,,,,,,
,郵便局,箱根町郵便局20200,箱根町箱根79,催事スペース,屋内（風除室含む）,場所とる,"10,000","10,000",要確認,,,,【8.15.18.25.28日は土日祝料金】【3月.5月.8月.12月は賃料増額】,,,,,,,
,郵便局,幕山公園通郵便局20210,湯河原町中央2-20-15,催事スペース,屋内（風除室含む）,場所とる,"10,000","10,000",要確認,,,,【8.15.18.25.28日は土日祝料金】【3月.5月.8月.12月は賃料増額】,,,,,,,
,郵便局,上溝郵便局20230,相模原市中央区上溝5-12-2,催事スペース,屋内（風除室含む）,場所とる,"15,000","15,000",要確認,,,,【8.15.18.25.28日は土日祝料金】【3月.5月.8月.12月は賃料増額】,,,,,,,
,郵便局,愛川郵便局20240,愛川町角田145,催事スペース,屋内（風除室含む）,場所とる,"15,000","15,000",要確認,,,,【8.15.18.25.28日は土日祝料金】【3月.5月.8月.12月は賃料増額】,,,,,,,
,郵便局,津久井郵便局20250,相模原市緑区中野578-1,催事スペース,屋内（風除室含む）,場所とる,"15,000","15,000",要確認,,,,【8.15.18.25.28日は土日祝料金】【3月.5月.8月.12月は賃料増額】,,,,,,,
,郵便局,鎌倉郵便局20260,鎌倉市小町1-10-3,催事スペース,屋内（風除室含む）,場所とる,"20,000","20,000",要確認,,,,【8.15.18.25.28日は土日祝料金】【3月.5月.8月.12月は賃料増額】,,,,,,,
,郵便局,川崎中央郵便局20270,川崎市川崎区榎町1-2,催事スペース,屋内（風除室含む）,場所とる,"20,000","20,000",要確認,,,,【8.15.18.25.28日は土日祝料金】【3月.5月.8月.12月は賃料増額】,,,,,,,
,郵便局,保土ヶ谷郵便局20280,横浜市保土ケ谷区川辺町2-8,催事スペース,屋内（風除室含む）,場所とる,"20,000","20,000",要確認,,,,【8.15.18.25.28日は土日祝料金】【3月.5月.8月.12月は賃料増額】,,,,,,,
,郵便局,三浦郵便局20290,"三浦市三崎町諸磯43-1",催事スペース,屋内（風除室含む）,場所とる,"10,000","10,000",要確認,,,,【8.15.18.25.28日は土日祝料金】【3月.5月.8月.12月は賃料増額】,,,,,,,
,郵便局,小田原東郵便局20300,小田原市前川14-1,催事スペース,屋内（風除室含む）,場所とる,"20,000","20,000",要確認,,,,【8.15.18.25.28日は土日祝料金】【3月.5月.8月.12月は賃料増額】,,,,,,,
,郵便局,箱根湯本郵便局20310,箱根町湯本383-1,催事スペース,屋内（風除室含む）,場所とる,"10,000","10,000",要確認,,,,【8.15.18.25.28日は土日祝料金】【3月.5月.8月.12月は賃料増額】,,,,,,,
,郵便局,横浜戸部郵便局20320,横浜市西区戸部町2-23,催事スペース,屋内（風除室含む）,場所とる,"10,000","10,000",要確認,,,,【8.15.18.25.28日は土日祝料金】【3月.5月.8月.12月は賃料増額】,,,,,,,
,郵便局,秦野南が丘郵便局20330,秦野市南が丘3-1,催事スペース,屋内（風除室含む）,場所とる,"10,000","10,000",要確認,,,,【8.15.18.25.28日は土日祝料金】【3月.5月.8月.12月は賃料増額】,,,,,,,
,郵便局,横浜金沢八景郵便局20340,横浜市金沢区洲崎町8-12,催事スペース,屋内（風除室含む）,場所とる,"10,000","10,000",要確認,,,,【8.15.18.25.28日は土日祝料金】【3月.5月.8月.12月は賃料増額】,,,,,,,
,郵便局,平塚郵便局20350,平塚市追分1-33,催事スペース,屋内（風除室含む）,場所とる,"20,000","20,000",要確認,,,,【8.15.18.25.28日は土日祝料金】【3月.5月.8月.12月は賃料増額】,,,,,,,
,郵便局,山北郵便局20360,山北町山北191,催事スペース,屋内（風除室含む）,場所とる,"10,000","10,000",要確認,,,,【8.15.18.25.28日は土日祝料金】【3月.5月.8月.12月は賃料増額】,,,,,,,
,郵便局,吉野郵便局20370,相模原市緑区吉野279,催事スペース,屋内（風除室含む）,場所とる,"10,000","10,000",要確認,,,,【8.15.18.25.28日は土日祝料金】【3月.5月.8月.12月は賃料増額】,,,,,,,
,郵便局,横須賀上町北郵便局20380,横須賀市上町2-1,催事スペース,屋内（風除室含む）,場所とる,"10,000","10,000",要確認,,,,【8.15.18.25.28日は土日祝料金】【3月.5月.8月.12月は賃料増額】,,,,,,,
,郵便局,横浜港南中央通郵便局20390,横浜市港南区港南中央通13-29,催事スペース,屋内（風除室含む）,場所とる,"15,000","15,000",要確認,,,,【8.15.18.25.28日は土日祝料金】【3月.5月.8月.12月は賃料増額】,,,,,,,
,郵便局,長井郵便局20410,横須賀市長井3-47-5,催事スペース,屋内（風除室含む）,場所とる,"10,000","10,000",要確認,,,,【8.15.18.25.28日は土日祝料金】【3月.5月.8月.12月は賃料増額】,,,,,,,
,郵便局,葉山郵便局20420,葉山町一色965-1,催事スペース,屋内（風除室含む）,場所とる,"15,000","15,000",要確認,,,,【8.15.18.25.28日は土日祝料金】【3月.5月.8月.12月は賃料増額】,,,,,,,
,郵便局,長後郵便局20430,藤沢市長後672-2,催事スペース,屋内（風除室含む）,場所とる,"15,000","15,000",要確認,,,,【8.15.18.25.28日は土日祝料金】【3月.5月.8月.12月は賃料増額】,,,,,,,
,郵便局,横浜都岡郵便局20440,横浜市旭区都岡町21,催事スペース,屋内（風除室含む）,場所とる,"10,000","10,000",要確認,,,,【8.15.18.25.28日は土日祝料金】【3月.5月.8月.12月は賃料増額】,,,,,,,
,郵便局,横須賀逸見郵便局20450,横須賀市東逸見町1-30,催事スペース,屋内（風除室含む）,場所とる,"10,000","10,000",要確認,,,,【8.15.18.25.28日は土日祝料金】【3月.5月.8月.12月は賃料増額】,,,,,,,
,郵便局,横須賀米が浜通郵便局20460,横須賀市米が浜通1-6-6,催事スペース,屋内（風除室含む）,場所とる,"10,000","10,000",要確認,,,,【8.15.18.25.28日は土日祝料金】【3月.5月.8月.12月は賃料増額】,,,,,,,
,郵便局,横浜北方郵便局20470,横浜市中区上野町2-65,催事スペース,屋内（風除室含む）,場所とる,"15,000","15,000",要確認,,,,【8.15.18.25.28日は土日祝料金】【3月.5月.8月.12月は賃料増額】,,,,,,,
,郵便局,東神奈川駅前郵便局20480,横浜市神奈川区東神奈川1-2-1,催事スペース,屋内（風除室含む）,場所とる,"10,000","10,000",要確認,,,,【8.15.18.25.28日は土日祝料金】【3月.5月.8月.12月は賃料増額】,,,,,,,
,郵便局,座間中宿郵便局20490,座間市座間1-3098-1,催事スペース,屋内（風除室含む）,場所とる,"10,000","10,000",要確認,,,,【8.15.18.25.28日は土日祝料金】【3月.5月.8月.12月は賃料増額】,,,,,,,
,郵便局,片瀬郵便局20500,藤沢市片瀬4-14-10,催事スペース,屋内（風除室含む）,場所とる,"10,000","10,000",要確認,,,,【8.15.18.25.28日は土日祝料金】【3月.5月.8月.12月は賃料増額】,,,,,,,
,郵便局,横浜本牧原郵便局20510,横浜市中区本牧原8-1,催事スペース,屋内（風除室含む）,場所とる,"15,000","15,000",要確認,,,,【8.15.18.25.28日は土日祝料金】【3月.5月.8月.12月は賃料増額】,,,,,,,
,郵便局,新横浜三郵便局20530,横浜市港北区新横浜3-22-17,催事スペース,屋内（風除室含む）,場所とる,"10,000","10,000",要確認,,,,【8.15.18.25.28日は土日祝料金】【3月.5月.8月.12月は賃料増額】,,,,,,,
,郵便局,鎌倉長谷郵便局20540,鎌倉市長谷1-15-11,催事スペース,屋内（風除室含む）,場所とる,"10,000","10,000",要確認,,,,【8.15.18.25.28日は土日祝料金】【3月.5月.8月.12月は賃料増額】,,,,,,,
,郵便局,相模湖郵便局20550,相模原市緑区与瀬1314-2,催事スペース,屋内（風除室含む）,場所とる,"10,000","10,000",要確認,,,,【8.15.18.25.28日は土日祝料金】【3月.5月.8月.12月は賃料増額】,,,,,,,
,郵便局,二宮郵便局20560,二宮町二宮400-8,催事スペース,屋内（風除室含む）,場所とる,"10,000","10,000",要確認,,,,【8.15.18.25.28日は土日祝料金】【3月.5月.8月.12月は賃料増額】,,,,,,,
,郵便局,鶴見郵便局20580,横浜市鶴見区鶴見中央3-22-1,催事スペース,屋内（風除室含む）,場所とる,"20,000","20,000",要確認,,,,【8.15.18.25.28日は土日祝料金】【3月.5月.8月.12月は賃料増額】,,,,,,,
,郵便局,横浜鶴ヶ峰郵便局20590,横浜市旭区鶴ケ峰1-38-2,催事スペース,屋内（風除室含む）,場所とる,"10,000","10,000",要確認,,,,【8.15.18.25.28日は土日祝料金】【3月.5月.8月.12月は賃料増額】,,,,,,,
,郵便局,逗子郵便局20610,逗子市逗子6-1-3,催事スペース,屋内（風除室含む）,場所とる,"15,000","15,000",要確認,,,,【8.15.18.25.28日は土日祝料金】【3月.5月.8月.12月は賃料増額】,,,,,,,
,郵便局,大山郵便局20620,伊勢原市大山255,催事スペース,屋内（風除室含む）,場所とる,"10,000","10,000",要確認,,,,【8.15.18.25.28日は土日祝料金】【3月.5月.8月.12月は賃料増額】,,,,,,,
,郵便局,瀬谷郵便局20630,横浜市瀬谷区瀬谷4-45-10,催事スペース,屋内（風除室含む）,場所とる,"10,000","10,000",要確認,,,,【8.15.18.25.28日は土日祝料金】【3月.5月.8月.12月は賃料増額】,,,,,,,
,郵便局,横浜坂下郵便局20640,横浜市磯子区坂下町9-10,催事スペース,屋内（風除室含む）,場所とる,"10,000","10,000",要確認,,,,【8.15.18.25.28日は土日祝料金】【3月.5月.8月.12月は賃料増額】,,,,,,,
,郵便局,横浜戸部本町郵便局20650,横浜市西区戸部本町25-5,催事スペース,屋内（風除室含む）,場所とる,"10,000","10,000",要確認,,,,【8.15.18.25.28日は土日祝料金】【3月.5月.8月.12月は賃料増額】,,,,,,,
,郵便局,真鶴郵便局20660,真鶴町岩298-4,催事スペース,屋内（風除室含む）,場所とる,"10,000","10,000",要確認,,,,【8.15.18.25.28日は土日祝料金】【3月.5月.8月.12月は賃料増額】,,,,,,,
,郵便局,平塚幸町郵便局20670,平塚市幸町24-2,催事スペース,屋内（風除室含む）,場所とる,"10,000","10,000",要確認,,,,【8.15.18.25.28日は土日祝料金】【3月.5月.8月.12月は賃料増額】,,,,,,,
,郵便局,湯河原温泉郵便局20680,湯河原町宮上475-4,催事スペース,屋内（風除室含む）,場所とる,"10,000","10,000",要確認,,,,【8.15.18.25.28日は土日祝料金】【3月.5月.8月.12月は賃料増額】,,,,,,,
,郵便局,横浜赤門郵便局20690,横浜市中区赤門町1-13,催事スペース,屋内（風除室含む）,場所とる,"10,000","10,000",要確認,,,,【8.15.18.25.28日は土日祝料金】【3月.5月.8月.12月は賃料増額】,,,,,,,
,郵便局,酒匂郵便局20700,小田原市酒匂4-8-6,催事スペース,屋内（風除室含む）,場所とる,"10,000","10,000",要確認,,,,【8.15.18.25.28日は土日祝料金】【3月.5月.8月.12月は賃料増額】,,,,,,,
,郵便局,川崎大師郵便局20710,川崎市川崎区大師町4-32,催事スペース,屋内（風除室含む）,場所とる,"15,000","15,000",要確認,,,,【8.15.18.25.28日は土日祝料金】【3月.5月.8月.12月は賃料増額】,,,,,,,
,郵便局,登戸郵便局20720,川崎市多摩区登戸1685-1,催事スペース,屋内（風除室含む）,場所とる,"20,000","20,000",要確認,,,,【8.15.18.25.28日は土日祝料金】【3月.5月.8月.12月は賃料増額】,,,,,,,
,郵便局,横浜和田郵便局20730,横浜市保土ケ谷区和田2-12-9,催事スペース,屋内（風除室含む）,場所とる,"10,000","10,000",要確認,,,,【8.15.18.25.28日は土日祝料金】【3月.5月.8月.12月は賃料増額】,,,,,,,
,郵便局,中津郵便局20760,愛川町中津778-6,催事スペース,屋内（風除室含む）,場所とる,"10,000","10,000",要確認,,,,【8.15.18.25.28日は土日祝料金】【3月.5月.8月.12月は賃料増額】,,,,,,,
,郵便局,平塚西郵便局20770,平塚市南金目1259,催事スペース,屋内（風除室含む）,場所とる,"15,000","15,000",要確認,,,,【8.15.18.25.28日は土日祝料金】【3月.5月.8月.12月は賃料増額】,,,,,,,
,郵便局,南下浦郵便局20790,三浦市南下浦町上宮田3391-1,催事スペース,屋内（風除室含む）,場所とる,"15,000","15,000",要確認,,,,【8.15.18.25.28日は土日祝料金】【3月.5月.8月.12月は賃料増額】,,,,,,,
,郵便局,鳥屋郵便局20800,相模原市緑区鳥屋1044,催事スペース,屋内（風除室含む）,場所とる,"10,000","10,000",要確認,,,,【8.15.18.25.28日は土日祝料金】【3月.5月.8月.12月は賃料増額】,,,,,,,
,郵便局,横浜美しが丘西郵便局20810,横浜市青葉区美しが丘西3-1-1,催事スペース,屋内（風除室含む）,場所とる,"15,000","15,000",要確認,,,,【8.15.18.25.28日は土日祝料金】【3月.5月.8月.12月は賃料増額】,,,,,,,
,郵便局,横浜美しが丘四郵便局20820,横浜市青葉区美しが丘4-1-32,催事スペース,屋内（風除室含む）,場所とる,"15,000","15,000",要確認,,,,【8.15.18.25.28日は土日祝料金】【3月.5月.8月.12月は賃料増額】,,,,,,,
,郵便局,長津田郵便局20830,横浜市緑区長津田6-7-1,催事スペース,屋内（風除室含む）,場所とる,"15,000","15,000",要確認,,,,【8.15.18.25.28日は土日祝料金】【3月.5月.8月.12月は賃料増額】,,,,,,,
,郵便局,中原郵便局20840,中原郵便局20840,催事スペース,屋内（風除室含む）,場所とる,"20,000","20,000",要確認,,,,【8.15.18.25.28日は土日祝料金】【3月.5月.8月.12月は賃料増額】,,,,,,,
,郵便局,鎌倉小坂郵便局20850,鎌倉市山ノ内739,催事スペース,屋内（風除室含む）,場所とる,"10,000","10,000",要確認,,,,【8.15.18.25.28日は土日祝料金】【3月.5月.8月.12月は賃料増額】,,,,,,,
,郵便局,横須賀大津郵便局20870,横須賀市大津町1-20-34,催事スペース,屋内（風除室含む）,場所とる,"10,000","10,000",要確認,,,,【8.15.18.25.28日は土日祝料金】【3月.5月.8月.12月は賃料増額】,,,,,,,
,郵便局,小田原早川郵便局20880,小田原市早川173,催事スペース,屋内（風除室含む）,場所とる,"10,000","10,000",要確認,,,,【8.15.18.25.28日は土日祝料金】【3月.5月.8月.12月は賃料増額】,,,,,,,
,郵便局,"押切郵便局20890",小田原市羽根尾21,催事スペース,屋内（風除室含む）,場所とる,"10,000","10,000",要確認,,,,【8.15.18.25.28日は土日祝料金】【3月.5月.8月.12月は賃料増額】,,,,,,,
,郵便局,大和郵便局20900,大和市深見西3-1-29,催事スペース,屋内（風除室含む）,場所とる,"10,000","10,000",要確認,,,,【8.15.18.25.28日は土日祝料金】【3月.5月.8月.12月は賃料増額】,,,,,,,
,郵便局,橋本本町郵便局20910,相模原市緑区橋本5-30-4,催事スペース,屋内（風除室含む）,場所とる,"10,000","10,000",要確認,,,,【8.15.18.25.28日は土日祝料金】【3月.5月.8月.12月は賃料増額】,,,,,,,
,郵便局,寒川郵便局20920,寒川町宮山187,催事スペース,屋内（風除室含む）,場所とる,"15,000","15,000",要確認,,,,【8.15.18.25.28日は土日祝料金】【3月.5月.8月.12月は賃料増額】,,,,,,,
,郵便局,舞岡駅前郵便局20940,横浜市戸塚区舞岡町2955,催事スペース,屋内（風除室含む）,場所とる,"10,000","10,000",要確認,,,,【8.15.18.25.28日は土日祝料金】【3月.5月.8月.12月は賃料増額】,,,,,,,
,郵便局,大船郵便局20950,鎌倉市大船2-20-23,催事スペース,屋内（風除室含む）,場所とる,"20,000","20,000",要確認,,,,【8.15.18.25.28日は土日祝料金】【3月.5月.8月.12月は賃料増額】,,,,,,,
,郵便局,平塚田村郵便局20960,平塚市田村6-12-31,催事スペース,屋内（風除室含む）,場所とる,"10,000","10,000",要確認,,,,【8.15.18.25.28日は土日祝料金】【3月.5月.8月.12月は賃料増額】,,,,,,,
,郵便局,横浜桜木郵便局20970,横浜市中区桜木町1-1,催事スペース,屋内（風除室含む）,場所とる,"15,000","15,000",要確認,,,,【8.15.18.25.28日は土日祝料金】【3月.5月.8月.12月は賃料増額】,,,,,,,
,郵便局,横浜長者町郵便局20980,横浜市中区長者町4-9-1,催事スペース,屋内（風除室含む）,場所とる,"15,000","15,000",要確認,,,,【8.15.18.25.28日は土日祝料金】【3月.5月.8月.12月は賃料増額】,,,,,,,
,郵便局,横須賀上町郵便局20990,横須賀市上町3-8,催事スペース,屋内（風除室含む）,場所とる,"10,000","10,000",要確認,,,,【8.15.18.25.28日は土日祝料金】【3月.5月.8月.12月は賃料増額】,,,,,,,
,郵便局,鎌倉材木座郵便局21000,鎌倉市材木座3-17-30,催事スペース,屋内（風除室含む）,場所とる,"10,000","10,000",要確認,,,,【8.15.18.25.28日は土日祝料金】【3月.5月.8月.12月は賃料増額】,,,,,,,
,郵便局,横浜本町郵便局21020,横浜市中区本町3-30-7,催事スペース,屋内（風除室含む）,場所とる,"15,000","15,000",要確認,,,,【8.15.18.25.28日は土日祝料金】【3月.5月.8月.12月は賃料増額】,,,,,,,
,郵便局,横浜日之出町郵便局21030,横浜市中区長者町9-175,催事スペース,屋内（風除室含む）,場所とる,"15,000","15,000",要確認,,,,【8.15.18.25.28日は土日祝料金】【3月.5月.8月.12月は賃料増額】,,,,,,,
,郵便局,鵠沼海岸郵便局21040,藤沢市鵠沼海岸3-1-15,催事スペース,屋内（風除室含む）,場所とる,"15,000","15,000",要確認,,,,【8.15.18.25.28日は土日祝料金】【3月.5月.8月.12月は賃料増額】,,,,,,,
,郵便局,横浜南太田郵便局21060,横浜市南区南太田1-32-34,催事スペース,屋内（風除室含む）,場所とる,"10,000","10,000",要確認,,,,【8.15.18.25.28日は土日祝料金】【3月.5月.8月.12月は賃料増額】,,,,,,,
,郵便局,横浜芹が谷一郵便局21070,横浜市港南区芹が谷1-2-2,催事スペース,屋内（風除室含む）,場所とる,"10,000","10,000",要確認,,,,【8.15.18.25.28日は土日祝料金】【3月.5月.8月.12月は賃料増額】,,,,,,,
,郵便局,川崎中野島北郵便局21090,川崎市多摩区中野島6-27-3,催事スペース,屋内（風除室含む）,場所とる,"15,000","15,000",要確認,,,,【8.15.18.25.28日は土日祝料金】【3月.5月.8月.12月は賃料増額】,,,,,,,
,郵便局,小田原扇町郵便局21100,小田原市扇町3-26-28,催事スペース,屋内（風除室含む）,場所とる,"10,000","10,000",要確認,,,,【8.15.18.25.28日は土日祝料金】【3月.5月.8月.12月は賃料増額】,,,,,,,
,郵便局,横浜山元町郵便局21110,横浜市中区山元町2-95,催事スペース,屋内（風除室含む）,場所とる,"10,000","10,000",要確認,,,,【8.15.18.25.28日は土日祝料金】【3月.5月.8月.12月は賃料増額】,,,,,,,
,郵便局,横浜吉野町郵便局21120,横浜市南区南吉田町1-13,催事スペース,屋内（風除室含む）,場所とる,"15,000","15,000",要確認,,,,【8.15.18.25.28日は土日祝料金】【3月.5月.8月.12月は賃料増額】,,,,,,,
,郵便局,川崎砂子郵便局21130,川崎市川崎区砂子2-1-9,催事スペース,屋内（風除室含む）,場所とる,"20,000","20,000",要確認,,,,【8.15.18.25.28日は土日祝料金】【3月.5月.8月.12月は賃料増額】,,,,,,,
,郵便局,横浜入江郵便局21140,横浜市神奈川区入江1-22-8,催事スペース,屋内（風除室含む）,場所とる,"10,000","10,000",要確認,,,,【8.15.18.25.28日は土日祝料金】【3月.5月.8月.12月は賃料増額】,,,,,,,
,郵便局,横浜小机町郵便局21150,横浜市港北区小机町970,催事スペース,屋内（風除室含む）,場所とる,"10,000","10,000",要確認,,,,【8.15.18.25.28日は土日祝料金】【3月.5月.8月.12月は賃料増額】,,,,,,,
,郵便局,小田原南町郵便局21170,小田原市南町3-2-48,催事スペース,屋内（風除室含む）,場所とる,"10,000","10,000",要確認,,,,【8.15.18.25.28日は土日祝料金】【3月.5月.8月.12月は賃料増額】,,,,,,,
,郵便局,相模原金属団地内郵便局21190,相模原市緑区橋本台2-3-11,催事スペース,屋内（風除室含む）,場所とる,"10,000","10,000",要確認,,,,【8.15.18.25.28日は土日祝料金】【3月.5月.8月.12月は賃料増額】,,,,,,,
,郵便局,横須賀秋谷郵便局21200,横須賀市秋谷1-2-35,催事スペース,屋内（風除室含む）,場所とる,"10,000","10,000",要確認,,,,【8.15.18.25.28日は土日祝料金】【3月.5月.8月.12月は賃料増額】,,,,,,,
,郵便局,横須賀汐入郵便局21220,横須賀市汐入町2-5,催事スペース,屋内（風除室含む）,場所とる,"10,000","10,000",要確認,,,,【8.15.18.25.28日は土日祝料金】【3月.5月.8月.12月は賃料増額】,,,,,,,
,郵便局,横浜鴨志田郵便局21250,横浜市青葉区鴨志田町549-1,催事スペース,屋内（風除室含む）,場所とる,"10,000","10,000",要確認,,,,【8.15.18.25.28日は土日祝料金】【3月.5月.8月.12月は賃料増額】,,,,,,,
,郵便局,横浜若葉台郵便局21260,横浜市旭区若葉台3-5-1,催事スペース,屋内（風除室含む）,場所とる,"15,000","15,000",要確認,,,,【8.15.18.25.28日は土日祝料金】【3月.5月.8月.12月は賃料増額】,,,,,,,
,郵便局,川崎中有馬郵便局21270,川崎市宮前区有馬6-2-6,催事スペース,屋内（風除室含む）,場所とる,"10,000","10,000",要確認,,,,【8.15.18.25.28日は土日祝料金】【3月.5月.8月.12月は賃料増額】,,,,,,,
,郵便局,横浜桂台郵便局21280,横浜市栄区桂台南1-18-6,催事スペース,屋内（風除室含む）,場所とる,"15,000","15,000",要確認,,,,【8.15.18.25.28日は土日祝料金】【3月.5月.8月.12月は賃料増額】,,,,,,,
,郵便局,緑園都市駅前郵便局21290,横浜市泉区緑園4-1-6,催事スペース,屋内（風除室含む）,場所とる,"15,000","15,000",要確認,,,,【8.15.18.25.28日は土日祝料金】【3月.5月.8月.12月は賃料増額】,,,,,,,
,郵便局,横浜上中里郵便局21300,横浜市磯子区上中里町692-1,催事スペース,屋内（風除室含む）,場所とる,"10,000","10,000",要確認,,,,【8.15.18.25.28日は土日祝料金】【3月.5月.8月.12月は賃料増額】,,,,,,,
,郵便局,横浜ランドマークタワー郵便局21310,横浜市西区みなとみらい2-2-1,催事スペース,屋内（風除室含む）,場所とる,"15,000","15,000",要確認,,,,【8.15.18.25.28日は土日祝料金】【3月.5月.8月.12月は賃料増額】,,,,,,,
,郵便局,厚木北郵便局21320,厚木市下荻野970,催事スペース,屋内（風除室含む）,場所とる,"15,000","15,000",要確認,,,,【8.15.18.25.28日は土日祝料金】【3月.5月.8月.12月は賃料増額】,,,,,,,
,郵便局,辻堂郵便局21330,藤沢市辻堂1-4-2,催事スペース,屋内（風除室含む）,場所とる,"15,000","15,000",要確認,,,,【8.15.18.25.28日は土日祝料金】【3月.5月.8月.12月は賃料増額】,,,,,,,
,郵便局,川崎白山郵便局21340,川崎市麻生区白山4-1-5,催事スペース,屋内（風除室含む）,場所とる,"10,000","10,000",要確認,,,,【8.15.18.25.28日は土日祝料金】【3月.5月.8月.12月は賃料増額】,,,,,,,
,郵便局,横須賀安浦郵便局21350,横須賀市安浦町1-1,催事スペース,屋内（風除室含む）,場所とる,"10,000","10,000",要確認,,,,【8.15.18.25.28日は土日祝料金】【3月.5月.8月.12月は賃料増額】,,,,,,,
,郵便局,東戸塚駅西口郵便局21360,横浜市戸塚区品濃町881-9,催事スペース,屋内（風除室含む）,場所とる,"15,000","15,000",要確認,,,,【8.15.18.25.28日は土日祝料金】【3月.5月.8月.12月は賃料増額】,,,,,,,
,郵便局,鶴見駅前郵便局21370,横浜市鶴見区鶴見中央1-10-14,催事スペース,屋内（風除室含む）,場所とる,"15,000","15,000",要確認,,,,【8.15.18.25.28日は土日祝料金】【3月.5月.8月.12月は賃料増額】,,,,,,,
,郵便局,秦野北矢名郵便局21380,秦野市北矢名1307-4,催事スペース,屋内（風除室含む）,場所とる,"10,000","10,000",要確認,,,,【8.15.18.25.28日は土日祝料金】【3月.5月.8月.12月は賃料増額】,,,,,,,
,郵便局,鎌倉大船三郵便局21390,鎌倉市大船3-15-29,催事スペース,屋内（風除室含む）,場所とる,"10,000","10,000",要確認,,,,【8.15.18.25.28日は土日祝料金】【3月.5月.8月.12月は賃料増額】,,,,,,,
,郵便局,茅ヶ崎高田郵便局21400,茅ヶ崎市高田4-4-1,催事スペース,屋内（風除室含む）,場所とる,"15,000","15,000",要確認,,,,【8.15.18.25.28日は土日祝料金】【3月.5月.8月.12月は賃料増額】,,,,,,,
,郵便局,川崎渡田郵便局21420,川崎市川崎区鋼管通3-2-3,催事スペース,屋内（風除室含む）,場所とる,"10,000","10,000",要確認,,,,【8.15.18.25.28日は土日祝料金】【3月.5月.8月.12月は賃料増額】,,,,,,,
,郵便局,東戸塚駅東口郵便局21430,横浜市戸塚区品濃町524-1,催事スペース,屋内（風除室含む）,場所とる,"15,000","15,000",要確認,,,,【8.15.18.25.28日は土日祝料金】【3月.5月.8月.12月は賃料増額】,,,,,,,
,郵便局,鎌倉雪ノ下郵便局21440,鎌倉市雪ノ下1-10-6,催事スペース,屋内（風除室含む）,場所とる,"10,000","10,000",要確認,,,,【8.15.18.25.28日は土日祝料金】【3月.5月.8月.12月は賃料増額】,,,,,,,
,郵便局,座間立野台郵便局21450,座間市立野台2-19-3,催事スペース,屋内（風除室含む）,場所とる,"10,000","10,000",要確認,,,,【8.15.18.25.28日は土日祝料金】【3月.5月.8月.12月は賃料増額】,,,,,,,
,郵便局,下曾我郵便局21460,小田原市曽我原196-6,催事スペース,屋内（風除室含む）,場所とる,"10,000","10,000",要確認,,,,【8.15.18.25.28日は土日祝料金】【3月.5月.8月.12月は賃料増額】,,,,,,,
,郵便局,横須賀不入斗郵便局21470,横須賀市不入斗町4-1,催事スペース,屋内（風除室含む）,場所とる,"10,000","10,000",要確認,,,,【8.15.18.25.28日は土日祝料金】【3月.5月.8月.12月は賃料増額】,,,,,,,
,郵便局,たまプラーザ駅南口郵便局21490,横浜市青葉区新石川3-24-18,催事スペース,屋内（風除室含む）,場所とる,"10,000","10,000",要確認,,,,【8.15.18.25.28日は土日祝料金】【3月.5月.8月.12月は賃料増額】,,,,,,,
,郵便局,横浜金沢シーサイドタウン郵便局21500,横浜市金沢区並木2-3-3,催事スペース,屋内（風除室含む）,場所とる,"10,000","10,000",要確認,,,,【8.15.18.25.28日は土日祝料金】【3月.5月.8月.12月は賃料増額】,,,,,,,
,郵便局,横浜藤棚郵便局21510,横浜市西区中央2-24-1,催事スペース,屋内（風除室含む）,場所とる,"15,000","15,000",要確認,,,,【8.15.18.25.28日は土日祝料金】【3月.5月.8月.12月は賃料増額】,,,,,,,
,郵便局,かしわ台駅前郵便局21530,海老名市柏ケ谷713-3,催事スペース,屋内（風除室含む）,場所とる,"10,000","10,000",要確認,,,,【8.15.18.25.28日は土日祝料金】【3月.5月.8月.12月は賃料増額】,,,,,,,
,郵便局,神奈川宮前郵便局21540,横浜市神奈川区青木町4-7,催事スペース,屋内（風除室含む）,場所とる,"10,000","10,000",要確認,,,,【8.15.18.25.28日は土日祝料金】【3月.5月.8月.12月は賃料増額】,,,,,,,
,郵便局,川崎北部市場内郵便局21550,川崎市宮前区水沢1-1-1,催事スペース,屋内（風除室含む）,場所とる,"10,000","10,000",要確認,,,,【8.15.18.25.28日は土日祝料金】【3月.5月.8月.12月は賃料増額】,,,,,,,
,郵便局,横浜中央市場内郵便局21560,横浜市神奈川区山内町,催事スペース,屋内（風除室含む）,場所とる,"10,000","10,000",要確認,,,,【8.15.18.25.28日は土日祝料金】【3月.5月.8月.12月は賃料増額】,,,,,,,
,郵便局,西秦野郵便局21570,秦野市堀川609-2,催事スペース,屋内（風除室含む）,場所とる,"10,000","10,000",要確認,,,,【8.15.18.25.28日は土日祝料金】【3月.5月.8月.12月は賃料増額】,,,,,,,
,郵便局,横須賀新町郵便局21580,横須賀市東浦賀2-6-12,催事スペース,屋内（風除室含む）,場所とる,"10,000","10,000",要確認,,,,【8.15.18.25.28日は土日祝料金】【3月.5月.8月.12月は賃料増額】,,,,,,,
,郵便局,新田郵便局21590,横浜市港北区新吉田町3238,催事スペース,屋内（風除室含む）,場所とる,"10,000","10,000",要確認,,,,【8.15.18.25.28日は土日祝料金】【3月.5月.8月.12月は賃料増額】,,,,,,,
,郵便局,横浜白根北郵便局21600,横浜市旭区中白根3-10-11,催事スペース,屋内（風除室含む）,場所とる,"10,000","10,000",要確認,,,,【8.15.18.25.28日は土日祝料金】【3月.5月.8月.12月は賃料増額】,,,,,,,
,郵便局,横浜師岡郵便局21610,横浜市港北区師岡町477,催事スペース,屋内（風除室含む）,場所とる,"10,000","10,000",要確認,,,,【8.15.18.25.28日は土日祝料金】【3月.5月.8月.12月は賃料増額】,,,,,,,
,郵便局,横浜日吉七郵便局21620,横浜市港北区日吉7-14-12,催事スペース,屋内（風除室含む）,場所とる,"10,000","10,000",要確認,,,,【8.15.18.25.28日は土日祝料金】【3月.5月.8月.12月は賃料増額】,,,,,,,
,郵便局,横須賀武郵便局21630,横須賀市武5-11-1,催事スペース,屋内（風除室含む）,場所とる,"10,000","10,000",要確認,,,,【8.15.18.25.28日は土日祝料金】【3月.5月.8月.12月は賃料増額】,,,,,,,
,郵便局,横浜反町郵便局21640,横浜市神奈川区松本町3-25-13,催事スペース,屋内（風除室含む）,場所とる,"15,000","15,000",要確認,,,,【8.15.18.25.28日は土日祝料金】【3月.5月.8月.12月は賃料増額】,,,,,,,
,郵便局,横浜生麦郵便局21650,横浜市鶴見区生麦4-14-7,催事スペース,屋内（風除室含む）,場所とる,"10,000","10,000",要確認,,,,【8.15.18.25.28日は土日祝料金】【3月.5月.8月.12月は賃料増額】,,,,,,,
,郵便局,横浜中華街郵便局21660,横浜市中区山下町123-1,催事スペース,屋内（風除室含む）,場所とる,"15,000","15,000",要確認,,,,【8.15.18.25.28日は土日祝料金】【3月.5月.8月.12月は賃料増額】,,,,,,,
,郵便局,清水郵便局21670,山北町川西668-14,催事スペース,屋内（風除室含む）,場所とる,"10,000","10,000",要確認,,,,【8.15.18.25.28日は土日祝料金】【3月.5月.8月.12月は賃料増額】,,,,,,,
,郵便局,御所見郵便局21680,藤沢市用田617,催事スペース,屋内（風除室含む）,場所とる,"10,000","10,000",要確認,,,,【8.15.18.25.28日は土日祝料金】【3月.5月.8月.12月は賃料増額】,,,,,,,
,郵便局,中川駅前郵便局21690,横浜市都筑区中川1-10-33,催事スペース,屋内（風除室含む）,場所とる,"15,000","15,000",要確認,,,,【8.15.18.25.28日は土日祝料金】【3月.5月.8月.12月は賃料増額】,,,,,,,
,郵便局,横浜中村橋郵便局21700,横浜市南区睦町1-34-9,催事スペース,屋内（風除室含む）,場所とる,"15,000","15,000",要確認,,,,【8.15.18.25.28日は土日祝料金】【3月.5月.8月.12月は賃料増額】,,,,,,,
,郵便局,川崎京町郵便局21710,川崎市川崎区京町1-5-1,催事スペース,屋内（風除室含む）,場所とる,"15,000","15,000",要確認,,,,【8.15.18.25.28日は土日祝料金】【3月.5月.8月.12月は賃料増額】,,,,,,,
,郵便局,愛甲石田駅前郵便局21720,厚木市愛甲東1-1-14,催事スペース,屋内（風除室含む）,場所とる,"15,000","15,000",要確認,,,,【8.15.18.25.28日は土日祝料金】【3月.5月.8月.12月は賃料増額】,,,,,,,
,郵便局,横浜六角橋郵便局21740,横浜市神奈川区六角橋1-4-1,催事スペース,屋内（風除室含む）,場所とる,"15,000","15,000",要確認,,,,【8.15.18.25.28日は土日祝料金】【3月.5月.8月.12月は賃料増額】,,,,,,,
,郵便局,横浜能見台郵便局21750,横浜市金沢区能見台3-1-7,催事スペース,屋内（風除室含む）,場所とる,"15,000","15,000",要確認,,,,【8.15.18.25.28日は土日祝料金】【3月.5月.8月.12月は賃料増額】,,,,,,,
,郵便局,横須賀船越郵便局21760,横須賀市船越町1-52-5,催事スペース,屋内（風除室含む）,場所とる,"10,000","10,000",要確認,,,,【8.15.18.25.28日は土日祝料金】【3月.5月.8月.12月は賃料増額】,,,,,,,
,郵便局,淵野辺郵便局21770,相模原市中央区淵野辺4-13-6,催事スペース,屋内（風除室含む）,場所とる,"15,000","15,000",要確認,,,,【8.15.18.25.28日は土日祝料金】【3月.5月.8月.12月は賃料増額】,,,,,,,
,郵便局,国分郵便局21780,海老名市国分南2-3-1,催事スペース,屋内（風除室含む）,場所とる,"10,000","10,000",要確認,,,,【8.15.18.25.28日は土日祝料金】【3月.5月.8月.12月は賃料増額】,,,,,,,
,郵便局,中井郵便局21790,中井町半分形21-5,催事スペース,屋内（風除室含む）,場所とる,"10,000","10,000",要確認,,,,【8.15.18.25.28日は土日祝料金】【3月.5月.8月.12月は賃料増額】,,,,,,,
,郵便局,茅ヶ崎矢畑郵便局21800,茅ヶ崎市矢畑3-7,催事スペース,屋内（風除室含む）,場所とる,"10,000","10,000",要確認,,,,【8.15.18.25.28日は土日祝料金】【3月.5月.8月.12月は賃料増額】,,,,,,,
,郵便局,横浜山内郵便局21810,横浜市青葉区荏田町428-13,催事スペース,屋内（風除室含む）,場所とる,"10,000","10,000",要確認,,,,【8.15.18.25.28日は土日祝料金】【3月.5月.8月.12月は賃料増額】,,,,,,,
,郵便局,寄郵便局21820,松田町寄3227,催事スペース,屋内（風除室含む）,場所とる,"10,000","10,000",要確認,,,,【8.15.18.25.28日は土日祝料金】【3月.5月.8月.12月は賃料増額】,,,,,,,
,郵便局,綱島本通郵便局21830,横浜市港北区綱島西3-6-24,催事スペース,屋内（風除室含む）,場所とる,"15,000","15,000",要確認,,,,【8.15.18.25.28日は土日祝料金】【3月.5月.8月.12月は賃料増額】,,,,,,,
,郵便局,横須賀佐野町郵便局21840,横須賀市佐野町1-6,催事スペース,屋内（風除室含む）,場所とる,"10,000","10,000",要確認,,,,【8.15.18.25.28日は土日祝料金】【3月.5月.8月.12月は賃料増額】,,,,,,,
,郵便局,平塚本宿郵便局21860,平塚市平塚2-30-1,催事スペース,屋内（風除室含む）,場所とる,"15,000","15,000",要確認,,,,【8.15.18.25.28日は土日祝料金】【3月.5月.8月.12月は賃料増額】,,,,,,,
,郵便局,藤沢本町郵便局21870,藤沢市本町1-4-26,催事スペース,屋内（風除室含む）,場所とる,"10,000","10,000",要確認,,,,【8.15.18.25.28日は土日祝料金】【3月.5月.8月.12月は賃料増額】,,,,,,,
,郵便局,横浜東本郷郵便局21890,横浜市緑区東本郷3-23-1,催事スペース,屋内（風除室含む）,場所とる,"10,000","10,000",要確認,,,,【8.15.18.25.28日は土日祝料金】【3月.5月.8月.12月は賃料増額】,,,,,,,
,郵便局,茅ヶ崎小和田三郵便局21900,茅ヶ崎市小和田3-1-1,催事スペース,屋内（風除室含む）,場所とる,"15,000","15,000",要確認,,,,【8.15.18.25.28日は土日祝料金】【3月.5月.8月.12月は賃料増額】,,,,,,,
,郵便局,鴨宮駅前郵便局21910,小田原市南鴨宮3-35-32,催事スペース,屋内（風除室含む）,場所とる,"15,000","15,000",要確認,,,,【8.15.18.25.28日は土日祝料金】【3月.5月.8月.12月は賃料増額】,,,,,,,
,郵便局,横浜下野谷町郵便局21930,横浜市鶴見区下野谷町3-88-1,催事スペース,屋内（風除室含む）,場所とる,"10,000","10,000",要確認,,,,【8.15.18.25.28日は土日祝料金】【3月.5月.8月.12月は賃料増額】,,,,,,,
,郵便局,小田原鴨宮郵便局21940,小田原市鴨宮598-1,催事スペース,屋内（風除室含む）,場所とる,"10,000","10,000",要確認,,,,【8.15.18.25.28日は土日祝料金】【3月.5月.8月.12月は賃料増額】,,,,,,,
,郵便局,横浜釜利谷西郵便局21950,横浜市金沢区釜利谷西6-1-8,催事スペース,屋内（風除室含む）,場所とる,"10,000","10,000",要確認,,,,【8.15.18.25.28日は土日祝料金】【3月.5月.8月.12月は賃料増額】,,,,,,,
,郵便局,麻溝郵便局21960,相模原市南区当麻841-6,催事スペース,屋内（風除室含む）,場所とる,"10,000","10,000",要確認,,,,【8.15.18.25.28日は土日祝料金】【3月.5月.8月.12月は賃料増額】,,,,,,,
,郵便局,横浜日野南郵便局21990,横浜市港南区日野南6-43-5,催事スペース,屋内（風除室含む）,場所とる,"10,000","10,000",要確認,,,,【8.15.18.25.28日は土日祝料金】【3月.5月.8月.12月は賃料増額】,,,,,,,
,郵便局,相模原新磯野郵便局22000,相模原市南区新磯野3-27-16,催事スペース,屋内（風除室含む）,場所とる,"10,000","10,000",要確認,,,,【8.15.18.25.28日は土日祝料金】【3月.5月.8月.12月は賃料増額】,,,,,,,
,郵便局,城山若葉台郵便局22010,相模原市緑区若葉台4-1-8,催事スペース,屋内（風除室含む）,場所とる,"10,000","10,000",要確認,,,,【8.15.18.25.28日は土日祝料金】【3月.5月.8月.12月は賃料増額】,,,,,,,
,郵便局,かながわサイエンスパーク内郵便局22020,川崎市高津区坂戸3-2-1,催事スペース,屋内（風除室含む）,場所とる,"15,000","15,000",要確認,,,,【8.15.18.25.28日は土日祝料金】【3月.5月.8月.12月は賃料増額】,,,,,,,
,郵便局,テクノウェイブ100ビル内郵便局22030,横浜市神奈川区新浦島町1-1-25,催事スペース,屋内（風除室含む）,場所とる,"10,000","10,000",要確認,,,,【8.15.18.25.28日は土日祝料金】【3月.5月.8月.12月は賃料増額】,,,,,,,
,郵便局,横浜太尾南郵便局22040,横浜市港北区大倉山4-6-11,催事スペース,屋内（風除室含む）,場所とる,"10,000","10,000",要確認,,,,【8.15.18.25.28日は土日祝料金】【3月.5月.8月.12月は賃料増額】,,,,,,,
,郵便局,川崎小倉郵便局22050,川崎市幸区小倉2-31-14,催事スペース,屋内（風除室含む）,場所とる,"15,000","15,000",要確認,,,,【8.15.18.25.28日は土日祝料金】【3月.5月.8月.12月は賃料増額】,,,,,,,
,郵便局,平塚山下郵便局22060,平塚市山下2-2-17,催事スペース,屋内（風除室含む）,場所とる,"10,000","10,000",要確認,,,,【8.15.18.25.28日は土日祝料金】【3月.5月.8月.12月は賃料増額】,,,,,,,
,郵便局,横浜大口郵便局22070,横浜市神奈川区大口通139-3,催事スペース,屋内（風除室含む）,場所とる,"15,000","15,000",要確認,,,,【8.15.18.25.28日は土日祝料金】【3月.5月.8月.12月は賃料増額】,,,,,,,
,郵便局,小田原栄町郵便局22080,"小田原市栄町3-8-14",催事スペース,屋内（風除室含む）,場所とる,"10,000","10,000",要確認,,,,【8.15.18.25.28日は土日祝料金】【3月.5月.8月.12月は賃料増額】,,,,,,,
,郵便局,横須賀鴨居郵便局22090,横須賀市鴨居1-11-8,催事スペース,屋内（風除室含む）,場所とる,"10,000","10,000",要確認,,,,【8.15.18.25.28日は土日祝料金】【3月.5月.8月.12月は賃料増額】,,,,,,,
,郵便局,綾瀬中郵便局22110,綾瀬市深谷中7-10-21,催事スペース,屋内（風除室含む）,場所とる,"15,000","15,000",要確認,,,,【8.15.18.25.28日は土日祝料金】【3月.5月.8月.12月は賃料増額】,,,,,,,
,郵便局,横須賀坂本郵便局22130,横須賀市坂本町3-41-1,催事スペース,屋内（風除室含む）,場所とる,"10,000","10,000",要確認,,,,【8.15.18.25.28日は土日祝料金】【3月.5月.8月.12月は賃料増額】,,,,,,,
,郵便局,追浜郵便局22140,横須賀市追浜町3-13,催事スペース,屋内（風除室含む）,場所とる,"15,000","15,000",要確認,,,,【8.15.18.25.28日は土日祝料金】【3月.5月.8月.12月は賃料増額】,,,,,,,
,郵便局,茅ヶ崎茶屋町郵便局22150,茅ヶ崎市南湖1-9-8,催事スペース,屋内（風除室含む）,場所とる,"10,000","10,000",要確認,,,,【8.15.18.25.28日は土日祝料金】【3月.5月.8月.12月は賃料増額】,,,,,,,
,郵便局,横浜久保町郵便局22160,横浜市西区久保町24-35,催事スペース,屋内（風除室含む）,場所とる,"10,000","10,000",要確認,,,,【8.15.18.25.28日は土日祝料金】【3月.5月.8月.12月は賃料増額】,,,,,,,
,郵便局,川崎土橋郵便局22170,川崎市宮前区土橋1-4-9,催事スペース,屋内（風除室含む）,場所とる,"15,000","15,000",要確認,,,,【8.15.18.25.28日は土日祝料金】【3月.5月.8月.12月は賃料増額】,,,,,,,
,郵便局,曾我郵便局22190,大井町上大井497-3,催事スペース,屋内（風除室含む）,場所とる,"10,000","10,000",要確認,,,,【8.15.18.25.28日は土日祝料金】【3月.5月.8月.12月は賃料増額】,,,,,,,
,郵便局,仙石原郵便局22200,箱根町仙石原25-1,催事スペース,屋内（風除室含む）,場所とる,"10,000","10,000",要確認,,,,【8.15.18.25.28日は土日祝料金】【3月.5月.8月.12月は賃料増額】,,,,,,,
,郵便局,逗子小坪郵便局22210,逗子市小坪4-3-1,催事スペース,屋内（風除室含む）,場所とる,"10,000","10,000",要確認,,,,【8.15.18.25.28日は土日祝料金】【3月.5月.8月.12月は賃料増額】,,,,,,,
,郵便局,海老名郵便局22220,海老名市中央2-7-5,催事スペース,屋内（風除室含む）,場所とる,"20,000","20,000",要確認,,,,【8.15.18.25.28日は土日祝料金】【3月.5月.8月.12月は賃料増額】,,,,,,,
,郵便局,横須賀三春郵便局22230,横須賀市三春町3-5-1,催事スペース,屋内（風除室含む）,場所とる,"10,000","10,000",要確認,,,,【8.15.18.25.28日は土日祝料金】【3月.5月.8月.12月は賃料増額】,,,,,,,
,郵便局,青野原郵便局22250,相模原市緑区青野原1943-4,催事スペース,屋内（風除室含む）,場所とる,"10,000","10,000",要確認,,,,【8.15.18.25.28日は土日祝料金】【3月.5月.8月.12月は賃料増額】,,,,,,,
,郵便局,北下浦郵便局22260,横須賀市グリーンハイツ3-8,催事スペース,屋内（風除室含む）,場所とる,"10,000","10,000",要確認,,,,【8.15.18.25.28日は土日祝料金】【3月.5月.8月.12月は賃料増額】,,,,,,,
,郵便局,日吉郵便局22270,横浜市港北区日吉本町1-4-29,催事スペース,屋内（風除室含む）,場所とる,"15,000","15,000",要確認,,,,【8.15.18.25.28日は土日祝料金】【3月.5月.8月.12月は賃料増額】,,,,,,,
,郵便局,川崎栗平郵便局22280,川崎市麻生区栗平2-3-9,催事スペース,屋内（風除室含む）,場所とる,"15,000","15,000",要確認,,,,【8.15.18.25.28日は土日祝料金】【3月.5月.8月.12月は賃料増額】,,,,,,,
,郵便局,神奈川菊名郵便局22290,横浜市港北区菊名4-1-5,催事スペース,屋内（風除室含む）,場所とる,"15,000","15,000",要確認,,,,【8.15.18.25.28日は土日祝料金】【3月.5月.8月.12月は賃料増額】,,,,,,,
,郵便局,鶴見下末吉町郵便局22300,横浜市鶴見区下末吉1-31-20,催事スペース,屋内（風除室含む）,場所とる,"10,000","10,000",要確認,,,,【8.15.18.25.28日は土日祝料金】【3月.5月.8月.12月は賃料増額】,,,,,,,
,郵便局,鎌倉由比ヶ浜郵便局22320,鎌倉市由比ガ浜3-9-45,催事スペース,屋内（風除室含む）,場所とる,"10,000","10,000",要確認,,,,【8.15.18.25.28日は土日祝料金】【3月.5月.8月.12月は賃料増額】,,,,,,,
,郵便局,初声郵便局22340,三浦市初声町入江52-1,催事スペース,屋内（風除室含む）,場所とる,"10,000","10,000",要確認,,,,【8.15.18.25.28日は土日祝料金】【3月.5月.8月.12月は賃料増額】,,,,,,,
,郵便局,横須賀浦郷郵便局22350,横須賀市浦郷町3-43,催事スペース,屋内（風除室含む）,場所とる,"10,000","10,000",要確認,,,,【8.15.18.25.28日は土日祝料金】【3月.5月.8月.12月は賃料増額】,,,,,,,
,郵便局,厚木旭町五郵便局22360,厚木市旭町5-32-3,催事スペース,屋内（風除室含む）,場所とる,"10,000","10,000",要確認,,,,【8.15.18.25.28日は土日祝料金】【3月.5月.8月.12月は賃料増額】,,,,,,,
,郵便局,金沢文庫駅前郵便局22370,横浜市金沢区釜利谷東2-16-7,催事スペース,屋内（風除室含む）,場所とる,"15,000","15,000",要確認,,,,【8.15.18.25.28日は土日祝料金】【3月.5月.8月.12月は賃料増額】,,,,,,,
,郵便局,小田原本町郵便局22380,小田原市本町2-11-14,催事スペース,屋内（風除室含む）,場所とる,"10,000","10,000",要確認,,,,【8.15.18.25.28日は土日祝料金】【3月.5月.8月.12月は賃料増額】,,,,,,,
,郵便局,開成郵便局22390,開成町延沢878-1,催事スペース,屋内（風除室含む）,場所とる,"10,000","10,000",要確認,,,,【8.15.18.25.28日は土日祝料金】【3月.5月.8月.12月は賃料増額】,,,,,,,
,郵便局,平塚御殿郵便局22400,平塚市御殿2-2-23,催事スペース,屋内（風除室含む）,場所とる,"15,000","15,000",要確認,,,,【8.15.18.25.28日は土日祝料金】【3月.5月.8月.12月は賃料増額】,,,,,,,
,郵便局,大沢郵便局22410,相模原市緑区下九沢1752-10,催事スペース,屋内（風除室含む）,場所とる,"15,000","15,000",要確認,,,,【8.15.18.25.28日は土日祝料金】【3月.5月.8月.12月は賃料増額】,,,,,,,
,郵便局,六会郵便局22420,藤沢市亀井野2-14-2,催事スペース,屋内（風除室含む）,場所とる,"15,000","15,000",要確認,,,,【8.15.18.25.28日は土日祝料金】【3月.5月.8月.12月は賃料増額】,,,,,,,
,郵便局,横浜桂郵便局22440,横浜市栄区桂町735,催事スペース,屋内（風除室含む）,場所とる,"10,000","10,000",要確認,,,,【8.15.18.25.28日は土日祝料金】【3月.5月.8月.12月は賃料増額】,,,,,,,
,郵便局,横浜元宮郵便局22450,横浜市鶴見区元宮1-9-13,催事スペース,屋内（風除室含む）,場所とる,"10,000","10,000",要確認,,,,【8.15.18.25.28日は土日祝料金】【3月.5月.8月.12月は賃料増額】,,,,,,,
,郵便局,"横須賀馬堀海岸郵便局22460",横須賀市馬堀海岸2-27-1,催事スペース,屋内（風除室含む）,場所とる,"15,000","15,000",要確認,,,,【8.15.18.25.28日は土日祝料金】【3月.5月.8月.12月は賃料増額】,,,,,,,
,郵便局,横浜大岡郵便局22470,横浜市南区大岡5-3-26,催事スペース,屋内（風除室含む）,場所とる,"10,000","10,000",要確認,,,,【8.15.18.25.28日は土日祝料金】【3月.5月.8月.12月は賃料増額】,,,,,,,
,郵便局,鶴見市場郵便局22480,横浜市鶴見区市場大和町4-31,催事スペース,屋内（風除室含む）,場所とる,"15,000","15,000",要確認,,,,【8.15.18.25.28日は土日祝料金】【3月.5月.8月.12月は賃料増額】,,,,,,,
,郵便局,川崎河原町郵便局22500,川崎市幸区河原町1-21,催事スペース,屋内（風除室含む）,場所とる,"15,000","15,000",要確認,,,,【8.15.18.25.28日は土日祝料金】【3月.5月.8月.12月は賃料増額】,,,,,,,
,郵便局,腰越郵便局22510,鎌倉市腰越3-1-23,催事スペース,屋内（風除室含む）,場所とる,"10,000","10,000",要確認,,,,【8.15.18.25.28日は土日祝料金】【3月.5月.8月.12月は賃料増額】,,,,,,,
,郵便局,田名郵便局22540,相模原市中央区田名5248,催事スペース,屋内（風除室含む）,場所とる,"15,000","15,000",要確認,,,,【8.15.18.25.28日は土日祝料金】【3月.5月.8月.12月は賃料増額】,,,,,,,
,郵便局,武山郵便局22550,横須賀市林2-1-38,催事スペース,屋内（風除室含む）,場所とる,"10,000","10,000",要確認,,,,【8.15.18.25.28日は土日祝料金】【3月.5月.8月.12月は賃料増額】,,,,,,,
,郵便局,横浜富岡郵便局22560,横浜市金沢区富岡西7-4-12,催事スペース,屋内（風除室含む）,場所とる,"10,000","10,000",要確認,,,,【8.15.18.25.28日は土日祝料金】【3月.5月.8月.12月は賃料増額】,,,,,,,
,郵便局,磯子郵便局22570,横浜市磯子区森3-1-15,催事スペース,屋内（風除室含む）,場所とる,"15,000","15,000",要確認,,,,【8.15.18.25.28日は土日祝料金】【3月.5月.8月.12月は賃料増額】,,,,,,,
,郵便局,横浜荏田東郵便局22580,横浜市都筑区荏田東3-6-2,催事スペース,屋内（風除室含む）,場所とる,"10,000","10,000",要確認,,,,【8.15.18.25.28日は土日祝料金】【3月.5月.8月.12月は賃料増額】,,,,,,,
,郵便局,青葉郵便局22590,横浜市青葉区荏田西1-7-5,催事スペース,屋内（風除室含む）,場所とる,"20,000","20,000",要確認,,,,【8.15.18.25.28日は土日祝料金】【3月.5月.8月.12月は賃料増額】,,,,,,,
,郵便局,横浜庄戸郵便局22600,横浜市栄区庄戸1-1-12,催事スペース,屋内（風除室含む）,場所とる,"10,000","10,000",要確認,,,,【8.15.18.25.28日は土日祝料金】【3月.5月.8月.12月は賃料増額】,,,,,,,
,郵便局,大和南林間六郵便局22610,大和市南林間6-23-23,催事スペース,屋内（風除室含む）,場所とる,"10,000","10,000",要確認,,,,【8.15.18.25.28日は土日祝料金】【3月.5月.8月.12月は賃料増額】,,,,,,,
,郵便局,藤沢片瀬山郵便局22620,藤沢市片瀬山2-8-8,催事スペース,屋内（風除室含む）,場所とる,"10,000","10,000",要確認,,,,【8.15.18.25.28日は土日祝料金】【3月.5月.8月.12月は賃料増額】,,,,,,,
,郵便局,横浜妙蓮寺郵便局22650,横浜市港北区菊名1-10-9,催事スペース,屋内（風除室含む）,場所とる,"15,000","15,000",要確認,,,,【8.15.18.25.28日は土日祝料金】【3月.5月.8月.12月は賃料増額】,,,,,,,
,郵便局,横須賀佐野南郵便局22660,横須賀市佐野町6-18,催事スペース,屋内（風除室含む）,場所とる,"10,000","10,000",要確認,,,,【8.15.18.25.28日は土日祝料金】【3月.5月.8月.12月は賃料増額】,,,,,,,
,郵便局,横浜日向山郵便局22680,横浜市瀬谷区南瀬谷2-2-1,催事スペース,屋内（風除室含む）,場所とる,"10,000","10,000",要確認,,,,【8.15.18.25.28日は土日祝料金】【3月.5月.8月.12月は賃料増額】,,,,,,,
,郵便局,相模原大島郵便局22700,相模原市緑区上九沢4-189,催事スペース,屋内（風除室含む）,場所とる,"10,000","10,000",要確認,,,,【8.15.18.25.28日は土日祝料金】【3月.5月.8月.12月は賃料増額】,,,,,,,
,郵便局,藤沢南仲通郵便局22710,藤沢市藤沢1015-14,催事スペース,屋内（風除室含む）,場所とる,"15,000","15,000",要確認,,,,【8.15.18.25.28日は土日祝料金】【3月.5月.8月.12月は賃料増額】,,,,,,,
,郵便局,津久井根小屋郵便局22720,相模原市緑区根小屋1613-5,催事スペース,屋内（風除室含む）,場所とる,"10,000","10,000",要確認,,,,【8.15.18.25.28日は土日祝料金】【3月.5月.8月.12月は賃料増額】,,,,,,,
,郵便局,北秦野郵便局22730,秦野市菩提399,催事スペース,屋内（風除室含む）,場所とる,"10,000","10,000",要確認,,,,【8.15.18.25.28日は土日祝料金】【3月.5月.8月.12月は賃料増額】,,,,,,,
,郵便局,煤ヶ谷郵便局22740,清川村煤ヶ谷1714-4,催事スペース,屋内（風除室含む）,場所とる,"10,000","10,000",要確認,,,,【8.15.18.25.28日は土日祝料金】【3月.5月.8月.12月は賃料増額】,,,,,,,
,郵便局,小出郵便局22750,茅ヶ崎市堤1928-8,催事スペース,屋内（風除室含む）,場所とる,"10,000","10,000",要確認,,,,【8.15.18.25.28日は土日祝料金】【3月.5月.8月.12月は賃料増額】,,,,,,,
,郵便局,内郷郵便局22760,相模原市緑区若柳1200-5,催事スペース,屋内（風除室含む）,場所とる,"10,000","10,000",要確認,,,,【8.15.18.25.28日は土日祝料金】【3月.5月.8月.12月は賃料増額】,,,,,,,
,郵便局,茅ヶ崎松が丘郵便局22770,茅ヶ崎市松が丘1-1-74,催事スペース,屋内（風除室含む）,場所とる,"10,000","10,000",要確認,,,,【8.15.18.25.28日は土日祝料金】【3月.5月.8月.12月は賃料増額】,,,,,,,
,郵便局,横須賀津久井郵便局22780,横須賀市津久井3-21-1,催事スペース,屋内（風除室含む）,場所とる,"10,000","10,000",要確認,,,,【8.15.18.25.28日は土日祝料金】【3月.5月.8月.12月は賃料増額】,,,,,,,
,郵便局,横浜仲通郵便局22790,横浜市鶴見区仲通1-58-12,催事スペース,屋内（風除室含む）,場所とる,"10,000","10,000",要確認,,,,【8.15.18.25.28日は土日祝料金】【3月.5月.8月.12月は賃料増額】,,,,,,,
,郵便局,大和柳橋郵便局22800,大和市柳橋2-4-13,催事スペース,屋内（風除室含む）,場所とる,"10,000","10,000",要確認,,,,【8.15.18.25.28日は土日祝料金】【3月.5月.8月.12月は賃料増額】,,,,,,,
,郵便局,神奈川白幡郵便局22810,横浜市神奈川区白幡南町35-4,催事スペース,屋内（風除室含む）,場所とる,"10,000","10,000",要確認,,,,【8.15.18.25.28日は土日祝料金】【3月.5月.8月.12月は賃料増額】,,,,,,,
,郵便局,横浜台村郵便局22840,横浜市緑区台村町348-1,催事スペース,屋内（風除室含む）,場所とる,"15,000","15,000",要確認,,,,【8.15.18.25.28日は土日祝料金】【3月.5月.8月.12月は賃料増額】,,,,,,,
,郵便局,小鮎郵便局22850,厚木市飯山南4-5-15,催事スペース,屋内（風除室含む）,場所とる,"10,000","10,000",要確認,,,,【8.15.18.25.28日は土日祝料金】【3月.5月.8月.12月は賃料増額】,,,,,,,
,郵便局,横浜新橋郵便局22860,横浜市泉区新橋町1224,催事スペース,屋内（風除室含む）,場所とる,"10,000","10,000",要確認,,,,【8.15.18.25.28日は土日祝料金】【3月.5月.8月.12月は賃料増額】,,,,,,,
,郵便局,松輪郵便局22870,三浦市南下浦町松輪1617-1,催事スペース,屋内（風除室含む）,場所とる,"10,000","10,000",要確認,,,,【8.15.18.25.28日は土日祝料金】【3月.5月.8月.12月は賃料増額】,,,,,,,
,郵便局,田浦郵便局22880,横須賀市田浦町2-83-1,催事スペース,屋内（風除室含む）,場所とる,"10,000","10,000",要確認,,,,【8.15.18.25.28日は土日祝料金】【3月.5月.8月.12月は賃料増額】,,,,,,,
,郵便局,横浜東寺尾郵便局22890,横浜市鶴見区東寺尾中台13-20,催事スペース,屋内（風除室含む）,場所とる,"10,000","10,000",要確認,,,,【8.15.18.25.28日は土日祝料金】【3月.5月.8月.12月は賃料増額】,,,,,,,
,郵便局,横浜大東郵便局22900,横浜市鶴見区朝日町1-42-1,催事スペース,屋内（風除室含む）,場所とる,"10,000","10,000",要確認,,,,【8.15.18.25.28日は土日祝料金】【3月.5月.8月.12月は賃料増額】,,,,,,,
,郵便局,横浜矢向郵便局22910,横浜市鶴見区矢向6-14-15,催事スペース,屋内（風除室含む）,場所とる,"15,000","15,000",要確認,,,,【8.15.18.25.28日は土日祝料金】【3月.5月.8月.12月は賃料増額】,,,,,,,
,郵便局,横浜金沢文庫郵便局22920,横浜市金沢区寺前1-1-28,催事スペース,屋内（風除室含む）,場所とる,"10,000","10,000",要確認,,,,【8.15.18.25.28日は土日祝料金】【3月.5月.8月.12月は賃料増額】,,,,,,,
,郵便局,川崎市役所通郵便局22930,川崎市川崎区砂子1-1-14,催事スペース,屋内（風除室含む）,場所とる,"15,000","15,000",要確認,,,,【8.15.18.25.28日は土日祝料金】【3月.5月.8月.12月は賃料増額】,,,,,,,
,郵便局,弥生台駅前郵便局22940,横浜市泉区弥生台26-4,催事スペース,屋内（風除室含む）,場所とる,"10,000","10,000",要確認,,,,【8.15.18.25.28日は土日祝料金】【3月.5月.8月.12月は賃料増額】,,,,,,,
,郵便局,厚木森の里郵便局22950,厚木市森の里1-34-3,催事スペース,屋内（風除室含む）,場所とる,"10,000","10,000",要確認,,,,【8.15.18.25.28日は土日祝料金】【3月.5月.8月.12月は賃料増額】,,,,,,,
,郵便局,横浜岩間郵便局22960,横浜市保土ケ谷区岩間町1-6-8,催事スペース,屋内（風除室含む）,場所とる,"15,000","15,000",要確認,,,,【8.15.18.25.28日は土日祝料金】【3月.5月.8月.12月は賃料増額】,,,,,,,
,郵便局,川崎新丸子郵便局22970,川崎市中原区新丸子町769,催事スペース,屋内（風除室含む）,場所とる,"15,000","15,000",要確認,,,,【8.15.18.25.28日は土日祝料金】【3月.5月.8月.12月は賃料増額】,,,,,,,
,郵便局,藤沢橘通郵便局22990,藤沢市鵠沼橘1-11-12,催事スペース,屋内（風除室含む）,場所とる,"10,000","10,000",要確認,,,,【8.15.18.25.28日は土日祝料金】【3月.5月.8月.12月は賃料増額】,,,,,,,
,郵便局,茅ヶ崎松林郵便局23000,茅ヶ崎市本村3-16-18,催事スペース,屋内（風除室含む）,場所とる,"10,000","10,000",要確認,,,,【8.15.18.25.28日は土日祝料金】【3月.5月.8月.12月は賃料増額】,,,,,,,
,郵便局,西大磯郵便局23010,大磯町国府本郷924,催事スペース,屋内（風除室含む）,場所とる,"10,000","10,000",要確認,,,,【8.15.18.25.28日は土日祝料金】【3月.5月.8月.12月は賃料増額】,,,,,,,
,郵便局,比々多郵便局23020,伊勢原市串橋63-3,催事スペース,屋内（風除室含む）,場所とる,"10,000","10,000",要確認,,,,【8.15.18.25.28日は土日祝料金】【3月.5月.8月.12月は賃料増額】,,,,,,,
,郵便局,逗子桜山郵便局23030,逗子市桜山2-3-37,催事スペース,屋内（風除室含む）,場所とる,"10,000","10,000",要確認,,,,【8.15.18.25.28日は土日祝料金】【3月.5月.8月.12月は賃料増額】,,,,,,,
,郵便局,横浜太田町郵便局23040,横浜市中区太田町1-10,催事スペース,屋内（風除室含む）,場所とる,"10,000","10,000",要確認,,,,【8.15.18.25.28日は土日祝料金】【3月.5月.8月.12月は賃料増額】,,,,,,,
,郵便局,横浜住吉町郵便局23050,横浜市中区住吉町1-13,催事スペース,屋内（風除室含む）,場所とる,"10,000","10,000",要確認,,,,【8.15.18.25.28日は土日祝料金】【3月.5月.8月.12月は賃料増額】,,,,,,,
,郵便局,横浜川和町郵便局23060,横浜市都筑区川和町620,催事スペース,屋内（風除室含む）,場所とる,"10,000","10,000",要確認,,,,【8.15.18.25.28日は土日祝料金】【3月.5月.8月.12月は賃料増額】,,,,,,,
,郵便局,横浜岸谷郵便局23070,横浜市鶴見区岸谷4-2-5,催事スペース,屋内（風除室含む）,場所とる,"10,000","10,000",要確認,,,,【8.15.18.25.28日は土日祝料金】【3月.5月.8月.12月は賃料増額】,,,,,,,
,郵便局,横浜新子安郵便局23080,横浜市神奈川区新子安1-8-2,催事スペース,屋内（風除室含む）,場所とる,"10,000","10,000",要確認,,,,【8.15.18.25.28日は土日祝料金】【3月.5月.8月.12月は賃料増額】,,,,,,,
,郵便局,横浜六浦郵便局23090,横浜市金沢区六浦東2-4-3,催事スペース,屋内（風除室含む）,場所とる,"10,000","10,000",要確認,,,,【8.15.18.25.28日は土日祝料金】【3月.5月.8月.12月は賃料増額】,,,,,,,
,郵便局,横浜大棚郵便局23100,横浜市都筑区大棚町263-1,催事スペース,屋内（風除室含む）,場所とる,"10,000","10,000",要確認,,,,【8.15.18.25.28日は土日祝料金】【3月.5月.8月.12月は賃料増額】,,,,,,,
,郵便局,神奈川中小企業センター内郵便局23120,横浜市中区尾上町5-80,催事スペース,屋内（風除室含む）,場所とる,"15,000","15,000",要確認,,,,【8.15.18.25.28日は土日祝料金】【3月.5月.8月.12月は賃料増額】,,,,,,,
,郵便局,川崎木月郵便局23130,川崎市中原区木月住吉町11-12,催事スペース,屋内（風除室含む）,場所とる,"10,000","10,000",要確認,,,,【8.15.18.25.28日は土日祝料金】【3月.5月.8月.12月は賃料増額】,,,,,,,
,郵便局,川崎四谷上町郵便局23140,川崎市川崎区四谷上町19-4,催事スペース,屋内（風除室含む）,場所とる,"10,000","10,000",要確認,,,,【8.15.18.25.28日は土日祝料金】【3月.5月.8月.12月は賃料増額】,,,,,,,
,郵便局,川崎馬絹郵便局23150,川崎市宮前区馬絹6-18-5,催事スペース,屋内（風除室含む）,場所とる,"15,000","15,000",要確認,,,,【8.15.18.25.28日は土日祝料金】【3月.5月.8月.12月は賃料増額】,,,,,,,
,郵便局,横須賀本浦郵便局23170,横須賀市追浜東町3-44,催事スペース,屋内（風除室含む）,場所とる,"10,000","10,000",要確認,,,,【8.15.18.25.28日は土日祝料金】【3月.5月.8月.12月は賃料増額】,,,,,,,
,郵便局,平塚駅前郵便局23190,平塚市八重咲町2-1,催事スペース,屋内（風除室含む）,場所とる,"15,000","15,000",要確認,,,,【8.15.18.25.28日は土日祝料金】【3月.5月.8月.12月は賃料増額】,,,,,,,
,郵便局,深沢郵便局23200,鎌倉市常盤60-3,催事スペース,屋内（風除室含む）,場所とる,"15,000","15,000",要確認,,,,【8.15.18.25.28日は土日祝料金】【3月.5月.8月.12月は賃料増額】,,,,,,,
,郵便局,新横浜駅前郵便局23210,横浜市港北区新横浜2-5-14,催事スペース,屋内（風除室含む）,場所とる,"15,000","15,000",要確認,,,,【8.15.18.25.28日は土日祝料金】【3月.5月.8月.12月は賃料増額】,,,,,,,
,郵便局,塚原郵便局23240,南足柄市塚原2631-1,催事スペース,屋内（風除室含む）,場所とる,"10,000","10,000",要確認,,,,【8.15.18.25.28日は土日祝料金】【3月.5月.8月.12月は賃料増額】,,,,,,,
,郵便局,山北岸郵便局23250,山北町岸1326-3,催事スペース,屋内（風除室含む）,場所とる,"10,000","10,000",要確認,,,,【8.15.18.25.28日は土日祝料金】【3月.5月.8月.12月は賃料増額】,,,,,,,
,郵便局,小田原板橋郵便局23260,小田原市板橋154,催事スペース,屋内（風除室含む）,場所とる,"10,000","10,000",要確認,,,,【8.15.18.25.28日は土日祝料金】【3月.5月.8月.12月は賃料増額】,,,,,,,
,郵便局,横浜矢部郵便局23280,横浜市戸塚区矢部町65-3,催事スペース,屋内（風除室含む）,場所とる,"15,000","15,000",要確認,,,,【8.15.18.25.28日は土日祝料金】【3月.5月.8月.12月は賃料増額】,,,,,,,
,郵便局,川崎小田郵便局23290,川崎市川崎区小田3-15-14,催事スペース,屋内（風除室含む）,場所とる,"10,000","10,000",要確認,,,,【8.15.18.25.28日は土日祝料金】【3月.5月.8月.12月は賃料増額】,,,,,,,
,郵便局,川崎藤崎郵便局23300,川崎市川崎区藤崎1-27-1,催事スペース,屋内（風除室含む）,場所とる,"10,000","10,000",要確認,,,,【8.15.18.25.28日は土日祝料金】【3月.5月.8月.12月は賃料増額】,,,,,,,
,郵便局,川崎下作延郵便局23310,川崎市高津区下作延2-9-11,催事スペース,屋内（風除室含む）,場所とる,"10,000","10,000",要確認,,,,【8.15.18.25.28日は土日祝料金】【3月.5月.8月.12月は賃料増額】,,,,,,,
,郵便局,茅ヶ崎海岸郵便局23320,茅ヶ崎市東海岸北1-5-2,催事スペース,屋内（風除室含む）,場所とる,"15,000","15,000",要確認,,,,【8.15.18.25.28日は土日祝料金】【3月.5月.8月.12月は賃料増額】,,,,,,,
,郵便局,平塚旭郵便局23340,平塚市河内337,催事スペース,屋内（風除室含む）,場所とる,"15,000","15,000",要確認,,,,【8.15.18.25.28日は土日祝料金】【3月.5月.8月.12月は賃料増額】,,,,,,,
,郵便局,横浜原宿郵便局23350,横浜市戸塚区深谷町238-5,催事スペース,屋内（風除室含む）,場所とる,"15,000","15,000",要確認,,,,【8.15.18.25.28日は土日祝料金】【3月.5月.8月.12月は賃料増額】,,,,,,,
,郵便局,二宮元町郵便局23360,二宮町二宮1326-3,催事スペース,屋内（風除室含む）,場所とる,"10,000","10,000",要確認,,,,【8.15.18.25.28日は土日祝料金】【3月.5月.8月.12月は賃料増額】,,,,,,,
,郵便局,鎌倉津西郵便局23370,鎌倉市津西1-1-14,催事スペース,屋内（風除室含む）,場所とる,"10,000","10,000",要確認,,,,【8.15.18.25.28日は土日祝料金】【3月.5月.8月.12月は賃料増額】,,,,,,,
,郵便局,横浜滝頭郵便局23380,横浜市磯子区滝頭2-37-18,催事スペース,屋内（風除室含む）,場所とる,"10,000","10,000",要確認,,,,【8.15.18.25.28日は土日祝料金】【3月.5月.8月.12月は賃料増額】,,,,,,,
,郵便局,横浜六浦川郵便局23390,横浜市金沢区六浦4-23-23,催事スペース,屋内（風除室含む）,場所とる,"10,000","10,000",要確認,,,,【8.15.18.25.28日は土日祝料金】【3月.5月.8月.12月は賃料増額】,,,,,,,
,郵便局,横浜馬場郵便局23420,横浜市鶴見区馬場2-6-30,催事スペース,屋内（風除室含む）,場所とる,"10,000","10,000",要確認,,,,【8.15.18.25.28日は土日祝料金】【3月.5月.8月.12月は賃料増額】,,,,,,,
,郵便局,横須賀池上郵便局23440,横須賀市池上3-1-3,催事スペース,屋内（風除室含む）,場所とる,"10,000","10,000",要確認,,,,【8.15.18.25.28日は土日祝料金】【3月.5月.8月.12月は賃料増額】,,,,,,,
,郵便局,鎌倉稲村ガ崎郵便局23450,鎌倉市稲村ガ崎1-15-18,催事スペース,屋内（風除室含む）,場所とる,"10,000","10,000",要確認,,,,【8.15.18.25.28日は土日祝料金】【3月.5月.8月.12月は賃料増額】,,,,,,,
,郵便局,藤沢台町郵便局23460,藤沢市藤沢4-5-2,催事スペース,屋内（風除室含む）,場所とる,"10,000","10,000",要確認,,,,【8.15.18.25.28日は土日祝料金】【3月.5月.8月.12月は賃料増額】,,,,,,,
,郵便局,東秦野郵便局23470,秦野市寺山232-1,催事スペース,屋内（風除室含む）,場所とる,"10,000","10,000",要確認,,,,【8.15.18.25.28日は土日祝料金】【3月.5月.8月.12月は賃料増額】,,,,,,,
,郵便局,厚木旭郵便局23480,厚木市泉町5-11,催事スペース,屋内（風除室含む）,場所とる,"15,000","15,000",要確認,,,,【8.15.18.25.28日は土日祝料金】【3月.5月.8月.12月は賃料増額】,,,,,,,
,郵便局,川崎大師海岸郵便局23500,川崎市川崎区大師河原2-5-17,催事スペース,屋内（風除室含む）,場所とる,"10,000","10,000",要確認,,,,【8.15.18.25.28日は土日祝料金】【3月.5月.8月.12月は賃料増額】,,,,,,,
,郵便局,平塚四之宮郵便局23510,平塚市四之宮3-1-33,催事スペース,屋内（風除室含む）,場所とる,"10,000","10,000",要確認,,,,【8.15.18.25.28日は土日祝料金】【3月.5月.8月.12月は賃料増額】,,,,,,,
,郵便局,横浜鳥が丘郵便局23520,横浜市戸塚区鳥が丘52-2,催事スペース,屋内（風除室含む）,場所とる,"15,000","15,000",要確認,,,,【8.15.18.25.28日は土日祝料金】【3月.5月.8月.12月は賃料増額】,,,,,,,
,郵便局,横浜沢渡郵便局23530,横浜市神奈川区泉町8-8,催事スペース,屋内（風除室含む）,場所とる,"10,000","10,000",要確認,,,,【8.15.18.25.28日は土日祝料金】【3月.5月.8月.12月は賃料増額】,,,,,,,
,郵便局,横浜弘明寺郵便局23550,横浜市南区弘明寺町270,催事スペース,屋内（風除室含む）,場所とる,"15,000","15,000",要確認,,,,【8.15.18.25.28日は土日祝料金】【3月.5月.8月.12月は賃料増額】,,,,,,,
,郵便局,横浜浅間町郵便局23560,横浜市西区浅間町1-15-3,催事スペース,屋内（風除室含む）,場所とる,"10,000","10,000",要確認,,,,【8.15.18.25.28日は土日祝料金】【3月.5月.8月.12月は賃料増額】,,,,,,,
,郵便局,鶴巻郵便局23570,秦野市鶴巻南1-1-3,催事スペース,屋内（風除室含む）,場所とる,"15,000","15,000",要確認,,,,【8.15.18.25.28日は土日祝料金】【3月.5月.8月.12月は賃料増額】,,,,,,,
,郵便局,相川郵便局23580,厚木市酒井2542,催事スペース,屋内（風除室含む）,場所とる,"10,000","10,000",要確認,,,,【8.15.18.25.28日は土日祝料金】【3月.5月.8月.12月は賃料増額】,,,,,,,
,郵便局,根府川郵便局23600,小田原市根府川89-33,催事スペース,屋内（風除室含む）,場所とる,"10,000","10,000",要確認,,,,【8.15.18.25.28日は土日祝料金】【3月.5月.8月.12月は賃料増額】,,,,,,,
,郵便局,下中郵便局23610,小田原市小船89-7,催事スペース,屋内（風除室含む）,場所とる,"10,000","10,000",要確認,,,,【8.15.18.25.28日は土日祝料金】【3月.5月.8月.12月は賃料増額】,,,,,,,
,郵便局,横浜市ヶ尾郵便局23620,横浜市青葉区市ケ尾町1726,催事スペース,屋内（風除室含む）,場所とる,"10,000","10,000",要確認,,,,【8.15.18.25.28日は土日祝料金】【3月.5月.8月.12月は賃料増額】,,,,,,,
,郵便局,川崎古市場郵便局23630,川崎市幸区下平間223,催事スペース,屋内（風除室含む）,場所とる,"15,000","15,000",要確認,,,,【8.15.18.25.28日は土日祝料金】【3月.5月.8月.12月は賃料増額】,,,,,,,
,郵便局,鎌倉浄明寺郵便局23640,鎌倉市二階堂921-2,催事スペース,屋内（風除室含む）,場所とる,"10,000","10,000",要確認,,,,【8.15.18.25.28日は土日祝料金】【3月.5月.8月.12月は賃料増額】,,,,,,,
,郵便局,小田原久野郵便局23650,小田原市久野71-1,催事スペース,屋内（風除室含む）,場所とる,"10,000","10,000",要確認,,,,【8.15.18.25.28日は土日祝料金】【3月.5月.8月.12月は賃料増額】,,,,,,,
,郵便局,福浦郵便局23670,湯河原町吉浜378-1,催事スペース,屋内（風除室含む）,場所とる,"10,000","10,000",要確認,,,,【8.15.18.25.28日は土日祝料金】【3月.5月.8月.12月は賃料増額】,,,,,,,
,郵便局,踊場駅前郵便局23680,横浜市戸塚区汲沢8-2-12,催事スペース,屋内（風除室含む）,場所とる,"15,000","15,000",要確認,,,,【8.15.18.25.28日は土日祝料金】【3月.5月.8月.12月は賃料増額】,,,,,,,
,郵便局,稲田堤郵便局23690,川崎市多摩区菅1-2-18,催事スペース,屋内（風除室含む）,場所とる,"15,000","15,000",要確認,,,,【8.15.18.25.28日は土日祝料金】【3月.5月.8月.12月は賃料増額】,,,,,,,
,郵便局,川崎大島郵便局23700,川崎市川崎区境町11-22,催事スペース,屋内（風除室含む）,場所とる,"10,000","10,000",要確認,,,,【8.15.18.25.28日は土日祝料金】【3月.5月.8月.12月は賃料増額】,,,,,,,
,郵便局,川崎南河原郵便局23710,川崎市幸区南幸町2-71-3,催事スペース,屋内（風除室含む）,場所とる,"10,000","10,000",要確認,,,,【8.15.18.25.28日は土日祝料金】【3月.5月.8月.12月は賃料増額】,,,,,,,
,郵便局,横浜北幸郵便局23720,横浜市西区北幸2-10-33,催事スペース,屋内（風除室含む）,場所とる,"15,000","15,000",要確認,,,,【8.15.18.25.28日は土日祝料金】【3月.5月.8月.12月は賃料増額】,,,,,,,
,郵便局,横浜上末吉郵便局23730,横浜市鶴見区上末吉4-17-15,催事スペース,屋内（風除室含む）,場所とる,"10,000","10,000",要確認,,,,【8.15.18.25.28日は土日祝料金】【3月.5月.8月.12月は賃料増額】,,,,,,,
,郵便局,横浜西神奈川郵便局23740,横浜市神奈川区西神奈川1-9-11,催事スペース,屋内（風除室含む）,場所とる,"15,000","15,000",要確認,,,,【8.15.18.25.28日は土日祝料金】【3月.5月.8月.12月は賃料増額】,,,,,,,
,郵便局,相模原駅前郵便局23750,相模原市中央区相模原2-13-1,催事スペース,屋内（風除室含む）,場所とる,"15,000","15,000",要確認,,,,【8.15.18.25.28日は土日祝料金】【3月.5月.8月.12月は賃料増額】,,,,,,,
,郵便局,平塚菫平郵便局23770,平塚市菫平8-7,催事スペース,屋内（風除室含む）,場所とる,"15,000","15,000",要確認,,,,【8.15.18.25.28日は土日祝料金】【3月.5月.8月.12月は賃料増額】,,,,,,,
,郵便局,横浜洪福寺郵便局23780,横浜市西区浅間町5-379-1,催事スペース,屋内（風除室含む）,場所とる,"10,000","10,000",要確認,,,,【8.15.18.25.28日は土日祝料金】【3月.5月.8月.12月は賃料増額】,,,,,,,
,郵便局,鵠沼桜が岡郵便局23790,藤沢市鵠沼桜が岡3-19-2,催事スペース,屋内（風除室含む）,場所とる,"10,000","10,000",要確認,,,,【8.15.18.25.28日は土日祝料金】【3月.5月.8月.12月は賃料増額】,,,,,,,
,郵便局,東逗子郵便局23800,逗子市桜山4-7-17,催事スペース,屋内（風除室含む）,場所とる,"15,000","15,000",要確認,,,,【8.15.18.25.28日は土日祝料金】【3月.5月.8月.12月は賃料増額】,,,,,,,
,郵便局,横浜宿町郵便局23820,横浜市南区宿町2-32,催事スペース,屋内（風除室含む）,場所とる,"15,000","15,000",要確認,,,,【8.15.18.25.28日は土日祝料金】【3月.5月.8月.12月は賃料増額】,,,,,,,
,郵便局,川崎渡田向町郵便局23830,川崎市川崎区渡田向町15-3,催事スペース,屋内（風除室含む）,場所とる,"10,000","10,000",要確認,,,,【8.15.18.25.28日は土日祝料金】【3月.5月.8月.12月は賃料増額】,,,,,,,
,郵便局,横浜三ツ境郵便局23840,横浜市瀬谷区三ツ境16-1,催事スペース,屋内（風除室含む）,場所とる,"15,000","15,000",要確認,,,,【8.15.18.25.28日は土日祝料金】【3月.5月.8月.12月は賃料増額】,,,,,,,
,郵便局,港北郵便局23860,横浜市港北区菊名6-20-18,催事スペース,屋内（風除室含む）,場所とる,"15,000","15,000",要確認,,,,【8.15.18.25.28日は土日祝料金】【3月.5月.8月.12月は賃料増額】,,,,,,,
,郵便局,横浜三ッ沢郵便局23870,横浜市神奈川区三ツ沢中町4-19,催事スペース,屋内（風除室含む）,場所とる,"10,000","10,000",要確認,,,,【8.15.18.25.28日は土日祝料金】【3月.5月.8月.12月は賃料増額】,,,,,,,
,郵便局,鶴ヶ峯駅前郵便局23880,横浜市旭区鶴ケ峰1-2-11,催事スペース,屋内（風除室含む）,場所とる,"15,000","15,000",要確認,,,,【8.15.18.25.28日は土日祝料金】【3月.5月.8月.12月は賃料増額】,,,,,,,
,郵便局,横浜上大岡郵便局23890,横浜市港南区上大岡西1-15-1,催事スペース,屋内（風除室含む）,場所とる,"15,000","15,000",要確認,,,,【8.15.18.25.28日は土日祝料金】【3月.5月.8月.12月は賃料増額】,,,,,,,
,郵便局,川崎井田郵便局23900,川崎市中原区井田中ノ町25-1,催事スペース,屋内（風除室含む）,場所とる,"15,000","15,000",要確認,,,,【8.15.18.25.28日は土日祝料金】【3月.5月.8月.12月は賃料増額】,,,,,,,
,郵便局,川崎南加瀬郵便局23910,川崎市幸区南加瀬3-30-5,催事スペース,屋内（風除室含む）,場所とる,"15,000","15,000",要確認,,,,【8.15.18.25.28日は土日祝料金】【3月.5月.8月.12月は賃料増額】,,,,,,,
,郵便局,南大和郵便局23930,大和市大和南1-8-1,催事スペース,屋内（風除室含む）,場所とる,"15,000","15,000",要確認,,,,【8.15.18.25.28日は土日祝料金】【3月.5月.8月.12月は賃料増額】,,,,,,,
,郵便局,横浜桜ヶ丘郵便局23940,横浜市保土ケ谷区桜ケ丘1-11-2,催事スペース,屋内（風除室含む）,場所とる,"10,000","10,000",要確認,,,,【8.15.18.25.28日は土日祝料金】【3月.5月.8月.12月は賃料増額】,,,,,,,
,郵便局,横浜大倉山郵便局23950,横浜市港北区大倉山1-16-2,催事スペース,屋内（風除室含む）,場所とる,"15,000","15,000",要確認,,,,【8.15.18.25.28日は土日祝料金】【3月.5月.8月.12月は賃料増額】,,,,,,,
,郵便局,川崎小向西町郵便局23960,川崎市幸区小向西町3-31,催事スペース,屋内（風除室含む）,場所とる,"10,000","10,000",要確認,,,,【8.15.18.25.28日は土日祝料金】【3月.5月.8月.12月は賃料増額】,,,,,,,
,郵便局,茅ヶ崎南湖郵便局23970,"茅ヶ崎市南湖3-14-12",催事スペース,屋内（風除室含む）,場所とる,"10,000","10,000",要確認,,,,【8.15.18.25.28日は土日祝料金】【3月.5月.8月.12月は賃料増額】,,,,,,,
,郵便局,三浦三崎郵便局23980,三浦市三崎5-245-7,催事スペース,屋内（風除室含む）,場所とる,"10,000","10,000",要確認,,,,【8.15.18.25.28日は土日祝料金】【3月.5月.8月.12月は賃料増額】,,,,,,,
,郵便局,横浜中原郵便局23990,横浜市磯子区中原3-2-15,催事スペース,屋内（風除室含む）,場所とる,"10,000","10,000",要確認,,,,【8.15.18.25.28日は土日祝料金】【3月.5月.8月.12月は賃料増額】,,,,,,,
,郵便局,シルクセンター内郵便局24000,横浜市中区山下町123-1,催事スペース,屋内（風除室含む）,場所とる,"15,000","15,000",要確認,,,,【8.15.18.25.28日は土日祝料金】【3月.5月.8月.12月は賃料増額】,,,,,,,
,郵便局,川崎下沼部郵便局24010,市中原区下沼部1763,催事スペース,屋内（風除室含む）,場所とる,"10,000","10,000",要確認,,,,【8.15.18.25.28日は土日祝料金】【3月.5月.8月.12月は賃料増額】,,,,,,,
,郵便局,大塚本町郵便局24020,海老名市東柏ケ谷1-2-2,催事スペース,屋内（風除室含む）,場所とる,"10,000","10,000",要確認,,,,【8.15.18.25.28日は土日祝料金】【3月.5月.8月.12月は賃料増額】,,,,,,,
,郵便局,横須賀公郷郵便局24040,横須賀市公郷町1-43,催事スペース,屋内（風除室含む）,場所とる,"10,000","10,000",要確認,,,,【8.15.18.25.28日は土日祝料金】【3月.5月.8月.12月は賃料増額】,,,,,,,
,郵便局,横浜六角橋北郵便局24050,横浜市神奈川区六角橋6-28-29,催事スペース,屋内（風除室含む）,場所とる,"10,000","10,000",要確認,,,,【8.15.18.25.28日は土日祝料金】【3月.5月.8月.12月は賃料増額】,,,,,,,
,郵便局,藤沢辻堂新町郵便局24060,藤沢市辻堂新町1-19-10,催事スペース,屋内（風除室含む）,場所とる,"15,000","15,000",要確認,,,,【8.15.18.25.28日は土日祝料金】【3月.5月.8月.12月は賃料増額】,,,,,,,
,郵便局,川崎昭和郵便局24070,川崎市川崎区昭和2-7-20,催事スペース,屋内（風除室含む）,場所とる,"10,000","10,000",要確認,,,,【8.15.18.25.28日は土日祝料金】【3月.5月.8月.12月は賃料増額】,,,,,,,
,郵便局,相模台郵便局24080,相模原市南区相模台2-1-6,催事スペース,屋内（風除室含む）,場所とる,"15,000","15,000",要確認,,,,【8.15.18.25.28日は土日祝料金】【3月.5月.8月.12月は賃料増額】,,,,,,,
,郵便局,川崎宿河原郵便局24090,川崎市多摩区宿河原3-3-13,催事スペース,屋内（風除室含む）,場所とる,"15,000","15,000",要確認,,,,【8.15.18.25.28日は土日祝料金】【3月.5月.8月.12月は賃料増額】,,,,,,,
,郵便局,横浜永田郵便局24110,横浜市南区永田東3-15-3,催事スペース,屋内（風除室含む）,場所とる,"10,000","10,000",要確認,,,,【8.15.18.25.28日は土日祝料金】【3月.5月.8月.12月は賃料増額】,,,,,,,
,郵便局,横浜大和郵便局24120,横浜市中区大和町2-58-3,催事スペース,屋内（風除室含む）,場所とる,"10,000","10,000",要確認,,,,【8.15.18.25.28日は土日祝料金】【3月.5月.8月.12月は賃料増額】,,,,,,,
,郵便局,小田原成田郵便局24130,小田原市成田447-13,催事スペース,屋内（風除室含む）,場所とる,"10,000","10,000",要確認,,,,【8.15.18.25.28日は土日祝料金】【3月.5月.8月.12月は賃料増額】,,,,,,,
,郵便局,横浜西谷郵便局24140,横浜市保土ケ谷区西谷3-8-22,催事スペース,屋内（風除室含む）,場所とる,"10,000","10,000",要確認,,,,【8.15.18.25.28日は土日祝料金】【3月.5月.8月.12月は賃料増額】,,,,,,,
,郵便局,藤沢東海岸郵便局24150,藤沢市辻堂西海岸1-8-15,催事スペース,屋内（風除室含む）,場所とる,"15,000","15,000",要確認,,,,【8.15.18.25.28日は土日祝料金】【3月.5月.8月.12月は賃料増額】,,,,,,,
,郵便局,百合ヶ丘駅前郵便局24170,"川崎市麻生区百合丘1-18-14",催事スペース,屋内（風除室含む）,場所とる,"15,000","15,000",要確認,,,,【8.15.18.25.28日は土日祝料金】【3月.5月.8月.12月は賃料増額】,,,,,,,
,郵便局,横浜保土ヶ谷三郵便局24180,横浜市保土ケ谷区保土ケ谷町3-196,催事スペース,屋内（風除室含む）,場所とる,"10,000","10,000",要確認,,,,【8.15.18.25.28日は土日祝料金】【3月.5月.8月.12月は賃料増額】,,,,,,,
,郵便局,川崎苅宿郵便局24190,川崎市中原区苅宿34-1,催事スペース,屋内（風除室含む）,場所とる,"10,000","10,000",要確認,,,,【8.15.18.25.28日は土日祝料金】【3月.5月.8月.12月は賃料増額】,,,,,,,
,郵便局,螢田駅前郵便局24200,小田原市蓮正寺378-2,催事スペース,屋内（風除室含む）,場所とる,"10,000","10,000",要確認,,,,【8.15.18.25.28日は土日祝料金】【3月.5月.8月.12月は賃料増額】,,,,,,,
,郵便局,平塚八千代郵便局24210,平塚市八千代町15-13,催事スペース,屋内（風除室含む）,場所とる,"10,000","10,000",要確認,,,,【8.15.18.25.28日は土日祝料金】【3月.5月.8月.12月は賃料増額】,,,,,,,
,郵便局,尻手駅前郵便局24220,横浜市鶴見区矢向2-14-2,催事スペース,屋内（風除室含む）,場所とる,"10,000","10,000",要確認,,,,【8.15.18.25.28日は土日祝料金】【3月.5月.8月.12月は賃料増額】,,,,,,,
,郵便局,栢山駅前郵便局24230,小田原市曽比1753-4,催事スペース,屋内（風除室含む）,場所とる,"10,000","10,000",要確認,,,,【8.15.18.25.28日は土日祝料金】【3月.5月.8月.12月は賃料増額】,,,,,,,
,郵便局,横浜西寺尾郵便局24240,横浜市神奈川区西寺尾2-7-13,催事スペース,屋内（風除室含む）,場所とる,"10,000","10,000",要確認,,,,【8.15.18.25.28日は土日祝料金】【3月.5月.8月.12月は賃料増額】,,,,,,,
,郵便局,横浜豊田郵便局24250,横浜市戸塚区下倉田町1103-5,催事スペース,屋内（風除室含む）,場所とる,"15,000","15,000",要確認,,,,【8.15.18.25.28日は土日祝料金】【3月.5月.8月.12月は賃料増額】,,,,,,,
,郵便局,川崎宮内郵便局24260,川崎市中原区宮内2-10-10,催事スペース,屋内（風除室含む）,場所とる,"10,000","10,000",要確認,,,,【8.15.18.25.28日は土日祝料金】【3月.5月.8月.12月は賃料増額】,,,,,,,
,郵便局,南林間駅前郵便局24270,大和市南林間2-10-12,催事スペース,屋内（風除室含む）,場所とる,"15,000","15,000",要確認,,,,【8.15.18.25.28日は土日祝料金】【3月.5月.8月.12月は賃料増額】,,,,,,,
,郵便局,茅ヶ崎富士見郵便局24290,茅ヶ崎市富士見町16-8,催事スペース,屋内（風除室含む）,場所とる,"15,000","15,000",要確認,,,,【8.15.18.25.28日は土日祝料金】【3月.5月.8月.12月は賃料増額】,,,,,,,
,郵便局,小田原寿町郵便局24300,小田原市寿町3-5-37,催事スペース,屋内（風除室含む）,場所とる,"10,000","10,000",要確認,,,,【8.15.18.25.28日は土日祝料金】【3月.5月.8月.12月は賃料増額】,,,,,,,
,郵便局,川崎子母口郵便局24310,川崎市高津区子母口458-2,催事スペース,屋内（風除室含む）,場所とる,"15,000","15,000",要確認,,,,【8.15.18.25.28日は土日祝料金】【3月.5月.8月.12月は賃料増額】,,,,,,,
,郵便局,横浜旭郵便局24320,横浜市旭区本村町44-2,催事スペース,屋内（風除室含む）,場所とる,"20,000","20,000",要確認,,,,【8.15.18.25.28日は土日祝料金】【3月.5月.8月.12月は賃料増額】,,,,,,,
,郵便局,相模原郵便局24330,相模原市中央区富士見1-1-20,催事スペース,屋内（風除室含む）,場所とる,"20,000","20,000",要確認,,,,【8.15.18.25.28日は土日祝料金】【3月.5月.8月.12月は賃料増額】,,,,,,,
,郵便局,二宮一色郵便局24350,二宮町百合が丘2-3-1,催事スペース,屋内（風除室含む）,場所とる,"10,000","10,000",要確認,,,,【8.15.18.25.28日は土日祝料金】【3月.5月.8月.12月は賃料増額】,,,,,,,
,郵便局,横浜南日吉郵便局24360,横浜市港北区日吉本町4-11-4,催事スペース,屋内（風除室含む）,場所とる,"15,000","15,000",要確認,,,,【8.15.18.25.28日は土日祝料金】【3月.5月.8月.12月は賃料増額】,,,,,,,
,郵便局,横浜杉田西郵便局24370,横浜市磯子区杉田3-28-45,催事スペース,屋内（風除室含む）,場所とる,"10,000","10,000",要確認,,,,【8.15.18.25.28日は土日祝料金】【3月.5月.8月.12月は賃料増額】,,,,,,,
,郵便局,横浜神大寺郵便局24380,横浜市神奈川区神大寺4-1-8,催事スペース,屋内（風除室含む）,場所とる,"15,000","15,000",要確認,,,,【8.15.18.25.28日は土日祝料金】【3月.5月.8月.12月は賃料増額】,,,,,,,
,郵便局,横浜今宿郵便局24390,横浜市旭区今宿東町1631-4,催事スペース,屋内（風除室含む）,場所とる,"10,000","10,000",要確認,,,,【8.15.18.25.28日は土日祝料金】【3月.5月.8月.12月は賃料増額】,,,,,,,
,郵便局,横浜平戸郵便局24400,横浜市戸塚区平戸2-25-13,催事スペース,屋内（風除室含む）,場所とる,"10,000","10,000",要確認,,,,【8.15.18.25.28日は土日祝料金】【3月.5月.8月.12月は賃料増額】,,,,,,,
,郵便局,横浜上永谷郵便局24410,横浜市港南区上永谷2-16-22,催事スペース,屋内（風除室含む）,場所とる,"10,000","10,000",要確認,,,,【8.15.18.25.28日は土日祝料金】【3月.5月.8月.12月は賃料増額】,,,,,,,
,郵便局,川崎向ヶ丘郵便局24430,川崎市宮前区平1-4-16,催事スペース,屋内（風除室含む）,場所とる,"15,000","15,000",要確認,,,,【8.15.18.25.28日は土日祝料金】【3月.5月.8月.12月は賃料増額】,,,,,,,
,郵便局,川崎旭町郵便局24440,川崎市川崎区旭町2-24-1,催事スペース,屋内（風除室含む）,場所とる,"10,000","10,000",要確認,,,,【8.15.18.25.28日は土日祝料金】【3月.5月.8月.12月は賃料増額】,,,,,,,
,郵便局,横須賀鶴が丘郵便局24450,"横須賀市鶴が丘1-2-24",催事スペース,屋内（風除室含む）,場所とる,"10,000","10,000",要確認,,,,【8.15.18.25.28日は土日祝料金】【3月.5月.8月.12月は賃料増額】,,,,,,,
,郵便局,横浜瀬谷南郵便局24460,横浜市瀬谷区南台1-3-8,催事スペース,屋内（風除室含む）,場所とる,"10,000","10,000",要確認,,,,【8.15.18.25.28日は土日祝料金】【3月.5月.8月.12月は賃料増額】,,,,,,,
,郵便局,横浜片倉郵便局24470,横浜市神奈川区片倉3-3-13,催事スペース,屋内（風除室含む）,場所とる,"15,000","15,000",要確認,,,,【8.15.18.25.28日は土日祝料金】【3月.5月.8月.12月は賃料増額】,,,,,,,
,郵便局,横浜栄町通郵便局24480,横浜市鶴見区栄町通4-38-13,催事スペース,屋内（風除室含む）,場所とる,"10,000","10,000",要確認,,,,【8.15.18.25.28日は土日祝料金】【3月.5月.8月.12月は賃料増額】,,,,,,,
,郵便局,横浜星川郵便局24490,横浜市保土ケ谷区星川2-3-5,催事スペース,屋内（風除室含む）,場所とる,"10,000","10,000",要確認,,,,【8.15.18.25.28日は土日祝料金】【3月.5月.8月.12月は賃料増額】,,,,,,,
,郵便局,港南郵便局24500,横浜市港南区最戸1-20-6,催事スペース,屋内（風除室含む）,場所とる,"20,000","20,000",要確認,,,,【8.15.18.25.28日は土日祝料金】【3月.5月.8月.12月は賃料増額】,,,,,,,
,郵便局,湯河原郵便局24510,湯河原町土肥2-2-5,催事スペース,屋内（風除室含む）,場所とる,"15,000","15,000",要確認,,,,【8.15.18.25.28日は土日祝料金】【3月.5月.8月.12月は賃料増額】,,,,,,,
,郵便局,横浜釜利谷郵便局24520,横浜市金沢区釜利谷東6-5-10,催事スペース,屋内（風除室含む）,場所とる,"10,000","10,000",要確認,,,,【8.15.18.25.28日は土日祝料金】【3月.5月.8月.12月は賃料増額】,,,,,,,
,郵便局,横浜万騎が原郵便局24530,横浜市旭区二俣川2-87-4,催事スペース,屋内（風除室含む）,場所とる,"10,000","10,000",要確認,,,,【8.15.18.25.28日は土日祝料金】【3月.5月.8月.12月は賃料増額】,,,,,,,
,郵便局,横浜十日市場郵便局24540,横浜市緑区十日市場町1358-3,催事スペース,屋内（風除室含む）,場所とる,"15,000","15,000",要確認,,,,【8.15.18.25.28日は土日祝料金】【3月.5月.8月.12月は賃料増額】,,,,,,,
,郵便局,川崎東大島郵便局24550,川崎市川崎区大島5-18-1,催事スペース,屋内（風除室含む）,場所とる,"15,000","15,000",要確認,,,,【8.15.18.25.28日は土日祝料金】【3月.5月.8月.12月は賃料増額】,,,,,,,
,郵便局,川崎溝ノ口郵便局24560,川崎市高津区溝口3-15-12,催事スペース,屋内（風除室含む）,場所とる,"15,000","15,000",要確認,,,,【8.15.18.25.28日は土日祝料金】【3月.5月.8月.12月は賃料増額】,,,,,,,
,郵便局,相模原相武台郵便局24580,相模原市南区相武台2-20-14,催事スペース,屋内（風除室含む）,場所とる,"10,000","10,000",要確認,,,,【8.15.18.25.28日は土日祝料金】【3月.5月.8月.12月は賃料増額】,,,,,,,
,郵便局,藤沢藤ヶ岡郵便局24590,藤沢市藤が岡3-9-2,催事スペース,屋内（風除室含む）,場所とる,"15,000","15,000",要確認,,,,【8.15.18.25.28日は土日祝料金】【3月.5月.8月.12月は賃料増額】,,,,,,,
,郵便局,生田駅前郵便局24600,川崎市多摩区生田7-12-6,催事スペース,屋内（風除室含む）,場所とる,"15,000","15,000",要確認,,,,【8.15.18.25.28日は土日祝料金】【3月.5月.8月.12月は賃料増額】,,,,,,,
,郵便局,鵠沼駅前郵便局24620,藤沢市鵠沼松が岡1-1-6,催事スペース,屋内（風除室含む）,場所とる,"10,000","10,000",要確認,,,,【8.15.18.25.28日は土日祝料金】【3月.5月.8月.12月は賃料増額】,,,,,,,
,郵便局,大和桜ヶ丘郵便局24640,大和市上和田981-1,催事スペース,屋内（風除室含む）,場所とる,"10,000","10,000",要確認,,,,【8.15.18.25.28日は土日祝料金】【3月.5月.8月.12月は賃料増額】,,,,,,,
,郵便局,茅ヶ崎若松郵便局24650,茅ヶ崎市若松町6-26,催事スペース,屋内（風除室含む）,場所とる,"10,000","10,000",要確認,,,,【8.15.18.25.28日は土日祝料金】【3月.5月.8月.12月は賃料増額】,,,,,,,
,郵便局,横浜日野郵便局24680,横浜市港南区日野5-20-9,催事スペース,屋内（風除室含む）,場所とる,"10,000","10,000",要確認,,,,【8.15.18.25.28日は土日祝料金】【3月.5月.8月.12月は賃料増額】,,,,,,,
,郵便局,横浜岩井郵便局24690,横浜市保土ケ谷区岩井町342,催事スペース,屋内（風除室含む）,場所とる,"10,000","10,000",要確認,,,,【8.15.18.25.28日は土日祝料金】【3月.5月.8月.12月は賃料増額】,,,,,,,
,郵便局,横浜中田郵便局24700,"横浜市泉区中田北2-7-15",催事スペース,屋内（風除室含む）,場所とる,"15,000","15,000",要確認,,,,【8.15.18.25.28日は土日祝料金】【3月.5月.8月.12月は賃料増額】,,,,,,,
,郵便局,横浜富塚郵便局24710,横浜市戸塚区戸塚町3002,催事スペース,屋内（風除室含む）,場所とる,"10,000","10,000",要確認,,,,【8.15.18.25.28日は土日祝料金】【3月.5月.8月.12月は賃料増額】,,,,,,,
,郵便局,横浜樽町郵便局24720,横浜市港北区樽町1-24-5,催事スペース,屋内（風除室含む）,場所とる,"15,000","15,000",要確認,,,,【8.15.18.25.28日は土日祝料金】【3月.5月.8月.12月は賃料増額】,,,,,,,
,郵便局,川崎中野島郵便局24730,横浜市鶴見区上末吉4-17-15,催事スペース,屋内（風除室含む）,場所とる,"10,000","10,000",要確認,,,,【8.15.18.25.28日は土日祝料金】【3月.5月.8月.12月は賃料増額】,,,,,,,
,郵便局,横浜西神奈川郵便局23740,横浜市神奈川区西神奈川1-9-11,催事スペース,屋内（風除室含む）,場所とる,"15,000","15,000",要確認,,,,【8.15.18.25.28日は土日祝料金】【3月.5月.8月.12月は賃料増額】,,,,,,,
,郵便局,相模原駅前郵便局23750,相模原市中央区相模原2-13-1,催事スペース,屋内（風除室含む）,場所とる,"15,000","15,000",要確認,,,,【8.15.18.25.28日は土日祝料金】【3月.5月.8月.12月は賃料増額】,,,,,,,
,郵便局,平塚菫平郵便局23770,平塚市菫平8-7,催事スペース,屋内（風除室含む）,場所とる,"15,000","15,000",要確認,,,,【8.15.18.25.28日は土日祝料金】【3月.5月.8月.12月は賃料増額】,,,,,,,
,郵便局,横浜洪福寺郵便局23780,横浜市西区浅間町5-379-1,催事スペース,屋内（風除室含む）,場所とる,"10,000","10,000",要確認,,,,【8.15.18.25.28日は土日祝料金】【3月.5月.8月.12月は賃料増額】,,,,,,,
,郵便局,鵠沼桜が岡郵便局23790,藤沢市鵠沼桜が岡3-19-2,催事スペース,屋内（風除室含む）,場所とる,"10,000","10,000",要確認,,,,【8.15.18.25.28日は土日祝料金】【3月.5月.8月.12月は賃料増額】,,,,,,,
,郵便局,東逗子郵便局23800,逗子市桜山4-7-17,催事スペース,屋内（風除室含む）,場所とる,"15,000","15,000",要確認,,,,【8.15.18.25.28日は土日祝料金】【3月.5月.8月.12月は賃料増額】,,,,,,,
,郵便局,横浜宿町郵便局23820,横浜市南区宿町2-32,催事スペース,屋内（風除室含む）,場所とる,"15,000","15,000",要確認,,,,【8.15.18.25.28日は土日祝料金】【3月.5月.8月.12月は賃料増額】,,,,,,,
,郵便局,川崎渡田向町郵便局23830,川崎市川崎区渡田向町15-3,催事スペース,屋内（風除室含む）,場所とる,"10,000","10,000",要確認,,,,【8.15.18.25.28日は土日祝料金】【3月.5月.8月.12月は賃料増額】,,,,,,,
,郵便局,横浜三ツ境郵便局23840,横浜市瀬谷区三ツ境16-1,催事スペース,屋内（風除室含む）,場所とる,"15,000","15,000",要確認,,,,【8.15.18.25.28日は土日祝料金】【3月.5月.8月.12月は賃料増額】,,,,,,,
,郵便局,港北郵便局23860,横浜市港北区菊名6-20-18,催事スペース,屋内（風除室含む）,場所とる,"15,000","15,000",要確認,,,,【8.15.18.25.28日は土日祝料金】【3月.5月.8月.12月は賃料増額】,,,,,,,
,郵便局,横浜三ッ沢郵便局23870,横浜市神奈川区三ツ沢中町4-19,催事スペース,屋内（風除室含む）,場所とる,"10,000","10,000",要確認,,,,【8.15.18.25.28日は土日祝料金】【3月.5月.8月.12月は賃料増額】,,,,,,,
,郵便局,鶴ヶ峯駅前郵便局23880,横浜市旭区鶴ケ峰1-2-11,催事スペース,屋内（風除室含む）,場所とる,"15,000","15,000",要確認,,,,【8.15.18.25.28日は土日祝料金】【3月.5月.8月.12月は賃料増額】,,,,,,,
,郵便局,横浜上大岡郵便局23890,横浜市港南区上大岡西1-15-1,催事スペース,屋内（風除室含む）,場所とる,"10,000","10,000",要確認,,,,【8.15.18.25.28日は土日祝料金】【3月.5月.8月.12月は賃料増額】,,,,,,,
,郵便局,川崎井田郵便局23900,川崎市中原区井田中ノ町25-1,催事スペース,屋内（風除室含む）,場所とる,"15,000","15,000",要確認,,,,【8.15.18.25.28日は土日祝料金】【3月.5月.8月.12月は賃料増額】,,,,,,,
,郵便局,川崎南加瀬郵便局23910,"川崎市幸区南加瀬3-30-5",催事スペース,屋内（風除室含む）,場所とる,"15,000","15,000",要確認,,,,【8.15.18.25.28日は土日祝料金】【3月.5月.8月.12月は賃料増額】,,,,,,,
,郵便局,南大和郵便局23930,大和市大和南1-8-1,催事スペース,屋内（風除室含む）,場所とる,"15,000","15,000",要確認,,,,【8.15.18.25.28日は土日祝料金】【3月.5月.8月.12月は賃料増額】,,,,,,,
,郵便局,横浜桜ヶ丘郵便局23940,横浜市保土ケ谷区桜ケ丘1-11-2,催事スペース,屋内（風除室含む）,場所とる,"10,000","10,000",要確認,,,,【8.15.18.25.28日は土日祝料金】【3月.5月.8月.12月は賃料増額】,,,,,,,
,郵便局,横浜大倉山郵便局23950,横浜市港北区大倉山1-16-2,催事スペース,屋内（風除室含む）,場所とる,"15,000","15,000",要確認,,,,【8.15.18.25.28日は土日祝料金】【3月.5月.8月.12月は賃料増額】,,,,,,,
,郵便局,川崎小向西町郵便局23960,川崎市幸区小向西町3-31,催事スペース,屋内（風除室含む）,場所とる,"10,000","10,000",要確認,,,,【8.15.18.25.28日は土日祝料金】【3月.5月.8月.12月は賃料増額】,,,,,,,
,郵便局,茅ヶ崎南湖郵便局23970,"茅ヶ崎市南湖3-14-12",催事スペース,屋内（風除室含む）,場所とる,"10,000","10,000",要確認,,,,【8.15.18.25.28日は土日祝料金】【3月.5月.8月.12月は賃料増額】,,,,,,,
,郵便局,三浦三崎郵便局23980,三浦市三崎5-245-7,催事スペース,屋内（風除室含む）,場所とる,"10,000","10,000",要確認,,,,【8.15.18.25.28日は土日祝料金】【3月.5月.8月.12月は賃料増額】,,,,,,,
,郵便局,横浜中原郵便局23990,横浜市磯子区中原3-2-15,催事スペース,屋内（風除室含む）,場所とる,"10,000","10,000",要確認,,,,【8.15.18.25.28日は土日祝料金】【3月.5月.8月.12月は賃料増額】,,,,,,,
,郵便局,シルクセンター内郵便局24000,横浜市中区山下町123-1,催事スペース,屋内（風除室含む）,場所とる,"15,000","15,000",要確認,,,,【8.15.18.25.28日は土日祝料金】【3月.5月.8月.12月は賃料増額】,,,,,,,
,郵便局,川崎下沼部郵便局24010,川崎市中原区下沼部1763,催事スペース,屋内（風除室含む）,場所とる,"10,000","10,000",要確認,,,,【8.15.18.25.28日は土日祝料金】【3月.5月.8月.12月は賃料増額】,,,,,,,
,郵便局,大塚本町郵便局24020,海老名市東柏ケ谷1-2-2,催事スペース,屋内（風除室含む）,場所とる,"10,000","10,000",要確認,,,,【8.15.18.25.28日は土日祝料金】【3月.5月.8月.12月は賃料増額】,,,,,,,
,郵便局,横須賀公郷郵便局24040,横須賀市公郷町1-43,催事スペース,屋内（風除室含む）,場所とる,"10,000","10,000",要確認,,,,【8.15.18.25.28日は土日祝料金】【3月.5月.8月.12月は賃料増額】,,,,,,,
,郵便局,横浜六角橋北郵便局24050,横浜市神奈川区六角橋6-28-29,催事スペース,屋内（風除室含む）,場所とる,"10,000","10,000",要確認,,,,【8.15.18.25.28日は土日祝料金】【3月.5月.8月.12月は賃料増額】,,,,,,,
,郵便局,藤沢辻堂新町郵便局24060,藤沢市辻堂新町1-19-10,催事スペース,屋内（風除室含む）,場所とる,"15,000","15,000",要確認,,,,【8.15.18.25.28日は土日祝料金】【3月.5月.8月.12月は賃料増額】,,,,,,,
,郵便局,川崎昭和郵便局24070,川崎市川崎区昭和2-7-20,催事スペース,屋内（風除室含む）,場所とる,"10,000","10,000",要確認,,,,【8.15.18.25.28日は土日祝料金】【3月.5月.8月.12月は賃料増額】,,,,,,,
,郵便局,相模台郵便局24080,相模原市南区相模台2-1-6,催事スペース,屋内（風除室含む）,場所とる,"15,000","15,000",要確認,,,,【8.15.18.25.28日は土日祝料金】【3月.5月.8月.12月は賃料増額】,,,,,,,
,郵便局,川崎宿河原郵便局24090,川崎市多摩区宿河原3-3-13,催事スペース,屋内（風除室含む）,場所とる,"15,000","15,000",要確認,,,,【8.15.18.25.28日は土日祝料金】【3月.5月.8月.12月は賃料増額】,,,,,,,
,郵便局,横浜永田郵便局24110,横浜市南区永田東3-15-3,催事スペース,屋内（風除室含む）,場所とる,"10,000","10,000",要確認,,,,【8.15.18.25.28日は土日祝料金】【3月.5月.8月.12月は賃料増額】,,,,,,,
,郵便局,横浜大和郵便局24120,横浜市中区大和町2-58-3,催事スペース,屋内（風除室含む）,場所とる,"10,000","10,000",要確認,,,,【8.15.18.25.28日は土日祝料金】【3月.5月.8月.12月は賃料増額】,,,,,,,
,郵便局,小田原成田郵便局24130,小田原市成田447-13,催事スペース,屋内（風除室含む）,場所とる,"10,000","10,000",要確認,,,,【8.15.18.25.28日は土日祝料金】【3月.5月.8月.12月は賃料増額】,,,,,,,
,郵便局,横浜西谷郵便局24140,"横浜市保土ケ谷区西谷3-8-22",催事スペース,屋内（風除室含む）,場所とる,"10,000","10,000",要確認,,,,【8.15.18.25.28日は土日祝料金】【3月.5月.8月.12月は賃料増額】,,,,,,,
,郵便局,藤沢東海岸郵便局24150,藤沢市辻堂西海岸1-8-15,催事スペース,屋内（風除室含む）,場所とる,"15,000","15,000",要確認,,,,【8.15.18.25.28日は土日祝料金】【3月.5月.8月.12月は賃料増額】,,,,,,,
,郵便局,百合ヶ丘駅前郵便局24170,"川崎市麻生区百合丘1-18-14",催事スペース,屋内（風除室含む）,場所とる,"15,000","15,000",要確認,,,,【8.15.18.25.28日は土日祝料金】【3月.5月.8月.12月は賃料増額】,,,,,,,
,郵便局,横浜保土ヶ谷三郵便局24180,横浜市保土ケ谷区保土ケ谷町3-196,催事スペース,屋内（風除室含む）,場所とる,"10,000","10,000",要確認,,,,【8.15.18.25.28日は土日祝料金】【3月.5月.8月.12月は賃料増額】,,,,,,,
,郵便局,川崎苅宿郵便局24190,川崎市中原区苅宿34-1,催事スペース,屋内（風除室含む）,場所とる,"10,000","10,000",要確認,,,,【8.15.18.25.28日は土日祝料金】【3月.5月.8月.12月は賃料増額】,,,,,,,
,郵便局,螢田駅前郵便局24200,小田原市蓮正寺378-2,催事スペース,屋内（風除室含む）,場所とる,"10,000","10,000",要確認,,,,【8.15.18.25.28日は土日祝料金】【3月.5月.8月.12月は賃料増額】,,,,,,,
,郵便局,"平塚八千代郵便局24210",平塚市八千代町15-13,催事スペース,屋内（風除室含む）,場所とる,"10,000","10,000",要確認,,,,【8.15.18.25.28日は土日祝料金】【3月.5月.8月.12月は賃料増額】,,,,,,,
,郵便局,尻手駅前郵便局24220,横浜市鶴見区矢向2-14-2,催事スペース,屋内（風除室含む）,場所とる,"10,000","10,000",要確認,,,,【8.15.18.25.28日は土日祝料金】【3月.5月.8月.12月は賃料増額】,,,,,,,
,郵便局,栢山駅前郵便局24230,小田原市曽比1753-4,催事スペース,屋内（風除室含む）,場所とる,"10,000","10,000",要確認,,,,【8.15.18.25.28日は土日祝料金】【3月.5月.8月.12月は賃料増額】,,,,,,,
,郵便局,横浜西寺尾郵便局24240,横浜市神奈川区西寺尾2-7-13,催事スペース,屋内（風除室含む）,場所とる,"10,000","10,000",要確認,,,,【8.15.18.25.28日は土日祝料金】【3月.5月.8月.12月は賃料増額】,,,,,,,
,郵便局,横浜豊田郵便局24250,横浜市戸塚区下倉田町1103-5,催事スペース,屋内（風除室含む）,場所とる,"15,000","15,000",要確認,,,,【8.15.18.25.28日は土日祝料金】【3月.5月.8月.12月は賃料増額】,,,,,,,
,郵便局,川崎宮内郵便局24260,川崎市中原区宮内2-10-10,催事スペース,屋内（風除室含む）,場所とる,"10,000","10,000",要確認,,,,【8.15.18.25.28日は土日祝料金】【3月.5月.8月.12月は賃料増額】,,,,,,,
,郵便局,南林間駅前郵便局24270,大和市南林間2-10-12,催事スペース,屋内（風除室含む）,場所とる,"15,000","15,000",要確認,,,,【8.15.18.25.28日は土日祝料金】【3月.5月.8月.12月は賃料増額】,,,,,,,
,郵便局,茅ヶ崎富士見郵便局24290,茅ヶ崎市富士見町16-8,催事スペース,屋内（風除室含む）,場所とる,"15,000","15,000",要確認,,,,【8.15.18.25.28日は土日祝料金】【3月.5月.8月.12月は賃料増額】,,,,,,,
,郵便局,小田原寿町郵便局24300,小田原市寿町3-5-37,催事スペース,屋内（風除室含む）,場所とる,"10,000","10,000",要確認,,,,【8.15.18.25.28日は土日祝料金】【3月.5月.8月.12月は賃料増額】,,,,,,,
,郵便局,川崎子母口郵便局24310,"川崎市高津区子母口458-2",催事スペース,屋内（風除室含む）,場所とる,"15,000","15,000",要確認,,,,【8.15.18.25.28日は土日祝料金】【3月.5月.8月.12月は賃料増額】,,,,,,,
,郵便局,横浜旭郵便局24320,横浜市旭区本村町44-2,催事スペース,屋内（風除室含む）,場所とる,"20,000","20,000",要確認,,,,【8.15.18.25.28日は土日祝料金】【3月.5月.8月.12月は賃料増額】,,,,,,,
,郵便局,相模原郵便局24330,相模原市中央区富士見1-1-20,催事スペース,屋内（風除室含む）,場所とる,"20,000","20,000",要確認,,,,【8.15.18.25.28日は土日祝料金】【3月.5月.8月.12月は賃料増額】,,,,,,,
,郵便局,二宮一色郵便局24350,二宮町百合が丘2-3-1,催事スペース,屋内（風除室含む）,場所とる,"10,000","10,000",要確認,,,,【8.15.18.25.28日は土日祝料金】【3月.5月.8月.12月は賃料増額】,,,,,,,
,郵便局,横浜南日吉郵便局24360,横浜市港北区日吉本町4-11-4,催事スペース,屋内（風除室含む）,場所とる,"15,000","15,000",要確認,,,,【8.15.18.25.28日は土日祝料金】【3月.5月.8月.12月は賃料増額】,,,,,,,
,郵便局,横浜杉田西郵便局24370,横浜市磯子区杉田3-28-45,催事スペース,屋内（風除室含む）,場所とる,"10,000","10,000",要確認,,,,【8.15.18.25.28日は土日祝料金】【3月.5月.8月.12月は賃料増額】,,,,,,,
,郵便局,横浜神大寺郵便局24380,横浜市神奈川区神大寺4-1-8,催事スペース,屋内（風除室含む）,場所とる,"15,000","15,000",要確認,,,,【8.15.18.25.28日は土日祝料金】【3月.5月.8月.12月は賃料増額】,,,,,,,
,郵便局,横浜今宿郵便局24390,横浜市旭区今宿東町1631-4,催事スペース,屋内（風除室含む）,場所とる,"10,000","10,000",要確認,,,,【8.15.18.25.28日は土日祝料金】【3月.5月.8月.12月は賃料増額】,,,,,,,
,郵便局,横浜平戸郵便局24400,横浜市戸塚区平戸2-25-13,催事スペース,屋内（風除室含む）,場所とる,"10,000","10,000",要確認,,,,【8.15.18.25.28日は土日祝料金】【3月.5月.8月.12月は賃料増額】,,,,,,,
,郵便局,横浜上永谷郵便局24410,横浜市港南区上永谷2-16-22,催事スペース,屋内（風除室含む）,場所とる,"10,000","10,000",要確認,,,,【8.15.18.25.28日は土日祝料金】【3月.5月.8月.12月は賃料増額】,,,,,,,
,郵便局,川崎向ヶ丘郵便局24430,川崎市宮前区平1-4-16,催事スペース,屋内（風除室含む）,場所とる,"15,000","15,000",要確認,,,,【8.15.18.25.28日は土日祝料金】【3月.5月.8月.12月は賃料増額】,,,,,,,
,郵便局,川崎旭町郵便局24440,川崎市川崎区旭町2-24-1,催事スペース,屋内（風除室含む）,場所とる,"10,000","10,000",要確認,,,,【8.15.18.25.28日は土日祝料金】【3月.5月.8月.12月は賃料増額】,,,,,,,
,郵便局,横須賀鶴が丘郵便局24450,"横須賀市鶴が丘1-2-24",催事スペース,屋内（風除室含む）,場所とる,"10,000","10,000",要確認,,,,【8.15.18.25.28日は土日祝料金】【3月.5月.8月.12月は賃料増額】,,,,,,,
,郵便局,横浜瀬谷南郵便局24460,横浜市瀬谷区南台1-3-8,催事スペース,屋内（風除室含む）,場所とる,"10,000","10,000",要確認,,,,【8.15.18.25.28日は土日祝料金】【3月.5月.8月.12月は賃料増額】,,,,,,,
,郵便局,横浜片倉郵便局24470,横浜市神奈川区片倉3-3-13,催事スペース,屋内（風除室含む）,場所とる,"15,000","15,000",要確認,,,,【8.15.18.25.28日は土日祝料金】【3月.5月.8月.12月は賃料増額】,,,,,,,
,郵便局,横浜栄町通郵便局24480,横浜市鶴見区栄町通4-38-13,催事スペース,屋内（風除室含む）,場所とる,"10,000","10,000",要確認,,,,【8.15.18.25.28日は土日祝料金】【3月.5月.8月.12月は賃料増額】,,,,,,,
,郵便局,横浜星川郵便局24490,横浜市保土ケ谷区星川2-3-5,催事スペース,屋内（風除室含む）,場所とる,"10,000","10,000",要確認,,,,【8.15.18.25.28日は土日祝料金】【3月.5月.8月.12月は賃料増額】,,,,,,,
,郵便局,港南郵便局24500,横浜市港南区最戸1-20-6,催事スペース,屋内（風除室含む）,場所とる,"20,000","20,000",要確認,,,,【8.15.18.25.28日は土日祝料金】【3月.5月.8月.12月は賃料増額】,,,,,,,
,郵便局,湯河原郵便局24510,湯河原町土肥2-2-5,催事スペース,屋内（風除室含む）,場所とる,"15,000","15,000",要確認,,,,【8.15.18.25.28日は土日祝料金】【3月.5月.8月.12月は賃料増額】,,,,,,,
,郵便局,横浜釜利谷郵便局24520,横浜市金沢区釜利谷東6-5-10,催事スペース,屋内（風除室含む）,場所とる,"10,000","10,000",要確認,,,,【8.15.18.25.28日は土日祝料金】【3月.5月.8月.12月は賃料増額】,,,,,,,
,郵便局,横浜万騎が原郵便局24530,横浜市旭区二俣川2-87-4,催事スペース,屋内（風除室含む）,場所とる,"10,000","10,000",要確認,,,,【8.15.18.25.28日は土日祝料金】【3月.5月.8月.12月は賃料増額】,,,,,,,
,郵便局,横浜十日市場郵便局24540,横浜市緑区十日市場町1358-3,催事スペース,屋内（風除室含む）,場所とる,"15,000","15,000",要確認,,,,【8.15.18.25.28日は土日祝料金】【3月.5月.8月.12月は賃料増額】,,,,,,,
,郵便局,川崎東大島郵便局24550,川崎市川崎区大島5-18-1,催事スペース,屋内（風除室含む）,場所とる,"15,000","15,000",要確認,,,,【8.15.18.25.28日は土日祝料金】【3月.5月.8月.12月は賃料増額】,,,,,,,
,郵便局,川崎溝ノ口郵便局24560,川崎市高津区溝口3-15-12,催事スペース,屋内（風除室含む）,場所とる,"15,000","15,000",要確認,,,,【8.15.18.25.28日は土日祝料金】【3月.5月.8月.12月は賃料増額】,,,,,,,
,郵便局,相模原相武台郵便局24580,相模原市南区相武台2-20-14,催事スペース,屋内（風除室含む）,場所とる,"10,000","10,000",要確認,,,,【8.15.18.25.28日は土日祝料金】【3月.5月.8月.12月は賃料増額】,,,,,,,
,郵便局,藤沢藤ヶ岡郵便局24590,藤沢市藤が岡3-9-2,催事スペース,屋内（風除室含む）,場所とる,"15,000","15,000",要確認,,,,【8.15.18.25.28日は土日祝料金】【3月.5月.8月.12月は賃料増額】,,,,,,,
,郵便局,生田駅前郵便局24600,川崎市多摩区生田7-12-6,催事スペース,屋内（風除室含む）,場所とる,"15,000","15,000",要確認,,,,【8.15.18.25.28日は土日祝料金】【3月.5月.8月.12月は賃料増額】,,,,,,,
,郵便局,鵠沼駅前郵便局24620,藤沢市鵠沼松が岡1-1-6,催事スペース,屋内（風除室含む）,場所とる,"10,000","10,000",要確認,,,,【8.15.18.25.28日は土日祝料金】【3月.5月.8月.12月は賃料増額】,,,,,,,
,郵便局,大和桜ヶ丘郵便局24640,大和市上和田981-1,催事スペース,屋内（風除室含む）,場所とる,"10,000","10,000",要確認,,,,【8.15.18.25.28日は土日祝料金】【3月.5月.8月.12月は賃料増額】,,,,,,,
,郵便局,茅ヶ崎若松郵便局24650,茅ヶ崎市若松町6-26,催事スペース,屋内（風除室含む）,場所とる,"10,000","10,000",要確認,,,,【8.15.18.25.28日は土日祝料金】【3月.5月.8月.12月は賃料増額】,,,,,,,
,郵便局,横浜日野郵便局24680,横浜市港南区日野5-20-9,催事スペース,屋内（風除室含む）,場所とる,"10,000","10,000",要確認,,,,【8.15.18.25.28日は土日祝料金】【3月.5月.8月.12月は賃料増額】,,,,,,,
,郵便局,横浜岩井郵便局24690,横浜市保土ケ谷区岩井町342,催事スペース,屋内（風除室含む）,場所とる,"10,000","10,000",要確認,,,,【8.15.18.25.28日は土日祝料金】【3月.5月.8月.12月は賃料増額】,,,,,,,
,郵便局,横浜中田郵便局24700,"横浜市泉区中田北2-7-15",催事スペース,屋内（風除室含む）,場所とる,"15,000","15,000",要確認,,,,【8.15.18.25.28日は土日祝料金】【3月.5月.8月.12月は賃料増額】,,,,,,,
,郵便局,横浜富塚郵便局24710,横浜市戸塚区戸塚町3002,催事スペース,屋内（風除室含む）,場所とる,"10,000","10,000",要確認,,,,【8.15.18.25.28日は土日祝料金】【3月.5月.8月.12月は賃料増額】,,,,,,,
,郵便局,横浜樽町郵便局24720,横浜市港北区樽町1-24-5,催事スペース,屋内（風除室含む）,場所とる,"15,000","15,000",要確認,,,,【8.15.18.25.28日は土日祝料金】【3月.5月.8月.12月は賃料増額】,,,,,,,
,郵便局,川崎中野島郵便局24730,川崎市多摩区中野島1-27-1,催事スペース,屋内（風除室含む）,場所とる,"10,000","10,000",要確認,,,,【8.15.18.25.28日は土日祝料金】【3月.5月.8月.12月は賃料増額】,,,,,,,
,郵便局,藤沢善行郵便局24740,藤沢市善行2-18-4,催事スペース,屋内（風除室含む）,場所とる,"15,000","15,000",要確認,,,,【8.15.18.25.28日は土日祝料金】【3月.5月.8月.12月は賃料増額】,,,,,,,
,郵便局,厚木緑ヶ丘郵便局24750,厚木市緑ケ丘2-2-11,催事スペース,屋内（風除室含む）,場所とる,"15,000","15,000",要確認,,,,【8.15.18.25.28日は土日祝料金】【3月.5月.8月.12月は賃料増額】,,,,,,,
,郵便局,座間駅前郵便局24760,"座間市入谷東4-43-33",催事スペース,屋内（風除室含む）,場所とる,"15,000","15,000",要確認,,,,【8.15.18.25.28日は土日祝料金】【3月.5月.8月.12月は賃料増額】,,,,,,,
,郵便局,相模原古淵郵便局24770,相模原市南区古淵3-2-8,催事スペース,屋内（風除室含む）,場所とる,"15,000","15,000",要確認,,,,【8.15.18.25.28日は土日祝料金】【3月.5月.8月.12月は賃料増額】,,,,,,,
,郵便局,藤沢善行団地内郵便局24790,藤沢市善行団地3-17-1,催事スペース,屋内（風除室含む）,場所とる,"10,000","10,000",要確認,,,,【8.15.18.25.28日は土日祝料金】【3月.5月.8月.12月は賃料増額】,,,,,,,
,郵便局,横浜瀬谷北郵便局24810,横浜市瀬谷区相沢1-5-6,催事スペース,屋内（風除室含む）,場所とる,"10,000","10,000",要確認,,,,【8.15.18.25.28日は土日祝料金】【3月.5月.8月.12月は賃料増額】,,,,,,,
,郵便局,横浜汐見台郵便局24820,横浜市磯子区汐見台1-6-2,催事スペース,屋内（風除室含む）,場所とる,"10,000","10,000",要確認,,,,【8.15.18.25.28日は土日祝料金】【3月.5月.8月.12月は賃料増額】,,,,,,,
,郵便局,鶴間駅前郵便局24830,大和市西鶴間2-1-16,催事スペース,屋内（風除室含む）,場所とる,"15,000","15,000",要確認,,,,【8.15.18.25.28日は土日祝料金】【3月.5月.8月.12月は賃料増額】,,,,,,,
,郵便局,鎌倉台郵便局24840,鎌倉市台3-11-21,催事スペース,屋内（風除室含む）,場所とる,"10,000","10,000",要確認,,,,【8.15.18.25.28日は土日祝料金】【3月.5月.8月.12月は賃料増額】,,,,,,,
,郵便局,横須賀浦賀一郵便局24850,横須賀市浦上台3-35-14,催事スペース,屋内（風除室含む）,場所とる,"10,000","10,000",要確認,,,,【8.15.18.25.28日は土日祝料金】【3月.5月.8月.12月は賃料増額】,,,,,,,
,郵便局,川崎上丸子郵便局24860,川崎市中原区上丸子八幡町818,催事スペース,屋内（風除室含む）,場所とる,"10,000","10,000",要確認,,,,【8.15.18.25.28日は土日祝料金】【3月.5月.8月.12月は賃料増額】,,,,,,,
,郵便局,横浜細谷戸郵便局24870,横浜市瀬谷区相沢6-18-10,催事スペース,屋内（風除室含む）,場所とる,"10,000","10,000",要確認,,,,【8.15.18.25.28日は土日祝料金】【3月.5月.8月.12月は賃料増額】,,,,,,,
,郵便局,秦野東海大学前郵便局24890,秦野市南矢名230-1,催事スペース,屋内（風除室含む）,場所とる,"15,000","15,000",要確認,,,,【8.15.18.25.28日は土日祝料金】【3月.5月.8月.12月は賃料増額】,,,,,,,
,郵便局,横浜千丸台郵便局24900,横浜市保土ケ谷区新井町356,催事スペース,屋内（風除室含む）,場所とる,"10,000","10,000",要確認,,,,【8.15.18.25.28日は土日祝料金】【3月.5月.8月.12月は賃料増額】,,,,,,,
,郵便局,横浜高田郵便局24910,横浜市港北区高田東1-46-7,催事スペース,屋内（風除室含む）,場所とる,"10,000","10,000",要確認,,,,【8.15.18.25.28日は土日祝料金】【3月.5月.8月.12月は賃料増額】,,,,,,,
,郵便局,川崎野川郵便局24920,川崎市宮前区野川本町2-30-10,催事スペース,屋内（風除室含む）,場所とる,"15,000","15,000",要確認,,,,【8.15.18.25.28日は土日祝料金】【3月.5月.8月.12月は賃料増額】,,,,,,,
,郵便局,横浜芹が谷郵便局24940,横浜市港南区芹が谷5-1-16,催事スペース,屋内（風除室含む）,場所とる,"10,000","10,000",要確認,,,,【8.15.18.25.28日は土日祝料金】【3月.5月.8月.12月は賃料増額】,,,,,,,
,郵便局,横浜市沢郵便局24950,横浜市旭区市沢町692,催事スペース,屋内（風除室含む）,場所とる,"10,000","10,000",要確認,,,,【8.15.18.25.28日は土日祝料金】【3月.5月.8月.12月は賃料増額】,,,,,,,
,郵便局,川崎菅生郵便局24960,川崎市宮前区菅生5-4-8,催事スペース,屋内（風除室含む）,場所とる,"10,000","10,000",要確認,,,,【8.15.18.25.28日は土日祝料金】【3月.5月.8月.12月は賃料増額】,,,,,,,
,郵便局,藤沢遠藤郵便局24970,藤沢市遠藤2953-8,催事スペース,屋内（風除室含む）,場所とる,"10,000","10,000",要確認,,,,【8.15.18.25.28日は土日祝料金】【3月.5月.8月.12月は賃料増額】,,,,,,,
,郵便局,箱根宮城野郵便局24990,箱根町宮城野下河原615,催事スペース,屋内（風除室含む）,場所とる,"10,000","10,000",要確認,,,,【8.15.18.25.28日は土日祝料金】【3月.5月.8月.12月は賃料増額】,,,,,,,
,郵便局,座間郵便局25000,座間市相模が丘1-36-34,催事スペース,屋内（風除室含む）,場所とる,"20,000","20,000",要確認,,,,【8.15.18.25.28日は土日祝料金】【3月.5月.8月.12月は賃料増額】,,,,,,,
,郵便局,横浜南希望が丘郵便局25010,横浜市旭区南希望が丘56-6,催事スペース,屋内（風除室含む）,場所とる,"10,000","10,000",要確認,,,,【8.15.18.25.28日は土日祝料金】【3月.5月.8月.12月は賃料増額】,,,,,,,
,郵便局,横浜帷子郵便局25020,横浜市保土ケ谷区帷子町2-89,催事スペース,屋内（風除室含む）,場所とる,"15,000","15,000",要確認,,,,【8.15.18.25.28日は土日祝料金】【3月.5月.8月.12月は賃料増額】,,,,,,,
,郵便局,横浜上飯田郵便局25030,横浜市泉区上飯田町1331-4,催事スペース,屋内（風除室含む）,場所とる,"10,000","10,000",要確認,,,,【8.15.18.25.28日は土日祝料金】【3月.5月.8月.12月は賃料増額】,,,,,,,
,郵便局,横浜港南二郵便局25040,横浜市港南区港南2-27-25,催事スペース,屋内（風除室含む）,場所とる,"10,000","10,000",要確認,,,,【8.15.18.25.28日は土日祝料金】【3月.5月.8月.12月は賃料増額】,,,,,,,
,郵便局,平塚八幡郵便局25050,平塚市東八幡1-2-2,催事スペース,屋内（風除室含む）,場所とる,"10,000","10,000",要確認,,,,【8.15.18.25.28日は土日祝料金】【3月.5月.8月.12月は賃料増額】,,,,,,,
,郵便局,鎌倉梶原郵便局25060,鎌倉市梶原2-34-8,催事スペース,屋内（風除室含む）,場所とる,"10,000","10,000",要確認,,,,【8.15.18.25.28日は土日祝料金】【3月.5月.8月.12月は賃料増額】,,,,,,,
,郵便局,伊勢原東大竹郵便局25070,伊勢原市東大竹930-3,催事スペース,屋内（風除室含む）,場所とる,"10,000","10,000",要確認,,,,【8.15.18.25.28日は土日祝料金】【3月.5月.8月.12月は賃料増額】,,,,,,,
,郵便局,高座渋谷郵便局25090,藤沢市長後1244,催事スペース,屋内（風除室含む）,場所とる,"15,000","15,000",要確認,,,,【8.15.18.25.28日は土日祝料金】【3月.5月.8月.12月は賃料増額】,,,,,,,
,郵便局,横浜羽沢郵便局25100,横浜市神奈川区羽沢町1547-6,催事スペース,屋内（風除室含む）,場所とる,"10,000","10,000",要確認,,,,【8.15.18.25.28日は土日祝料金】【3月.5月.8月.12月は賃料増額】,,,,,,,
,郵便局,小田原城山郵便局25110,小田原市城山1-6-32,催事スペース,屋内（風除室含む）,場所とる,"10,000","10,000",要確認,,,,【8.15.18.25.28日は土日祝料金】【3月.5月.8月.12月は賃料増額】,,,,,,,
,郵便局,相模原清新郵便局25130,相模原市中央区清新5-26-20,催事スペース,屋内（風除室含む）,場所とる,"15,000","15,000",要確認,,,,【8.15.18.25.28日は土日祝料金】【3月.5月.8月.12月は賃料増額】,,,,,,,
,郵便局,藤沢北郵便局25140,藤沢市高倉1220,催事スペース,屋内（風除室含む）,場所とる,"20,000","20,000",要確認,,,,【8.15.18.25.28日は土日祝料金】【3月.5月.8月.12月は賃料増額】,,,,,,,
,郵便局,横浜深谷郵便局25150,横浜市戸塚区深谷町855-3,催事スペース,屋内（風除室含む）,場所とる,"10,000","10,000",要確認,,,,【8.15.18.25.28日は土日祝料金】【3月.5月.8月.12月は賃料増額】,,,,,,,
,郵便局,横浜飯島郵便局25160,"横浜市栄区飯島町527",催事スペース,屋内（風除室含む）,場所とる,"10,000","10,000",要確認,,,,【8.15.18.25.28日は土日祝料金】【3月.5月.8月.12月は賃料増額】,,,,,,,
,郵便局,横浜白根郵便局25170,横浜市旭区中白根2-1-10,催事スペース,屋内（風除室含む）,場所とる,"15,000","15,000",要確認,,,,【8.15.18.25.28日は土日祝料金】【3月.5月.8月.12月は賃料増額】,,,,,,,
,郵便局,横浜小高郵便局25180,横浜市旭区左近山16-1,催事スペース,屋内（風除室含む）,場所とる,"10,000","10,000",要確認,,,,【8.15.18.25.28日は土日祝料金】【3月.5月.8月.12月は賃料増額】,,,,,,,
,郵便局,横浜笹下郵便局25190,横浜市港南区笹下2-4-23,催事スペース,屋内（風除室含む）,場所とる,"10,000","10,000",要確認,,,,【8.15.18.25.28日は土日祝料金】【3月.5月.8月.12月は賃料増額】,,,,,,,
,郵便局,横浜勝田郵便局25200,横浜市都筑区勝田町294-3,催事スペース,屋内（風除室含む）,場所とる,"10,000","10,000",要確認,,,,【8.15.18.25.28日は土日祝料金】【3月.5月.8月.12月は賃料増額】,,,,,,,
,郵便局,青葉台郵便局25210,横浜市青葉区青葉台1-13-1,催事スペース,屋内（風除室含む）,場所とる,"20,000","20,000",要確認,,,,【8.15.18.25.28日は土日祝料金】【3月.5月.8月.12月は賃料増額】,,,,,,,
,郵便局,川崎北見方郵便局25220,川崎市高津区北見方2-14-3,催事スペース,屋内（風除室含む）,場所とる,"10,000","10,000",要確認,,,,【8.15.18.25.28日は土日祝料金】【3月.5月.8月.12月は賃料増額】,,,,,,,
,郵便局,川崎堰郵便局25230,川崎市多摩区堰2-7-5,催事スペース,屋内（風除室含む）,場所とる,"15,000","15,000",要確認,,,,【8.15.18.25.28日は土日祝料金】【3月.5月.8月.12月は賃料増額】,,,,,,,
,郵便局,川崎北加瀬郵便局25240,川崎市幸区北加瀬3-20-1,催事スペース,屋内（風除室含む）,場所とる,"10,000","10,000",要確認,,,,【8.15.18.25.28日は土日祝料金】【3月.5月.8月.12月は賃料増額】,,,,,,,
,郵便局,横須賀森崎郵便局25250,横須賀市森崎2-14-5,催事スペース,屋内（風除室含む）,場所とる,"10,000","10,000",要確認,,,,【8.15.18.25.28日は土日祝料金】【3月.5月.8月.12月は賃料増額】,,,,,,,
,郵便局,茅ヶ崎鶴が台郵便局25260,茅ヶ崎市鶴が台10-6,催事スペース,屋内（風除室含む）,場所とる,"10,000","10,000",要確認,,,,【8.15.18.25.28日は土日祝料金】【3月.5月.8月.12月は賃料増額】,,,,,,,
,郵便局,湘南台駅前郵便局25280,藤沢市湘南台2-5-5,催事スペース,屋内（風除室含む）,場所とる,"15,000","15,000",要確認,,,,【8.15.18.25.28日は土日祝料金】【3月.5月.8月.12月は賃料増額】,,,,,,,
,郵便局,相模原矢部郵便局25290,相模原市中央区矢部3-4-3,催事スペース,屋内（風除室含む）,場所とる,"15,000","15,000",要確認,,,,【8.15.18.25.28日は土日祝料金】【3月.5月.8月.12月は賃料増額】,,,,,,,
,郵便局,海老名大谷郵便局25300,海老名市大谷北4-5-3,催事スペース,屋内（風除室含む）,場所とる,"10,000","10,000",要確認,,,,【8.15.18.25.28日は土日祝料金】【3月.5月.8月.12月は賃料増額】,,,,,,,
,郵便局,相模大塚駅前郵便局25310,大和市桜森3-8-4,催事スペース,屋内（風除室含む）,場所とる,"10,000","10,000",要確認,,,,【8.15.18.25.28日は土日祝料金】【3月.5月.8月.12月は賃料増額】,,,,,,,
,郵便局,横浜阿久和郵便局25320,横浜市瀬谷区阿久和西3-1-11,催事スペース,屋内（風除室含む）,場所とる,"15,000","15,000",要確認,,,,【8.15.18.25.28日は土日祝料金】【3月.5月.8月.12月は賃料増額】,,,,,,,
,郵便局,横浜片吹郵便局25330,横浜市金沢区片吹67-15,催事スペース,屋内（風除室含む）,場所とる,"10,000","10,000",要確認,,,,【8.15.18.25.28日は土日祝料金】【3月.5月.8月.12月は賃料増額】,,,,,,,
,郵便局,川崎木月大町郵便局25340,川崎市中原区木月大町11-27,催事スペース,屋内（風除室含む）,場所とる,"10,000","10,000",要確認,,,,【8.15.18.25.28日は土日祝料金】【3月.5月.8月.12月は賃料増額】,,,,,,,
,郵便局,横浜金沢郵便局25360,横浜市金沢区泥亀2-10-2,催事スペース,屋内（風除室含む）,場所とる,"20,000","20,000",要確認,,,,【8.15.18.25.28日は土日祝料金】【3月.5月.8月.12月は賃料増額】,,,,,,,
,郵便局,相模原磯部郵便局25370,相模原市南区磯部1293-2,催事スペース,屋内（風除室含む）,場所とる,"10,000","10,000",要確認,,,,【8.15.18.25.28日は土日祝料金】【3月.5月.8月.12月は賃料増額】,,,,,,,
,郵便局,横浜駒岡郵便局25380,横浜市鶴見区駒岡2-1-13,催事スペース,屋内（風除室含む）,場所とる,"10,000","10,000",要確認,,,,【8.15.18.25.28日は土日祝料金】【3月.5月.8月.12月は賃料増額】,,,,,,,
,郵便局,横浜池辺郵便局25390,横浜池辺郵便局25390,催事スペース,屋内（風除室含む）,場所とる,"15,000","15,000",要確認,,,,【8.15.18.25.28日は土日祝料金】【3月.5月.8月.12月は賃料増額】,,,,,,,
,郵便局,横浜上菅田郵便局25400,横浜市保土ケ谷区上菅田町951,催事スペース,屋内（風除室含む）,場所とる,"10,000","10,000",要確認,,,,【8.15.18.25.28日は土日祝料金】【3月.5月.8月.12月は賃料増額】,,,,,,,
,郵便局,横浜美しが丘郵便局25410,横浜市青葉区美しが丘2-21-10,催事スペース,屋内（風除室含む）,場所とる,"10,000","10,000",要確認,,,,【8.15.18.25.28日は土日祝料金】【3月.5月.8月.12月は賃料増額】,,,,,,,
,郵便局,横浜常盤台郵便局25420,横浜市保土ケ谷区常盤台50-11,催事スペース,屋内（風除室含む）,場所とる,"10,000","10,000",要確認,,,,【8.15.18.25.28日は土日祝料金】【3月.5月.8月.12月は賃料増額】,,,,,,,
,郵便局,横浜ガーデン山郵便局25440,横浜市神奈川区三ツ沢下町33-14,催事スペース,屋内（風除室含む）,場所とる,"10,000","10,000",要確認,,,,【8.15.18.25.28日は土日祝料金】【3月.5月.8月.12月は賃料増額】,,,,,,,
,郵便局,川崎生田南郵便局25450,川崎市麻生区東百合丘4-33-6,催事スペース,屋内（風除室含む）,場所とる,"10,000","10,000",要確認,,,,【8.15.18.25.28日は土日祝料金】【3月.5月.8月.12月は賃料増額】,,,,,,,
,郵便局,川崎三田郵便局25460,川崎市多摩区三田1-14-1,催事スペース,屋内（風除室含む）,場所とる,"10,000","10,000",要確認,,,,【8.15.18.25.28日は土日祝料金】【3月.5月.8月.12月は賃料増額】,,,,,,,
,郵便局,川崎上作延郵便局25470,川崎市高津区上作延1-9-5,催事スペース,屋内（風除室含む）,場所とる,"10,000","10,000",要確認,,,,【8.15.18.25.28日は土日祝料金】【3月.5月.8月.12月は賃料増額】,,,,,,,
,郵便局,相模大野駅前郵便局25480,相模原市南区相模大野7-6-4,催事スペース,屋内（風除室含む）,場所とる,"15,000","15,000",要確認,,,,【8.15.18.25.28日は土日祝料金】【3月.5月.8月.12月は賃料増額】,,,,,,,
,郵便局,厚木妻田郵便局25500,厚木市妻田北1-2-3,催事スペース,屋内（風除室含む）,場所とる,"15,000","15,000",要確認,,,,【8.15.18.25.28日は土日祝料金】【3月.5月.8月.12月は賃料増額】,,,,,,,
,郵便局,秦野曲松郵便局25510,秦野市曲松1-8-21,催事スペース,屋内（風除室含む）,場所とる,"10,000","10,000",要確認,,,,【8.15.18.25.28日は土日祝料金】【3月.5月.8月.12月は賃料増額】,,,,,,,
,郵便局,麻生郵便局25520,川崎市麻生区万福寺5-1-1,催事スペース,屋内（風除室含む）,場所とる,"20,000","20,000",要確認,,,,【8.15.18.25.28日は土日祝料金】【3月.5月.8月.12月は賃料増額】,,,,,,,
,郵便局,横浜下田郵便局25540,横浜市港北区下田町6-4-1,催事スペース,屋内（風除室含む）,場所とる,"10,000","10,000",要確認,,,,【8.15.18.25.28日は土日祝料金】【3月.5月.8月.12月は賃料増額】,,,,,,,
,郵便局,横浜上矢部郵便局25550,横浜市戸塚区上矢部町315-4,催事スペース,屋内（風除室含む）,場所とる,"15,000","15,000",要確認,,,,【8.15.18.25.28日は土日祝料金】【3月.5月.8月.12月は賃料増額】,,,,,,,
,郵便局,横浜六ッ川郵便局25560,"横浜市南区六ツ川3-87-21",催事スペース,屋内（風除室含む）,場所とる,"15,000","15,000",要確認,,,,【8.15.18.25.28日は土日祝料金】【3月.5月.8月.12月は賃料増額】,,,,,,,
,郵便局,横浜上白根郵便局25570,横浜市旭区上白根町891,催事スペース,屋内（風除室含む）,場所とる,"10,000","10,000",要確認,,,,【8.15.18.25.28日は土日祝料金】【3月.5月.8月.12月は賃料増額】,,,,,,,
,郵便局,相模原横山郵便局25580,相模原市中央区横山4-1-10,催事スペース,屋内（風除室含む）,場所とる,"15,000","15,000",要確認,,,,【8.15.18.25.28日は土日祝料金】【3月.5月.8月.12月は賃料増額】,,,,,,,
,郵便局,茅ヶ崎浜竹郵便局25590,茅ヶ崎市浜竹2-2-6,催事スペース,屋内（風除室含む）,場所とる,"10,000","10,000",要確認,,,,【8.15.18.25.28日は土日祝料金】【3月.5月.8月.12月は賃料増額】,,,,,,,
,郵便局,横須賀金谷郵便局25600,横須賀市金谷3-4-16,催事スペース,屋内（風除室含む）,場所とる,"10,000","10,000",要確認,,,,【8.15.18.25.28日は土日祝料金】【3月.5月.8月.12月は賃料増額】,,,,,,,
,郵便局,平塚横内郵便局25610,平塚市横内3785-5,催事スペース,屋内（風除室含む）,場所とる,"15,000","15,000",要確認,,,,【8.15.18.25.28日は土日祝料金】【3月.5月.8月.12月は賃料増額】,,,,,,,
,郵便局,横浜北寺尾郵便局25630,横浜市鶴見区北寺尾7-9-1,催事スペース,屋内（風除室含む）,場所とる,"10,000","10,000",要確認,,,,【8.15.18.25.28日は土日祝料金】【3月.5月.8月.12月は賃料増額】,,,,,,,
,郵便局,洋光台駅前郵便局25640,横浜市磯子区洋光台3-13-11,催事スペース,屋内（風除室含む）,場所とる,"15,000","15,000",要確認,,,,【8.15.18.25.28日は土日祝料金】【3月.5月.8月.12月は賃料増額】,,,,,,,
,郵便局,横浜川上郵便局25650,横浜市戸塚区川上町570-4,催事スペース,屋内（風除室含む）,場所とる,"10,000","10,000",要確認,,,,【8.15.18.25.28日は土日祝料金】【3月.5月.8月.12月は賃料増額】,,,,,,,
,郵便局,横浜上星川郵便局25660,横浜市保土ケ谷区上星川3-2-10,催事スペース,屋内（風除室含む）,場所とる,"15,000","15,000",要確認,,,,【8.15.18.25.28日は土日祝料金】【3月.5月.8月.12月は賃料増額】,,,,,,,
,郵便局,鴨居駅前郵便局25670,横浜市緑区鴨居4-1-14,催事スペース,屋内（風除室含む）,場所とる,"15,000","15,000",要確認,,,,【8.15.18.25.28日は土日祝料金】【3月.5月.8月.12月は賃料増額】,,,,,,,
,郵便局,横浜奈良郵便局25690,横浜市青葉区奈良町2913-1-101,催事スペース,屋内（風除室含む）,場所とる,"10,000","10,000",要確認,,,,【8.15.18.25.28日は土日祝料金】【3月.5月.8月.12月は賃料増額】,,,,,,,
,郵便局,平塚紅谷郵便局25700,平塚市紅谷町14-22,催事スペース,屋内（風除室含む）,場所とる,"15,000","15,000",要確認,,,,【8.15.18.25.28日は土日祝料金】【3月.5月.8月.12月は賃料増額】,,,,,,,
,郵便局,川崎鷺沼郵便局25710,川崎市宮前区土橋3-3-1,催事スペース,屋内（風除室含む）,場所とる,"15,000","15,000",要確認,,,,【8.15.18.25.28日は土日祝料金】【3月.5月.8月.12月は賃料増額】,,,,,,,
,郵便局,相模原若松郵便局25720,相模原市南区若松5-25-3,催事スペース,屋内（風除室含む）,場所とる,"15,000","15,000",要確認,,,,【8.15.18.25.28日は土日祝料金】【3月.5月.8月.12月は賃料増額】,,,,,,,
,郵便局,横須賀野比郵便局25750,横須賀市野比1-7-4,催事スペース,屋内（風除室含む）,場所とる,"10,000","10,000",要確認,,,,【8.15.18.25.28日は土日祝料金】【3月.5月.8月.12月は賃料増額】,,,,,,,
,郵便局,藤沢今田郵便局25760,藤沢市湘南台7-3-2,催事スペース,屋内（風除室含む）,場所とる,"15,000","15,000",要確認,,,,【8.15.18.25.28日は土日祝料金】【3月.5月.8月.12月は賃料増額】,,,,,,,
,郵便局,座間緑ヶ丘郵便局25780,座間市緑ケ丘2-2-38,催事スペース,屋内（風除室含む）,場所とる,"10,000","10,000",要確認,,,,【8.15.18.25.28日は土日祝料金】【3月.5月.8月.12月は賃料増額】,,,,,,,
,郵便局,伊勢原沼目郵便局25790,伊勢原市沼目4-1-8,催事スペース,屋内（風除室含む）,場所とる,"10,000","10,000",要確認,,,,【8.15.18.25.28日は土日祝料金】【3月.5月.8月.12月は賃料増額】,,,,,,,
,郵便局,綱島郵便局25800,横浜市港北区綱島台17-13,催事スペース,屋内（風除室含む）,場所とる,"15,000","15,000",要確認,,,,【8.15.18.25.28日は土日祝料金】【3月.5月.8月.12月は賃料増額】,,,,,,,
,郵便局,横浜菅田郵便局25810,横浜市神奈川区菅田町488,催事スペース,屋内（風除室含む）,場所とる,"10,000","10,000",要確認,,,,【8.15.18.25.28日は土日祝料金】【3月.5月.8月.12月は賃料増額】,,,,,,,
,郵便局,厚木上依知郵便局25820,厚木市上依知3001-5,催事スペース,屋内（風除室含む）,場所とる,"10,000","10,000",要確認,,,,【8.15.18.25.28日は土日祝料金】【3月.5月.8月.12月は賃料増額】,,,,,,,
,郵便局,横浜今井郵便局25830,横浜市保土ケ谷区今井町17,催事スペース,屋内（風除室含む）,場所とる,"10,000","10,000",要確認,,,,【8.15.18.25.28日は土日祝料金】【3月.5月.8月.12月は賃料増額】,,,,,,,
,郵便局,横浜笠間郵便局25840,横浜市栄区笠間3-1-1,催事スペース,屋内（風除室含む）,場所とる,"15,000","15,000",要確認,,,,【8.15.18.25.28日は土日祝料金】【3月.5月.8月.12月は賃料増額】,,,,,,,
,郵便局,川崎有馬郵便局25850,川崎市宮前区東有馬3-22-1,催事スペース,屋内（風除室含む）,場所とる,"10,000","10,000",要確認,,,,【8.15.18.25.28日は土日祝料金】【3月.5月.8月.12月は賃料増額】,,,,,,,
,郵便局,海老名中新田郵便局25860,海老名市中新田1-16-23,催事スペース,屋内（風除室含む）,場所とる,"10,000","10,000",要確認,,,,【8.15.18.25.28日は土日祝料金】【3月.5月.8月.12月は賃料増額】,,,,,,,
,郵便局,相模原大野台郵便局25870,相模原市南区大野台1-8-41,催事スペース,屋内（風除室含む）,場所とる,"15,000","15,000",要確認,,,,【8.15.18.25.28日は土日祝料金】【3月.5月.8月.12月は賃料増額】,,,,,,,
,郵便局,大和上草柳郵便局25880,大和市上草柳4-3-9,催事スペース,屋内（風除室含む）,場所とる,"10,000","10,000",要確認,,,,【8.15.18.25.28日は土日祝料金】【3月.5月.8月.12月は賃料増額】,,,,,,,
,郵便局,北久里浜郵便局25890,横須賀市根岸町5-17-18,催事スペース,屋内（風除室含む）,場所とる,"10,000","10,000",要確認,,,,【8.15.18.25.28日は土日祝料金】【3月.5月.8月.12月は賃料増額】,,,,,,,
,郵便局,平塚岡崎郵便局25900,"平塚市ふじみ野1-35-1",催事スペース,屋内（風除室含む）,場所とる,"10,000","10,000",要確認,,,,【8.15.18.25.28日は土日祝料金】【3月.5月.8月.12月は賃料増額】,,,,,,,
,郵便局,海老名国分寺台郵便局25920,海老名市国分寺台5-13-7,催事スペース,屋内（風除室含む）,場所とる,"10,000","10,000",要確認,,,,【8.15.18.25.28日は土日祝料金】【3月.5月.8月.12月は賃料増額】,,,,,,,
,郵便局,厚木東町郵便局25930,厚木市厚木町6-1-102,催事スペース,屋内（風除室含む）,場所とる,"10,000","10,000",要確認,,,,【8.15.18.25.28日は土日祝料金】【3月.5月.8月.12月は賃料増額】,,,,,,,
,郵便局,横須賀かもめ団地内郵便局25940,横須賀市鴨居2-80-37,催事スペース,屋内（風除室含む）,場所とる,"10,000","10,000",要確認,,,,【8.15.18.25.28日は土日祝料金】【3月.5月.8月.12月は賃料増額】,,,,,,,
,郵便局,秦野下大槻郵便局25950,秦野市下大槻410-2-6,催事スペース,屋内（風除室含む）,場所とる,"10,000","10,000",要確認,,,,【8.15.18.25.28日は土日祝料金】【3月.5月.8月.12月は賃料増額】,,,,,,,
,郵便局,横浜今宿南郵便局25960,横浜市旭区今宿2-7-25,催事スペース,屋内（風除室含む）,場所とる,"10,000","10,000",要確認,,,,【8.15.18.25.28日は土日祝料金】【3月.5月.8月.12月は賃料増額】,,,,,,,
,郵便局,秦野駅前郵便局25970,秦野市今川町1-2-101,催事スペース,屋内（風除室含む）,場所とる,"15,000","15,000",要確認,,,,【8.15.18.25.28日は土日祝料金】【3月.5月.8月.12月は賃料増額】,,,,,,,
,郵便局,松田惣領郵便局25980,松田町松田惣領1192-2,催事スペース,屋内（風除室含む）,場所とる,"10,000","10,000",要確認,,,,【8.15.18.25.28日は土日祝料金】【3月.5月.8月.12月は賃料増額】,,,,,,,
,郵便局,横浜間門郵便局25990,横浜市中区本牧和田27-2,催事スペース,屋内（風除室含む）,場所とる,"10,000","10,000",要確認,,,,【8.15.18.25.28日は土日祝料金】【3月.5月.8月.12月は賃料増額】,,,,,,,
,郵便局,横浜元大橋郵便局26000,横浜市栄区元大橋2-9-1,催事スペース,屋内（風除室含む）,場所とる,"10,000","10,000",要確認,,,,【8.15.18.25.28日は土日祝料金】【3月.5月.8月.12月は賃料増額】,,,,,,,
,郵便局,横浜太尾郵便局26020,横浜市港北区大倉山7-2-1,催事スペース,屋内（風除室含む）,場所とる,"10,000","10,000",要確認,,,,【8.15.18.25.28日は土日祝料金】【3月.5月.8月.12月は賃料増額】,,,,,,,
,郵便局,横浜和泉南郵便局26030,横浜市泉区和泉町1452-7,催事スペース,屋内（風除室含む）,場所とる,"10,000","10,000",要確認,,,,【8.15.18.25.28日は土日祝料金】【3月.5月.8月.12月は賃料増額】,,,,,,,
,郵便局,川崎東柿生郵便局26050,川崎市麻生区王禅寺東6-8-3,催事スペース,屋内（風除室含む）,場所とる,"10,000","10,000",要確認,,,,【8.15.18.25.28日は土日祝料金】【3月.5月.8月.12月は賃料増額】,,,,,,,
,郵便局,横須賀ハイランド郵便局26060,横須賀市ハイランド3-1-2,催事スペース,屋内（風除室含む）,場所とる,"10,000","10,000",要確認,,,,【8.15.18.25.28日は土日祝料金】【3月.5月.8月.12月は賃料増額】,,,,,,,
,郵便局,小田原飯田岡郵便局26070,小田原市飯田岡554-1,催事スペース,屋内（風除室含む）,場所とる,"10,000","10,000",要確認,,,,【8.15.18.25.28日は土日祝料金】【3月.5月.8月.12月は賃料増額】,,,,,,,
,郵便局,鎌倉今泉台郵便局26080,鎌倉市今泉台4-19-17,催事スペース,屋内（風除室含む）,場所とる,"10,000","10,000",要確認,,,,【8.15.18.25.28日は土日祝料金】【3月.5月.8月.12月は賃料増額】,,,,,,,
,郵便局,茅ヶ崎香川郵便局26100,茅ヶ崎市香川5-3-31,催事スペース,屋内（風除室含む）,場所とる,"10,000","10,000",要確認,,,,【8.15.18.25.28日は土日祝料金】【3月.5月.8月.12月は賃料増額】,,,,,,,
,郵便局,横浜いちょう団地内郵便局26110,横浜市泉区上飯田町2670,催事スペース,屋内（風除室含む）,場所とる,"10,000","10,000",要確認,,,,【8.15.18.25.28日は土日祝料金】【3月.5月.8月.12月は賃料増額】,,,,,,,
,郵便局,横浜野庭郵便局26130,横浜市港南区野庭町614,催事スペース,屋内（風除室含む）,場所とる,"15,000","15,000",要確認,,,,【8.15.18.25.28日は土日祝料金】【3月.5月.8月.12月は賃料増額】,,,,,,,
,郵便局,本郷台駅前郵便局26150,横浜市栄区小菅ケ谷1-4-9,催事スペース,屋内（風除室含む）,場所とる,"10,000","10,000",要確認,,,,【8.15.18.25.28日は土日祝料金】【3月.5月.8月.12月は賃料増額】,,,,,,,
,郵便局,横浜南永田郵便局26160,横浜市南区永田みなみ台2-1-101,催事スペース,屋内（風除室含む）,場所とる,"10,000","10,000",要確認,,,,【8.15.18.25.28日は土日祝料金】【3月.5月.8月.12月は賃料増額】,,,,,,,
,郵便局,横浜新吉田郵便局26170,横浜市港北区新吉田東6-1-11,催事スペース,屋内（風除室含む）,場所とる,"10,000","10,000",要確認,,,,【8.15.18.25.28日は土日祝料金】【3月.5月.8月.12月は賃料増額】,,,,,,,
,郵便局,横浜藤が丘郵便局26180,横浜市青葉区藤が丘2-14-34,催事スペース,屋内（風除室含む）,場所とる,"15,000","15,000",要確認,,,,【8.15.18.25.28日は土日祝料金】【3月.5月.8月.12月は賃料増額】,,,,,,,
,郵便局,相模原双葉郵便局26190,相模原市南区双葉2-15-5,催事スペース,屋内（風除室含む）,場所とる,"10,000","10,000",要確認,,,,【8.15.18.25.28日は土日祝料金】【3月.5月.8月.12月は賃料増額】,,,,,,,
,郵便局,相模原下九沢郵便局26200,相模原市中央区下九沢55-6,催事スペース,屋内（風除室含む）,場所とる,"10,000","10,000",要確認,,,,【8.15.18.25.28日は土日祝料金】【3月.5月.8月.12月は賃料増額】,,,,,,,
,郵便局,横須賀鷹取台郵便局26210,横須賀市湘南鷹取4-4-8,催事スペース,屋内（風除室含む）,場所とる,"10,000","10,000",要確認,,,,【8.15.18.25.28日は土日祝料金】【3月.5月.8月.12月は賃料増額】,,,,,,,
,郵便局,小田原国府津郵便局26220,小田原市国府津2-2-32,催事スペース,屋内（風除室含む）,場所とる,"10,000","10,000",要確認,,,,【8.15.18.25.28日は土日祝料金】【3月.5月.8月.12月は賃料増額】,,,,,,,
,郵便局,横浜日限山郵便局26250,横浜市港南区日限山4-11-5,催事スペース,屋内（風除室含む）,場所とる,"10,000","10,000",要確認,,,,【8.15.18.25.28日は土日祝料金】【3月.5月.8月.12月は賃料増額】,,,,,,,
,郵便局,横浜篠原郵便局26260,横浜市港北区大豆戸町1180-1,催事スペース,屋内（風除室含む）,場所とる,"15,000","15,000",要確認,,,,【8.15.18.25.28日は土日祝料金】【3月.5月.8月.12月は賃料増額】,,,,,,,
,郵便局,相模原千代田郵便局26270,相模原市中央区千代田6-1-25,催事スペース,屋内（風除室含む）,場所とる,"15,000","15,000",要確認,,,,【8.15.18.25.28日は土日祝料金】【3月.5月.8月.12月は賃料増額】,,,,,,,
,郵便局,伊勢原高森郵便局26280,伊勢原市高森6-5-2,催事スペース,屋内（風除室含む）,場所とる,"10,000","10,000",要確認,,,,【8.15.18.25.28日は土日祝料金】【3月.5月.8月.12月は賃料増額】,,,,,,,
,郵便局,港南台駅前郵便局26290,横浜市港南区港南台3-3-1,催事スペース,屋内（風除室含む）,場所とる,"20,000","20,000",要確認,,,,【8.15.18.25.28日は土日祝料金】【3月.5月.8月.12月は賃料増額】,,,,,,,
,郵便局,愛川田代郵便局26300,愛川町田代440-4,催事スペース,屋内（風除室含む）,場所とる,"10,000","10,000",要確認,,,,【8.15.18.25.28日は土日祝料金】【3月.5月.8月.12月は賃料増額】,,,,,,,
,郵便局,綾瀬寺尾郵便局26310,綾瀬市寺尾西3-11-12,催事スペース,屋内（風除室含む）,場所とる,"10,000","10,000",要確認,,,,【8.15.18.25.28日は土日祝料金】【3月.5月.8月.12月は賃料増額】,,,,,,,
,郵便局,横浜桜台郵便局26320,横浜市青葉区桜台30-17,催事スペース,屋内（風除室含む）,場所とる,"10,000","10,000",要確認,,,,【8.15.18.25.28日は土日祝料金】【3月.5月.8月.12月は賃料増額】,,,,,,,
,郵便局,横浜東寺尾一郵便局26330,横浜市鶴見区東寺尾1-37-16,催事スペース,屋内（風除室含む）,場所とる,"15,000","15,000",要確認,,,,【8.15.18.25.28日は土日祝料金】【3月.5月.8月.12月は賃料増額】,,,,,,,
,郵便局,横浜篠原台郵便局26340,横浜市港北区篠原台町4-7,催事スペース,屋内（風除室含む）,場所とる,"10,000","10,000",要確認,,,,【8.15.18.25.28日は土日祝料金】【3月.5月.8月.12月は賃料増額】,,,,,,,
,郵便局,横浜東山田郵便局26350,"横浜市都筑区東山田町1466-2",催事スペース,屋内（風除室含む）,場所とる,"10,000","10,000",要確認,,,,【8.15.18.25.28日は土日祝料金】【3月.5月.8月.12月は賃料増額】,,,,,,,
,郵便局,横浜上郷郵便局26370,横浜市栄区上之町42-20,催事スペース,屋内（風除室含む）,場所とる,"10,000","10,000",要確認,,,,【8.15.18.25.28日は土日祝料金】【3月.5月.8月.12月は賃料増額】,,,,,,,
,郵便局,大和下鶴間郵便局26380,大和市下鶴間2773-6,催事スペース,屋内（風除室含む）,場所とる,"10,000","10,000",要確認,,,,【8.15.18.25.28日は土日祝料金】【3月.5月.8月.12月は賃料増額】,,,,,,,
,郵便局,鎌倉植木郵便局26390,鎌倉市植木580,催事スペース,屋内（風除室含む）,場所とる,"10,000","10,000",要確認,,,,【8.15.18.25.28日は土日祝料金】【3月.5月.8月.12月は賃料増額】,,,,,,,
,郵便局,大和中央一郵便局26400,大和市中央1-6-15,催事スペース,屋内（風除室含む）,場所とる,"10,000","10,000",要確認,,,,【8.15.18.25.28日は土日祝料金】【3月.5月.8月.12月は賃料増額】,,,,,,,
,郵便局,川崎宮前平郵便局26410,川崎市宮前区宮前平3-2-1,催事スペース,屋内（風除室含む）,場所とる,"15,000","15,000",要確認,,,,【8.15.18.25.28日は土日祝料金】【3月.5月.8月.12月は賃料増額】,,,,,,,
,郵便局,相模大野五郵便局26420,相模原市南区相模大野5-19-26,催事スペース,屋内（風除室含む）,場所とる,"10,000","10,000",要確認,,,,【8.15.18.25.28日は土日祝料金】【3月.5月.8月.12月は賃料増額】,,,,,,,
,郵便局,能見台駅前郵便局26430,横浜市金沢区能見台通17-1,催事スペース,屋内（風除室含む）,場所とる,"15,000","15,000",要確認,,,,【8.15.18.25.28日は土日祝料金】【3月.5月.8月.12月は賃料増額】,,,,,,,
,郵便局,横浜金沢振興センター郵便局26440,横浜市金沢区福浦1-5-2,催事スペース,屋内（風除室含む）,場所とる,"10,000","10,000",要確認,,,,【8.15.18.25.28日は土日祝料金】【3月.5月.8月.12月は賃料増額】,,,,,,,
,郵便局,横浜金が谷郵便局26450,横浜市旭区金が谷1-5-4,催事スペース,屋内（風除室含む）,場所とる,"10,000","10,000",要確認,,,,【8.15.18.25.28日は土日祝料金】【3月.5月.8月.12月は賃料増額】,,,,,,,
,郵便局,磯子浜西郵便局26460,横浜市磯子区磯子2-19-21,催事スペース,屋内（風除室含む）,場所とる,"10,000","10,000",要確認,,,,【8.15.18.25.28日は土日祝料金】【3月.5月.8月.12月は賃料増額】,,,,,,,
,郵便局,横浜青葉台二郵便局26470,横浜市青葉区青葉台2-19-18,催事スペース,屋内（風除室含む）,場所とる,"15,000","15,000",要確認,,,,【8.15.18.25.28日は土日祝料金】【3月.5月.8月.12月は賃料増額】,,,,,,,
,郵便局,横浜柿の木台郵便局26480,横浜市青葉区柿の木台13-28,催事スペース,屋内（風除室含む）,場所とる,"10,000","10,000",要確認,,,,【8.15.18.25.28日は土日祝料金】【3月.5月.8月.12月は賃料増額】,,,,,,,
,郵便局,伊勢原本町郵便局26490,伊勢原市伊勢原2-10-8,催事スペース,屋内（風除室含む）,場所とる,"10,000","10,000",要確認,,,,【8.15.18.25.28日は土日祝料金】【3月.5月.8月.12月は賃料増額】,,,,,,,
,郵便局,横浜北寺尾三郵便局26500,横浜市鶴見区北寺尾3-19-35,催事スペース,屋内（風除室含む）,場所とる,"10,000","10,000",要確認,,,,【8.15.18.25.28日は土日祝料金】【3月.5月.8月.12月は賃料増額】,,,,,,,
,郵便局,横浜六ッ川一郵便局26510,横浜市南区六ツ川1-693-73,催事スペース,屋内（風除室含む）,場所とる,"10,000","10,000",要確認,,,,【8.15.18.25.28日は土日祝料金】【3月.5月.8月.12月は賃料増額】,,,,,,,
,郵便局,川崎長沢郵便局26520,川崎市多摩区長沢3-8-3,催事スペース,屋内（風除室含む）,場所とる,"10,000","10,000",要確認,,,,【8.15.18.25.28日は土日祝料金】【3月.5月.8月.12月は賃料増額】,,,,,,,
,郵便局,相模原谷口郵便局26530,相模原市南区上鶴間本町5-14-24,催事スペース,屋内（風除室含む）,場所とる,"10,000","10,000",要確認,,,,【8.15.18.25.28日は土日祝料金】【3月.5月.8月.12月は賃料増額】,,,,,,,
,郵便局,横浜岡村郵便局26540,横浜市磯子区岡村6-5-51,催事スペース,屋内（風除室含む）,場所とる,"10,000","10,000",要確認,,,,【8.15.18.25.28日は土日祝料金】【3月.5月.8月.12月は賃料増額】,,,,,,,
,郵便局,寒川駅前郵便局26560,寒川町一之宮1-8-3,催事スペース,屋内（風除室含む）,場所とる,"15,000","15,000",要確認,,,,【8.15.18.25.28日は土日祝料金】【3月.5月.8月.12月は賃料増額】,,,,,,,
,郵便局,平塚徳延郵便局26570,平塚市徳延420-1,催事スペース,屋内（風除室含む）,場所とる,"15,000","15,000",要確認,,,,【8.15.18.25.28日は土日祝料金】【3月.5月.8月.12月は賃料増額】,,,,,,,
,郵便局,横浜南郵便局26580,横浜市南区井土ケ谷上町1-1,催事スペース,屋内（風除室含む）,場所とる,"20,000","20,000",要確認,,,,【8.15.18.25.28日は土日祝料金】【3月.5月.8月.12月は賃料増額】,,,,,,,
,郵便局,厚木鳶尾郵便局26590,厚木市鳶尾2-25,催事スペース,屋内（風除室含む）,場所とる,"10,000","10,000",要確認,,,,【8.15.18.25.28日は土日祝料金】【3月.5月.8月.12月は賃料増額】,,,,,,,
,郵便局,横浜瀬谷西郵便局26600,横浜市瀬谷区北新37-13,催事スペース,屋内（風除室含む）,場所とる,"10,000","10,000",要確認,,,,【8.15.18.25.28日は土日祝料金】【3月.5月.8月.12月は賃料増額】,,,,,,,
,郵便局,横浜泉郵便局26610,横浜市泉区和泉中央北1-41-1,催事スペース,屋内（風除室含む）,場所とる,"20,000","20,000",要確認,,,,【8.15.18.25.28日は土日祝料金】【3月.5月.8月.12月は賃料増額】,,,,,,,
,郵便局,横浜しらとり台郵便局26630,横浜市青葉区しらとり台34-20,催事スペース,屋内（風除室含む）,場所とる,"10,000","10,000",要確認,,,,【8.15.18.25.28日は土日祝料金】【3月.5月.8月.12月は賃料増額】,,,,,,,
,郵便局,横浜本郷原郵便局26660,横浜市瀬谷区本郷2-41-5,催事スペース,屋内（風除室含む）,場所とる,"10,000","10,000",要確認,,,,【8.15.18.25.28日は土日祝料金】【3月.5月.8月.12月は賃料増額】,,,,,,,
,郵便局,溝ノ口中央通郵便局26680,川崎市高津区溝口1-14-15,催事スペース,屋内（風除室含む）,場所とる,"15,000","15,000",要確認,,,,【8.15.18.25.28日は土日祝料金】【3月.5月.8月.12月は賃料増額】,,,,,,,
,郵便局,藤沢大庭郵便局26690,藤沢市大庭5061-21,催事スペース,屋内（風除室含む）,場所とる,"15,000","15,000",要確認,,,,【8.15.18.25.28日は土日祝料金】【3月.5月.8月.12月は賃料増額】,,,,,,,
,郵便局,横浜すすき野郵便局26700,横浜市青葉区すすき野2-5-1,催事スペース,屋内（風除室含む）,場所とる,"15,000","15,000",要確認,,,,【8.15.18.25.28日は土日祝料金】【3月.5月.8月.12月は賃料増額】,,,,,,,
,郵便局,厚木松枝町郵便局26710,厚木市松枝1-3-3,催事スペース,屋内（風除室含む）,場所とる,"10,000","10,000",要確認,,,,【8.15.18.25.28日は土日祝料金】【3月.5月.8月.12月は賃料増額】,,,,,,,
,郵便局,綾瀬上土棚郵便局26720,綾瀬市上土棚中1-5-39,催事スペース,屋内（風除室含む）,場所とる,"10,000","10,000",要確認,,,,【8.15.18.25.28日は土日祝料金】【3月.5月.8月.12月は賃料増額】,,,,,,,
,郵便局,逗子池子郵便局26730,逗子市池子2-21-20,催事スペース,屋内（風除室含む）,場所とる,"10,000","10,000",要確認,,,,【8.15.18.25.28日は土日祝料金】【3月.5月.8月.12月は賃料増額】,,,,,,,
,郵便局,横浜大道郵便局26750,横浜市金沢区大道2-15-4,催事スペース,屋内（風除室含む）,場所とる,"10,000","10,000",要確認,,,,【8.15.18.25.28日は土日祝料金】【3月.5月.8月.12月は賃料増額】,,,,,,,
,郵便局,大和つきみ野郵便局26760,大和市つきみ野6-9-5,催事スペース,屋内（風除室含む）,場所とる,"15,000","15,000",要確認,,,,【8.15.18.25.28日は土日祝料金】【3月.5月.8月.12月は賃料増額】,,,,,,,
,郵便局,川崎菅星ヶ丘郵便局26770,川崎市多摩区菅北浦4-12-6,催事スペース,屋内（風除室含む）,場所とる,"10,000","10,000",要確認,,,,【8.15.18.25.28日は土日祝料金】【3月.5月.8月.12月は賃料増額】,,,,,,,
,郵便局,伊勢原桜台郵便局26780,伊勢原市桜台2-20-18,催事スペース,屋内（風除室含む）,場所とる,"10,000","10,000",要確認,,,,【8.15.18.25.28日は土日祝料金】【3月.5月.8月.12月は賃料増額】,,,,,,,
,郵便局,横浜霧が丘郵便局26790,横浜市緑区霧が丘3-26-2,催事スペース,屋内（風除室含む）,場所とる,"10,000","10,000",要確認,,,,【8.15.18.25.28日は土日祝料金】【3月.5月.8月.12月は賃料増額】,,,,,,,
,郵便局,横浜並木郵便局26800,横浜市金沢区並木1-17-1,催事スペース,屋内（風除室含む）,場所とる,"15,000","15,000",要確認,,,,【8.15.18.25.28日は土日祝料金】【3月.5月.8月.12月は賃料増額】,,,,,,,
,郵便局,横浜いずみ野郵便局26820,横浜市泉区和泉町6237-2,催事スペース,屋内（風除室含む）,場所とる,"15,000","15,000",要確認,,,,【8.15.18.25.28日は土日祝料金】【3月.5月.8月.12月は賃料増額】,,,,,,,
,郵便局,横浜すみれが丘郵便局26830,横浜市都筑区すみれが丘37-3,催事スペース,屋内（風除室含む）,場所とる,"10,000","10,000",要確認,,,,【8.15.18.25.28日は土日祝料金】【3月.5月.8月.12月は賃料増額】,,,,,,,
,郵便局,横浜あざみ野郵便局26840,横浜市青葉区あざみ野2-13-17,催事スペース,屋内（風除室含む）,場所とる,"15,000","15,000",要確認,,,,【8.15.18.25.28日は土日祝料金】【3月.5月.8月.12月は賃料増額】,,,,,,,
,郵便局,厚木毛利台郵便局26850,厚木市毛利台2-2-11,催事スペース,屋内（風除室含む）,場所とる,"10,000","10,000",要確認,,,,【8.15.18.25.28日は土日祝料金】【3月.5月.8月.12月は賃料増額】,,,,,,,
,郵便局,相模原鵜野森郵便局26860,相模原市南区鵜野森1-33-22,催事スペース,屋内（風除室含む）,場所とる,"10,000","10,000",要確認,,,,【8.15.18.25.28日は土日祝料金】【3月.5月.8月.12月は賃料増額】,,,,,,,
,郵便局,平塚東中原郵便局26880,"平塚市東中原1-3-53",催事スペース,屋内（風除室含む）,場所とる,"10,000","10,000",要確認,,,,【8.15.18.25.28日は土日祝料金】【3月.5月.8月.12月は賃料増額】,,,,,,,
,郵便局,横須賀森崎四郵便局26890,横須賀市森崎4-1-16,催事スペース,屋内（風除室含む）,場所とる,"10,000","10,000",要確認,,,,【8.15.18.25.28日は土日祝料金】【3月.5月.8月.12月は賃料増額】,,,,,,,
,郵便局,和田河原駅前郵便局26900,南足柄市和田河原580-1,催事スペース,屋内（風除室含む）,場所とる,"10,000","10,000",要確認,,,,【8.15.18.25.28日は土日祝料金】【3月.5月.8月.12月は賃料増額】,,,,,,,
,郵便局,横浜洋光台南郵便局26920,横浜市磯子区洋光台6-14-15,催事スペース,屋内（風除室含む）,場所とる,"10,000","10,000",要確認,,,,【8.15.18.25.28日は土日祝料金】【3月.5月.8月.12月は賃料増額】,,,,,,,
,郵便局,横浜港南台東郵便局26930,横浜市港南区港南台7-16-24,催事スペース,屋内（風除室含む）,場所とる,"10,000","10,000",要確認,,,,【8.15.18.25.28日は土日祝料金】【3月.5月.8月.12月は賃料増額】,,,,,,,
,郵便局,鎌倉七里ガ浜郵便局26940,鎌倉市七里ガ浜東4-13-4,催事スペース,屋内（風除室含む）,場所とる,"10,000","10,000",要確認,,,,【8.15.18.25.28日は土日祝料金】【3月.5月.8月.12月は賃料増額】,,,,,,,
,郵便局,大和福田郵便局26960,大和市福田3759-3,催事スペース,屋内（風除室含む）,場所とる,"10,000","10,000",要確認,,,,【8.15.18.25.28日は土日祝料金】【3月.5月.8月.12月は賃料増額】,,,,,,,
,郵便局,横浜桂町南郵便局26980,横浜市栄区桂町197-1,催事スペース,屋内（風除室含む）,場所とる,"10,000","10,000",要確認,,,,【8.15.18.25.28日は土日祝料金】【3月.5月.8月.12月は賃料増額】,,,,,,,
,郵便局,相模原南台郵便局26990,模原市南区南台4-11-1,催事スペース,屋内（風除室含む）,場所とる,"10,000","10,000",要確認,,,,【8.15.18.25.28日は土日祝料金】【3月.5月.8月.12月は賃料増額】,,,,,,,
,郵便局,市ヶ尾駅前郵便局27000,横浜市青葉区市ケ尾町1074-2,催事スペース,屋内（風除室含む）,場所とる,"15,000","15,000",要確認,,,,【8.15.18.25.28日は土日祝料金】【3月.5月.8月.12月は賃料増額】,,,,,,,
,郵便局,横浜ポートサイド内郵便局90020,横浜市神奈川区栄町6-1,催事スペース,屋内（風除室含む）,場所とる,"15,000","15,000",要確認,,,,【8.15.18.25.28日は土日祝料金】【3月.5月.8月.12月は賃料増額】,,,,,,,
,郵便局,川崎千代ヶ丘郵便局90030,川崎市麻生区千代ケ丘8-1-3,催事スペース,屋内（風除室含む）,場所とる,"10,000","10,000",要確認,,,,【8.15.18.25.28日は土日祝料金】【3月.5月.8月.12月は賃料増額】,,,,,,,
,郵便局,中井井ノ口郵便局90040,中井町井ノ口1871-6,催事スペース,屋内（風除室含む）,場所とる,"10,000","10,000",要確認,,,,【8.15.18.25.28日は土日祝料金】【3月.5月.8月.12月は賃料増額】,,,,,,,
,郵便局,仲町台駅前郵便局90050,横浜市都筑区仲町台1-34-11,催事スペース,屋内（風除室含む）,場所とる,"15,000","15,000",要確認,,,,【8.15.18.25.28日は土日祝料金】【3月.5月.8月.12月は賃料増額】,,,,,,,
,郵便局,相模原上鶴間郵便局90060,相模原市南区上鶴間5-1-22,催事スペース,屋内（風除室含む）,場所とる,"10,000","10,000",要確認,,,,【8.15.18.25.28日は土日祝料金】【3月.5月.8月.12月は賃料増額】,,,,,,,
,郵便局,みなとみらい四郵便局90070,横浜市西区みなとみらい4-4-2,催事スペース,屋内（風除室含む）,場所とる,"15,000","15,000",要確認,,,,【8.15.18.25.28日は土日祝料金】【3月.5月.8月.12月は賃料増額】,,,,,,,
,郵便局,横浜清水橋郵便局90080,横浜市港南区日野南1-6-17,催事スペース,屋内（風除室含む）,場所とる,"10,000","10,000",要確認,,,,【8.15.18.25.28日は土日祝料金】【3月.5月.8月.12月は賃料増額】,,,,,,,
,郵便局,三ツ境駅北口郵便局90090,横浜市瀬谷区三ツ境5-35,催事スペース,屋内（風除室含む）,場所とる,"15,000","15,000",要確認,,,,【8.15.18.25.28日は土日祝料金】【3月.5月.8月.12月は賃料増額】,,,,,,,
,郵便局,港南台郵便局90100,横浜市港南区港南台8-11-3,催事スペース,屋内（風除室含む）,場所とる,"15,000","15,000",要確認,,,,【8.15.18.25.28日は土日祝料金】【3月.5月.8月.12月は賃料増額】,,,,,,,
,郵便局,六浦駅前郵便局90110,横浜市金沢区六浦5-36-20,催事スペース,屋内（風除室含む）,場所とる,"10,000","10,000",要確認,,,,【8.15.18.25.28日は土日祝料金】【3月.5月.8月.12月は賃料増額】,,,,,,,
,郵便局,藤沢南口郵便局90120,藤沢市鵠沼花沢町1-4,催事スペース,屋内（風除室含む）,場所とる,"15,000","15,000",要確認,,,,【8.15.18.25.28日は土日祝料金】【3月.5月.8月.12月は賃料増額】,,,,,,,
,郵便局,横浜白山郵便局90130,横浜市緑区白山2-40-5,催事スペース,屋内（風除室含む）,場所とる,"10,000","10,000",要確認,,,,【8.15.18.25.28日は土日祝料金】【3月.5月.8月.12月は賃料増額】,,,,,,,
,郵便局,武蔵小杉タワープレイス内郵便局90150,川崎市中原区小杉町1-403-1,催事スペース,屋内（風除室含む）,場所とる,"15,000","15,000",要確認,,,,【8.15.18.25.28日は土日祝料金】【3月.5月.8月.12月は賃料増額】,,,,,,,
,郵便局,青葉台駅前郵便局90170,横浜市青葉区青葉台2-3-4,催事スペース,屋内（風除室含む）,場所とる,"15,000","15,000",要確認,,,,【8.15.18.25.28日は土日祝料金】【3月.5月.8月.12月は賃料増額】,,,,,,,
,郵便局,横浜倉田郵便局90180,横浜市戸塚区上倉田町445-2,催事スペース,屋内（風除室含む）,場所とる,"15,000","15,000",要確認,,,,【8.15.18.25.28日は土日祝料金】【3月.5月.8月.12月は賃料増額】,,,,,,,
,郵便局,日吉駅内郵便局90190,横浜市港北区日吉2-1-1,催事スペース,屋内（風除室含む）,場所とる,"20,000","20,000",要確認,,,,【8.15.18.25.28日は土日祝料金】【3月.5月.8月.12月は賃料増額】,,,,,,,
,郵便局,川崎上新城郵便局90200,川崎市中原区上新城1-3-33,催事スペース,屋内（風除室含む）,場所とる,"15,000","15,000",要確認,,,,【8.15.18.25.28日は土日祝料金】【3月.5月.8月.12月は賃料増額】,,,,,,,
,郵便局,横浜ドリームハイツ郵便局90210,横浜市戸塚区深谷町1412-1,催事スペース,屋内（風除室含む）,場所とる,"15,000","15,000",要確認,,,,【8.15.18.25.28日は土日祝料金】【3月.5月.8月.12月は賃料増額】,,,,,,,
,郵便局,川崎ソリッドスクエア内郵便局90230,川崎市幸区堀川町580,催事スペース,屋内（風除室含む）,場所とる,"15,000","15,000",要確認,,,,【8.15.18.25.28日は土日祝料金】【3月.5月.8月.12月は賃料増額】,,,,,,,
,郵便局,横浜センター北駅前郵便局90240,横浜市都筑区中川中央1-1-3,催事スペース,屋内（風除室含む）,場所とる,"15,000","15,000",要確認,,,,【8.15.18.25.28日は土日祝料金】【3月.5月.8月.12月は賃料増額】,,,,,,,
,郵便局,横浜桜並木郵便局90250,横浜市都筑区桜並木9-21,催事スペース,屋内（風除室含む）,場所とる,"10,000","10,000",要確認,,,,【8.15.18.25.28日は土日祝料金】【3月.5月.8月.12月は賃料増額】,,,,,,,
,郵便局,横浜第2合同庁舎内郵便局90260,横浜市中区北仲通5-57,催事スペース,屋内（風除室含む）,場所とる,"10,000","10,000",要確認,,,,【8.15.18.25.28日は土日祝料金】【3月.5月.8月.12月は賃料増額】,,,,,,,
,郵便局,川崎久末郵便局90270,川崎市高津区久末37-1,催事スペース,屋内（風除室含む）,場所とる,"10,000","10,000",要確認,,,,【8.15.18.25.28日は土日祝料金】【3月.5月.8月.12月は賃料増額】,,,,,,,
,郵便局,長津田駅北口郵便局90280,"横浜市緑区長津田2-1-1",催事スペース,屋内（風除室含む）,場所とる,"15,000","15,000",要確認,,,,【8.15.18.25.28日は土日祝料金】【3月.5月.8月.12月は賃料増額】,,,,,,,
,郵便局,番田駅前郵便局90290,相模原市中央区上溝373-11,催事スペース,屋内（風除室含む）,場所とる,"15,000","15,000",要確認,,,,【8.15.18.25.28日は土日祝料金】【3月.5月.8月.12月は賃料増額】,,,,,,,
,郵便局,相模原四郵便局90300,相模原市中央区相模原4-3-14,催事スペース,屋内（風除室含む）,場所とる,"15,000","15,000",要確認,,,,【8.15.18.25.28日は土日祝料金】【3月.5月.8月.12月は賃料増額】,,,,,,,
,郵便局,鎌倉手広郵便局90310,鎌倉市笛田1-8-4,催事スペース,屋内（風除室含む）,場所とる,"10,000","10,000",要確認,,,,【8.15.18.25.28日は土日祝料金】【3月.5月.8月.12月は賃料増額】,,,,,,,
,郵便局,江田駅北口郵便局90320,横浜市青葉区あざみ野南2-4-8,催事スペース,屋内（風除室含む）,場所とる,"10,000","10,000",要確認,,,,【8.15.18.25.28日は土日祝料金】【3月.5月.8月.12月は賃料増額】,,,,,,,
,郵便局,橋本郵便局90330,相模原市緑区西橋本5-2-1,催事スペース,屋内（風除室含む）,場所とる,"20,000","20,000",要確認,,,,【8.15.18.25.28日は土日祝料金】【3月.5月.8月.12月は賃料増額】,,,,,,,
,郵便局,宮前郵便局90350,川崎市宮前区有馬4-1-1,催事スペース,屋内（風除室含む）,場所とる,"20,000","20,000",要確認,,,,【8.15.18.25.28日は土日祝料金】【3月.5月.8月.12月は賃料増額】,,,,,,,
,郵便局,川崎日進町ビル内郵便局90360,川崎市川崎区日進町7-1,催事スペース,屋内（風除室含む）,場所とる,"10,000","10,000",要確認,,,,【8.15.18.25.28日は土日祝料金】【3月.5月.8月.12月は賃料増額】,,,,,,,
,郵便局,上大岡駅前郵便局90370,横浜市港南区上大岡西1-6-1,催事スペース,屋内（風除室含む）,場所とる,"20,000","20,000",要確認,,,,【8.15.18.25.28日は土日祝料金】【3月.5月.8月.12月は賃料増額】,,,,,,,
,郵便局,新百合ヶ丘郵便局90400,川崎市麻生区上麻生1-18-1,催事スペース,屋内（風除室含む）,場所とる,"20,000","20,000",要確認,,,,【8.15.18.25.28日は土日祝料金】【3月.5月.8月.12月は賃料増額】,,,,,,,
,郵便局,溝ノ口ノクティビル内郵便局90410,川崎市高津区溝口1-3-1,催事スペース,屋内（風除室含む）,場所とる,"15,000","15,000",要確認,,,,【8.15.18.25.28日は土日祝料金】【3月.5月.8月.12月は賃料増額】,,,,,,,
,郵便局,大口駅前郵便局90420,横浜市神奈川区神之木町1-1,催事スペース,屋内（風除室含む）,場所とる,"15,000","15,000",要確認,,,,【8.15.18.25.28日は土日祝料金】【3月.5月.8月.12月は賃料増額】,,,,,,,
,郵便局,藤沢慶応前郵便局90430,藤沢市遠藤4250-1,催事スペース,屋内（風除室含む）,場所とる,"10,000","10,000",要確認,,,,【8.15.18.25.28日は土日祝料金】【3月.5月.8月.12月は賃料増額】,,,,,,,
,郵便局,藤沢湘南ライフタウン郵便局90440,藤沢市大庭5681-30,催事スペース,屋内（風除室含む）,場所とる,"15,000","15,000",要確認,,,,【8.15.18.25.28日は土日祝料金】【3月.5月.8月.12月は賃料増額】,,,,,,,
,郵便局,川崎ブレーメン通郵便局90450,川崎市中原区木月1-31-5,催事スペース,屋内（風除室含む）,場所とる,"15,000","15,000",要確認,,,,【8.15.18.25.28日は土日祝料金】【3月.5月.8月.12月は賃料増額】,,,,,,,
,郵便局,横浜佃野郵便局90480,横浜市鶴見区佃野町24-34,催事スペース,屋内（風除室含む）,場所とる,"10,000","10,000",要確認,,,,【8.15.18.25.28日は土日祝料金】【3月.5月.8月.12月は賃料増額】,,,,,,,
,郵便局,渋沢駅前郵便局90490,秦野市柳町1-13-1,催事スペース,屋内（風除室含む）,場所とる,"15,000","15,000",要確認,,,,【8.15.18.25.28日は土日祝料金】【3月.5月.8月.12月は賃料増額】,,,,,,,
,郵便局,大井金子郵便局90500,大井町金子1669-4,催事スペース,屋内（風除室含む）,場所とる,"15,000","15,000",要確認,,,,【8.15.18.25.28日は土日祝料金】【3月.5月.8月.12月は賃料増額】,,,,,,,
,郵便局,淵野辺駅前郵便局90510,相模原市中央区鹿沼台1-14-11,催事スペース,屋内（風除室含む）,場所とる,"10,000","10,000",要確認,,,,【8.15.18.25.28日は土日祝料金】【3月.5月.8月.12月は賃料増額】,,,,,,,
,郵便局,綾瀬郵便局90520,綾瀬市小園698-7,催事スペース,屋内（風除室含む）,場所とる,"15,000","15,000",要確認,,,,【8.15.18.25.28日は土日祝料金】【3月.5月.8月.12月は賃料増額】,,,,,,,
,郵便局,川崎港郵便局90530,川崎市川崎区南渡田町1-3,催事スペース,屋内（風除室含む）,場所とる,"15,000","15,000",要確認,,,,【8.15.18.25.28日は土日祝料金】【3月.5月.8月.12月は賃料増額】,,,,,,,
,郵便局,杉久保郵便局90540,海老名市杉久保南2-13-5,催事スペース,屋内（風除室含む）,場所とる,"10,000","10,000",要確認,,,,【8.15.18.25.28日は土日祝料金】【3月.5月.8月.12月は賃料増額】,,,,,,,
,郵便局,横浜鳥山郵便局90550,横浜市港北区鳥山町31,催事スペース,屋内（風除室含む）,場所とる,"10,000","10,000",要確認,,,,【8.15.18.25.28日は土日祝料金】【3月.5月.8月.12月は賃料増額】,,,,,,,
,郵便局,オルトヨコハマ内郵便局90570,横浜市神奈川区新子安1-2-4,催事スペース,屋内（風除室含む）,場所とる,"10,000","10,000",要確認,,,,【8.15.18.25.28日は土日祝料金】【3月.5月.8月.12月は賃料増額】,,,,,,,
,郵便局,横浜大場郵便局90580,横浜市青葉区大場町592-12,催事スペース,屋内（風除室含む）,場所とる,"15,000","15,000",要確認,,,,【8.15.18.25.28日は土日祝料金】【3月.5月.8月.12月は賃料増額】,,,,,,,
,郵便局,相模原松が枝郵便局90590,相模原市南区松が枝町19-9,催事スペース,屋内（風除室含む）,場所とる,"15,000","15,000",要確認,,,,【8.15.18.25.28日は土日祝料金】【3月.5月.8月.12月は賃料増額】,,,,,,,
,郵便局,横浜鳥山北郵便局90600,横浜市港北区鳥山町734,催事スペース,屋内（風除室含む）,場所とる,"10,000","10,000",要確認,,,,【8.15.18.25.28日は土日祝料金】【3月.5月.8月.12月は賃料増額】,,,,,,,
,郵便局,平塚吉沢郵便局90610,平塚市上吉沢63-7,催事スペース,屋内（風除室含む）,場所とる,"10,000","10,000",要確認,,,,【8.15.18.25.28日は土日祝料金】【3月.5月.8月.12月は賃料増額】,,,,,,,
,郵便局,田奈駅前郵便局90620,横浜市青葉区田奈町15-7,催事スペース,屋内（風除室含む）,場所とる,"10,000","10,000",要確認,,,,【8.15.18.25.28日は土日祝料金】【3月.5月.8月.12月は賃料増額】,,,,,,,
,郵便局,横浜狩場郵便局90630,横浜市保土ケ谷区狩場町303-62,催事スペース,屋内（風除室含む）,場所とる,"10,000","10,000",要確認,,,,【8.15.18.25.28日は土日祝料金】【3月.5月.8月.12月は賃料増額】,,,,,,,
,郵便局,横浜北山田郵便局90650,横浜市都筑区北山田2-2-20,催事スペース,屋内（風除室含む）,場所とる,"15,000","15,000",要確認,,,,【8.15.18.25.28日は土日祝料金】【3月.5月.8月.12月は賃料増額】,,,,,,,
,郵便局,都筑郵便局90670,横浜市都筑区茅ヶ崎中央33-1,催事スペース,屋内（風除室含む）,場所とる,"20,000","20,000",要確認,,,,【8.15.18.25.28日は土日祝料金】【3月.5月.8月.12月は賃料増額】,,,,,,,
,郵便局,都筑ふれあいの丘郵便局90760,横浜市都筑区高山6-7,催事スペース,屋内（風除室含む）,場所とる,"10,000","10,000",要確認,,,,【8.15.18.25.28日は土日祝料金】【3月.5月.8月.12月は賃料増額】,,,,,,,
,郵便局,開成駅前郵便局90790,開成町吉田島4354-1,催事スペース,屋内（風除室含む）,場所とる,"10,000","10,000",要確認,,,,【8.15.18.25.28日は土日祝料金】【3月.5月.8月.12月は賃料増額】,,,,,,,
,郵便局,南関東支社99200,横浜市神奈川区新浦島町2-1-10,催事スペース,屋内（風除室含む）,場所とる,"10,000","10,000",要確認,,,,【8.15.18.25.28日は土日祝料金】【3月.5月.8月.12月は賃料増額】,,,,,,,