東京,,,,,,,,,,,,,,,,,,,,,
,施設名,実施場所名,施設住所,広さ,屋内・屋外,発注先,金額（平日）,金額（土日祝日）,通信催事可否,机貸出,椅子貸出,電源貸出,注意事項,AGでの手配実績,過去実施時代理店、店舗,AGでの過去実績（PIのみ 期間すべて）,過去トラブルなど,場所（Google Map）,その他備考,区画写真,
,109シネマズ,1０９シネマズ二子玉川,世田谷区玉川1-14-1 「二子玉川ライズ・ショッピングセンター・テラスマーケット」内,4㎡前後,屋内（風除室含む）,場所とる,"113,000","153,000",要確認,,,,レディース・サービスデイは土日祝料金,,,,,,, ,
,109シネマズ,１０９シネマズ木場,江東区木場1-5-30 イトーヨーカドー木場店3F,4㎡前後,屋内（風除室含む）,グラスト,"80,000","110,000",実施不可,,,,レディース・サービスデイは土日祝料金,,,,,,,,
,7Days,セブンデイズ赤羽LaLaガーデンW2,北区赤羽2-10-1,6坪,屋内（風除室含む）,グラスト,"28,300","28,300",要確認,,,,最低1週間以上開催,,,,,,,,
,7Days,セブンデイズ秋津W2,東村山市秋津町5-7-28,8坪,屋内（風除室含む）,グラスト,"31,300","31,300",要確認,,,,最低1週間以上開催,,,,,,,,
,7Days,セブンデイズ秋津4,東村山市秋津町5-13-10,7坪,屋内（風除室含む）,グラスト,"34,400","34,400",要確認,,,,最低3日間以上開催,,,,,,,,
,7Days,セブンデイズ阿佐ヶ谷パールセンターW2,杉並区阿佐ヶ谷南1-47-11,12坪,屋内（風除室含む）,グラスト,"43,600","43,600",要確認,,,,最低1週間以上開催,,,,,,,,
,7Days,セブンデイズ阿佐ヶ谷パールセンターW3,杉並区阿佐ヶ谷南1-48-15,13坪,屋内（風除室含む）,グラスト,"43,600","43,600",要確認,,,,最低2週間以上開催,,,,,,,,
,7Days,セブンデイズ浅草新仲見世W2,台東区浅草1-1-11,10坪,屋内（風除室含む）,グラスト,"52,700","52,700",要確認,,,,最低1週間以上開催,,,,,,,,
,7Days,セブンデイズ大宮ハッピーロードW2,板橋区大山町27-11,6坪,屋内（風除室含む）,グラスト,"28,300","28,300",要確認,,,,最低1週間以上開催,,,,,,,,
,7Days,セブンデイズ学芸大学W2,目黒区鷹番3-1-8,11坪,屋内（風除室含む）,グラスト,"56,300","56,300",要確認,,,,最低1週間以上開催,,,,,,,,
,7Days,セブンデイズ神楽坂,新宿区神楽坂6-25-18,5坪,屋内（風除室含む）,グラスト,"29,300","29,300",要確認,,,,1日単位で貸出可,,,,,,,,
,7Days,セブンデイズ蒲田あすと,大田区蒲田4-5-7,6坪,屋内（風除室含む）,グラスト,"25,200","25,200",要確認,,,,1日単位で貸出可,,,,,,,,
,7Days,セブンデイズ蒲田サンライズW2,大田区西蒲田7-62-4,11坪,屋内（風除室含む）,グラスト,"36,400","36,400",要確認,,,,最低1週間以上開催,,,,,,,,
,7Days,セブンデイズ蒲田サンライズ3,大田区西蒲田7-65-3,7坪,屋内（風除室含む）,グラスト,"34,400","34,400",要確認,,,,最低2日間以上で開催,,,,,,,,
,7Days,セブンデイズ北千住W2,足立区千住2-55,8.5坪,屋内（風除室含む）,グラスト,"40,500","40,500",要確認,,,,最低1週間以上開催,,,,,,,,
,7Days,セブンデイズ喜多見,世田谷区喜多見8-15-32,7.6坪,屋内（風除室含む）,グラスト,"22,700","22,700",要確認,,,,1日単位で貸出可,,,,,,,,
,7Days,セブンデイズ錦糸町W2,墨田区江東橋3-13-1,8.2坪,屋内（風除室含む）,グラスト,"45,000","45,000",要確認,,,,最低1週間以上開催,,,,,,,,
,7Days,セブンデイズ高円寺Pal-W2,杉並区高円寺南3-46-10,10坪,屋内（風除室含む）,グラスト,"35,400","35,400",要確認,,,,最低1週間以上開催,,,,,,,,
,7Days,セブンデイズ三軒茶屋W3,世田谷区三軒茶屋1-37-1,7.5坪,屋内（風除室含む）,グラスト,"36,400","36,400",要確認,,,,最低2週間以上開催,,,,,,,,
,7Days,セブンデイズ下高井戸,世田谷区松原3-42-4,3坪,屋内（風除室含む）,グラスト,"23,200","23,200",要確認,,,,1日単位で貸出可,,,,,,,,
,7Days,セブンデイズ十条銀座W2,北区上十条2-30-6,10坪,屋内（風除室含む）,グラスト,"33,400","33,400",要確認,,,,最低1週間以上開催,,,,,,,,
,7Days,セブンデイズ十条銀座W3,北区十条仲原1-3-3,9坪,屋内（風除室含む）,グラスト,"33,400","33,400",要確認,,,,最低2週間以上開催,,,,,,,,
,7Days,セブンデイズ新大久保W2,新宿区百人町1-16-14,10坪,屋内（風除室含む）,グラスト,"43,600","43,600",要確認,,,,最低1週間以上開催,,,,,,,,
,7Days,セブンデイズ新大久保コリアタウンW3,新宿区百人町1-6-15,11坪,屋内（風除室含む）,グラスト,"55,800","55,800",要確認,,,,最低2週間以上開催,,,,,,,,
,7Days,セブンデイズ新小岩ルミエールW2,葛飾区新小岩1-39-10,15坪,屋内（風除室含む）,グラスト,"44,600","44,600",要確認,,,,最低1週間以上開催,,,,,,,,
,7Days,セブンデイズ新小岩ルミエールW4,葛飾区新小岩1-40-8,12坪,屋内（風除室含む）,グラスト,"46,600","46,600",要確認,,,,最低3週間以上開催,,,,,,,,
,7Days,セブンデイズ巣鴨地蔵通り,豊島区巣鴨4-13-19,12坪,屋内（風除室含む）,グラスト,"25,200","25,200",要確認,,,,"1日単位で貸出可、4・14・24日は30,300円/日",,,,,,,,
,7Days,セブンデイズ祖師ヶ谷大蔵ウルトラマンW2,世田谷区祖師谷1-8-14,18坪,屋内（風除室含む）,グラスト,"44,600","44,600",要確認,,,,最低1週間以上開催,,,,,,,,
,7Days,セブンデイズ高田馬場W2,新宿区高田馬場4-12-10,18.4坪,屋内（風除室含む）,グラスト,"39,600","39,600",要確認,,,,最低1週間以上開催,,,,,,,,
,7Days,セブンデイズ戸越銀座,品川区平塚2-18-2,8坪,屋内（風除室含む）,グラスト,"45,080","45,080",要確認,,,,1日単位で貸出可,,,,,,,,
,7Days,セブンデイズ中野ブロードウェイW2,中野区中野5-52-1,19.5坪,屋内（風除室含む）,グラスト,"58,800","58,800",要確認,,,,最低1週間以上開催,,,,,,,,
,7Days,セブンデイズ日暮里谷中銀座W2,台東区谷中3-9-14,6坪,屋内（風除室含む）,グラスト,"26,200","26,200",要確認,,,,最低1週間以上開催,,,,,,,,
,7Days,セブンデイズ人形町W4,中央区日本橋人形町2-2-2（左）,15坪,屋内（風除室含む）,グラスト,"55,100","55,100",要確認,,,,最低3週間以上開催,,,,,,,,
,7Days,セブンデイズ人形町W6,中央区日本橋人形町2-2-2（右）,8坪,屋内（風除室含む）,グラスト,"42,400","42,400",要確認,,,,最低5週間以上開催,,,,,,,,
,7Days,セブンデイズ武蔵小山パルム2,品川区荏原3-7-3,9坪,屋内（風除室含む）,グラスト,"46,400","46,400",要確認,,,,1日単位で貸出可,,,,,,,,
,7Days,セブンデイズ武蔵小山パルムW3,品川区小山3-25-1,15坪,屋内（風除室含む）,グラスト,"65,100","65,100",要確認,,,,最低2週間以上開催,,,,,,,,
,ABAB上野,ABAB上野,台東区上野４丁目8-4,6坪,屋内（風除室含む）,グラスト,"28,000",―,要確認,,,,土日祝不可,,,,,,,,
,Ario,アリオ亀有①　1FサニーコートⅠ,葛飾区亀有3丁目49番3号,40坪,屋内（風除室含む）,グラスト,"180,000","360,000",要確認,,,,ドコモＮＧ,,,,,,,,
,Ario,アリオ亀有②　1FサニーコートⅡ,葛飾区亀有3丁目49番3号,3.7坪,屋内（風除室含む）,グラスト,"96,000",―,要確認,,,,ドコモＮＧ,,,,,,,,
,Ario,アリオ亀有③　1FサニーコートⅢ,葛飾区亀有3丁目49番3号,7.5坪,屋内（風除室含む）,グラスト,"120,000","240,000",要確認,,,,ドコモＮＧ,,,,,,,,
,Ario,アリオ亀有④　1FサニーコートⅣ,葛飾区亀有3丁目49番3号,3.5坪,屋内（風除室含む）,グラスト,"96,000","180,000",要確認,,,,ドコモＮＧ,,,,,,,,
,Ario,アリオ亀有⑤　屋外イベント広場,葛飾区亀有3丁目49番3号,200坪,屋外,グラスト,"156,000","300,000",要確認,,,,ドコモＮＧ,,,,,,,,
,Ario,アリオ亀有⑥　2Fウインドコードブリッジ,葛飾区亀有3丁目49番3号,9坪,屋内（風除室含む）,グラスト,"96,000","180,000",要確認,,,,ドコモＮＧ,,,,,,,,
,Ario,アリオ亀有⑦　1Fアリオイベント広場側入口（左側）,葛飾区亀有3丁目49番3号,10坪,屋内（風除室含む）,グラスト,"40,000","72,000",要確認,,,,ドコモＮＧ,,,,,,,,
,Ario,アリオ亀有⑧　1Fアリオイベント広場側入口（右側）,葛飾区亀有3丁目49番3号,10坪,屋内（風除室含む）,グラスト,"40,000","72,000",要確認,,,,ドコモＮＧ,,,,,,,,
,Ario,アリオ亀有⑨　1F香取神社側入口（右）,葛飾区亀有3丁目49番3号,5坪,屋内（風除室含む）,グラスト,"72,000","144,000",要確認,,,,ドコモＮＧ,,,,,,,,
,Ario,アリオ亀有⑩　1F香取神社側入口（左）,葛飾区亀有3丁目49番3号,5坪,屋内（風除室含む）,グラスト,"72,000","144,000",要確認,,,,ドコモＮＧ,,,,,,,,
,Ario,アリオ亀有⑪　1Fウインドコート,葛飾区亀有3丁目49番3号,57.5㎡程度,屋内（風除室含む）,場所とる,"128,000","248,000",要確認,,,,ドコモＮＧ,,,,,,,,
,Ario,アリオ亀有⑫　1FコンコースA,葛飾区亀有3丁目49番3号,11.5㎡程度,屋内（風除室含む）,場所とる,"108,000","188,000",要確認,,,,ドコモＮＧ,,,,,,,,
,Ario,アリオ亀有⑬　1F屋外イベント広場側入口A,葛飾区亀有3丁目49番3号,33.4㎡程度,屋外,場所とる,"68,000","128,000",要確認,,,,ドコモＮＧ,,,,,,,,
,Ario,アリオ亀有⑭　1F屋内広場入口,葛飾区亀有3丁目49番3号,25㎡程度,屋内（風除室含む）,場所とる,"68,000","108,000",要確認,,,,ドコモＮＧ,,,,,,,,
,Ario,アリオ亀有⑮　2Fサニーコート,葛飾区亀有3丁目49番3号,12㎡程度,屋内（風除室含む）,場所とる,"78,000","148,000",要確認,,,,ドコモＮＧ,,,,,,,,
,Ario,アリオ亀有⑯　3FサニーコートA,葛飾区亀有3丁目49番3号,1.5m×7m程度,屋内（風除室含む）,場所とる,"68,000","128,000",要確認,,,,ドコモＮＧ,,,,,,,,
,Ario,アリオ亀有⑰　3FサニーコートB,葛飾区亀有3丁目49番3号,1.6m×6.8m程度,屋内（風除室含む）,場所とる,"68,000","128,000",要確認,,,,ドコモＮＧ,,,,,,,,
,Ario,アリオ亀有⑱　1F屋外イベント広場側入口B,葛飾区亀有3丁目49番3号,33.4㎡程度,屋外,場所とる,"68,000","128,000",要確認,,,,ドコモＮＧ,,,,,,,,
,Ario,アリオ北砂①　1Fアクアコート下りエスカレーター前,江東区北砂2-17-1,16坪,屋内（風除室含む）,グラスト,"70,000","130,000",要確認,,,,"SB,YM,auはNG",,,,,,,,
,Ario,アリオ北砂②　1Fアクアコート上りエスカレーター前,江東区北砂2-17-1,13坪,屋内（風除室含む）,グラスト,"60,000","120,000",要確認,,,,"SB,YM,auはNG",,,,,,,,
,Ario,アリオ北砂③　2Fアクアコートレストスペース,江東区北砂2-17-1,9坪,屋内（風除室含む）,場所とる,"50,000","100,000",要確認,,,,"SB,YM,auはNG",,,,,,,,
,Ario,アリオ北砂④　3Fアクアコートレストスペース,江東区北砂2-17-1,9坪,屋内（風除室含む）,グラスト,"60,000","120,000",要確認,,,,"SB,YM,auはNG",,,,,,,,
,Ario,アリオ北砂⑤　1F明治通り側入口内イベントスペース,江東区北砂2-17-1,4坪,屋内（風除室含む）,場所とる,"80,000","160,000",要確認,,,,"SB,YM,auはNG",,,,,,,,
,Ario,アリオ北砂⑥　2Fブリッジ(南側),江東区北砂2-17-1,4坪,屋内（風除室含む）,グラスト,"60,000","120,000",要確認,,,,"SB,YM,auはNG",,,,,,,,
,Ario,アリオ北砂⑦　3Fブリッジ(南側),江東区北砂2-17-1,4坪,屋内（風除室含む）,場所とる,"50,000","100,000",要確認,,,,"SB,YM,auはNG",,,,,,,,
,Ario,アリオ北砂⑧　1Fムラサキスポーツ前コンコース,江東区北砂2-17-1,3坪,屋内（風除室含む）,グラスト,"60,000","120,000",要確認,,,,"SB,YM,auはNG",,,,,,,,
,Ario,アリオ北砂⑨　1Fグリーンエスカレーター前コンコース,江東区北砂2-17-1,4坪程度,屋内（風除室含む）,場所とる,"60,000","120,000",要確認,,,,"SB,YM,auはNG",,,,,,,,
,Ario,アリオ北砂⑩　1Fママイクコ前コンコース,江東区北砂2-17-1,4.0m×2.4m程度程度,屋内（風除室含む）,場所とる,"50,000","100,000",要確認,,,,"SB,YM,auはNG",,,,,,,,
,Ario,アリオ北砂⑪　1F遊歩道側口グリーンエレベーター前,江東区北砂2-17-1,18㎡程度,屋内（風除室含む）,場所とる,"60,000","120,000",要確認,,,,"SB,YM,auはNG",,,,,,,,
,Ario,アリオ北砂⑪　1Fアカチャンホンポ前特設会場,江東区北砂2-17-1,7.5㎡程度,屋内（風除室含む）,場所とる,"50,000","100,000",要確認,,,,"SB,YM,auはNG",,,,,,,,
,Ario,アリオ北砂⑫　3Fハニーズ前ブリッジ,江東区北砂2-17-1,13㎡程度,屋内（風除室含む）,場所とる,"50,000","100,000",要確認,,,,"SB,YM,auはNG",,,,,,,,
,Ario,アリオ西新井①　1Fイベント広場,足立区西新井栄町1丁目20番1号,約38坪,屋内（風除室含む）,グラスト,"240,000","480,000",要確認,,,,ドコモNG,,,,,,,,
,Ario,アリオ西新井②　1Fインフォメーション横,足立区西新井栄町1丁目20番1号,2坪,屋内（風除室含む）,グラスト,"120,000","240,000",要確認,,,,ドコモNG,,,,,,,,
,Ario,アリオ西新井③　1Fモールコンコース　オペークドットクリップ前,足立区西新井栄町1丁目20番1号,2.6坪程度,屋内（風除室含む）,場所とる,"108,000","208,000",要確認,,,,ドコモNG,,,,,,,,
,Ario,アリオ西新井④　2F吹抜けスペース,足立区西新井栄町1丁目20番1号,4坪,屋内（風除室含む）,グラスト,"60,000","120,000",要確認,,,,ドコモNG,,,,,,,,
,Ario,アリオ西新井⑤　2Fブリッジスペース,足立区西新井栄町1丁目20番1号,3坪,屋内（風除室含む）,グラスト,"60,000","120,000",要確認,,,,ドコモNG,,,,,,,,
,Ario,アリオ西新井⑥　3F吹抜けスペース,足立区西新井栄町1丁目20番1号,4坪,屋内（風除室含む）,グラスト,"60,000","120,000",要確認,,,,ドコモNG,,,,,,,,
,Ario,アリオ西新井⑦　3Fブリッジスペース,足立区西新井栄町1丁目20番1号,3坪,屋内（風除室含む）,グラスト,"60,000","120,000",要確認,,,,ドコモNG,,,,,,,,
,Ario,アリオ西新井⑧　1Fモールコンコース　T字前,足立区西新井栄町1丁目20番1号,3.4坪程度,屋内（風除室含む）,場所とる,"108,000","208,000",要確認,,,,ドコモNG,,,,,,,,
,Ario,アリオ西新井⑨　1Fモールコンコース　カルディコーヒーファーム前,足立区西新井栄町1丁目20番1号,11.25㎡程度,屋内（風除室含む）,場所とる,"108,000","208,000",要確認,,,,ドコモNG,,,,,,,,
,Ario,アリオ西新井⑩　1Fモールコンコース　グローバルワーク前,足立区西新井栄町1丁目20番1号,3.4坪程度,屋内（風除室含む）,場所とる,"108,000","208,000",要確認,,,,ドコモNG,,,,,,,,
,Ario,アリオ葛西①　1F吹抜けGU前スペース,江戸川区東葛西9-3-3,20坪,屋内（風除室含む）,グラスト,"600,000","1,200,000",要確認,,,,,,,,,,,,
,Ario,アリオ葛西②　1F東側入口駐輪スペース(屋外軒下),江戸川区東葛西9-3-3,20坪,屋外,グラスト,"300,000","600,000",要確認,,,,,,,,,,,,
,Ario,アリオ葛西③　2Fモール側ゼビオ前イベントスペース,江戸川区東葛西9-3-3,2坪,屋内（風除室含む）,グラスト,"96,000","180,000",要確認,,,,,,,,,,,,
,Ario,アリオ葛西④　3Fモール側とうきゅうボウル前イベントスペース,江戸川区東葛西9-3-3,2坪,屋内（風除室含む）,グラスト,"60,000","120,000",要確認,,,,,,,,,,,,
,Aコープ東日本,Aコープ藤の台①　屋外軒下,町田市藤の台一丁目1番54号1-54号棟,長机1～2台程,屋外,グラスト,"10,000","10,000",要確認,,,,,,,,,,,,
,Aコープ東日本,Aコープ藤の台②　店内or風除室,町田市藤の台一丁目1番54号1-54号棟,長机1～2台程,屋内（風除室含む）,グラスト,"20,000","20,000",要確認,,,,,,,,,,,,
,BIGBOX高田馬場,BIGBOX高田馬場,新宿区高田馬場1丁目35-3,長机2台分程,屋内（風除室含む）,グラスト,"60,000","66,000",要確認,,,,,,,,,,,,
,BIGFUN平和島,BIGFUN平和島,大田区平和島１丁目１−１,10～15坪,屋内（風除室含む）,場所とる,"35,000","40,000",要確認,,,,,,,,,,,,
,Bivi,Bivi南千住①　1F半屋内スペース,荒川区南千住4-7-1,3.6坪,屋内（風除室含む）,グラスト,"30,000","50,000",要確認,,,,SB・YM・au・ドコモ　はＮＧ,,,,,,,,
,Bivi,Bivi南千住②　1F屋外,荒川区南千住4-7-1,2.7坪,屋外,グラスト,"30,000","50,000",要確認,,,,SB・YM・au・ドコモ　はＮＧ,,,,,,,,
,マルフジ,マルフジ羽村,羽村市羽東1-21-28,要確認,屋外,場所とる,"12,000","12,000",要確認,,,,,,,,,,,,
,マルフジ,マルフジ福生,福生市武蔵野台1-9-8,要確認,屋外,場所とる,"12,000","12,000",要確認,,,,,,,,,,,,
,マルフジ,マルフジ千ヶ瀬,青梅市千ケ瀬町3-400,5.5㎡程度,屋外,場所とる,"12,000","12,000",要確認,,,,,,,,,,,,
,マルフジ,マルフジ昭島市役所通り①　店外入口左横（向かって右手）,昭島市田中町1-30-1,要確認,屋外,場所とる,"12,000","12,000",要確認,,,,,,,,,,,,
,マルフジ,マルフジ昭島市役所通り②　店外入口左横（向かって左手）,昭島市田中町1-30-1,6㎡程度,屋外,場所とる,"12,000","12,000",要確認,,,,,,,,,,,,
,マルフジ,マルフジ南田園,"福生市南田園2-15-1",6㎡程度,屋外,場所とる,"12,000","12,000",要確認,,,,,,,,,,,,
,マルフジ,マルフジ東中神,"昭島市玉川町4-5-1",5.5㎡,屋外,場所とる,"12,000","12,000",要確認,,,,,,,,,,,,
,マルフジ,マルフジ舘谷,あきる野市舘谷241,6㎡程度,屋外,場所とる,"12,000","12,000",要確認,,,,,,,,,,,,
,マルフジ,マルフジ東青梅,青梅市東青梅2-14-2,6㎡程度,屋外,場所とる,"12,000","12,000",要確認,,,,,,,,,,,,
,BOOKOFF,BOOKOFF秋葉原駅前,千代田区神田佐久間町1-6-4,長机1台～,屋内（風除室含む）,グラスト,"55,000","55,000",要確認,,,,,,,,,,,,
,BOOKOFF,BOOKOFF新宿靖国通り,新宿区新宿5-2-1,長机1台～,屋内（風除室含む）,グラスト,"45,000","45,000",要確認,,,,,,,,,,,,
,BOOKOFF,BOOKOFF新宿駅西口,新宿区西新宿1-10-2 110ビル4F～6F,長机1台～,屋内（風除室含む）,グラスト,"45,000","45,000",要確認,,,,,,,,,,,,
,BOOKOFF,BOOKOFF浅草稲荷町,台東区松が谷1-3-5,長机1台～,屋内（風除室含む）,グラスト,"45,000","45,000",要確認,,,,,,,,,,,,
,BOOKOFF,BOOKOFFロッテシティ錦糸町,墨田区錦糸4-6-1ロッテシティ3F,長机1台～,屋内（風除室含む）,グラスト,"45,000","45,000",要確認,,,,,,,,,,,,
,BOOKOFF,BOOKOFF曳舟,墨田区東向島2-48-13 第3丸重ハイツ1･2F,長机1台～,屋内（風除室含む）,グラスト,"45,000","45,000",要確認,,,,,,,,,,,,
,BOOKOFF,BOOKOFF武蔵小山パルム,品川区荏原3-3-17,長机1台～,屋内（風除室含む）,グラスト,"55,000","55,000",要確認,,,,,,,,,,,,
,BOOKOFF,BOOKOFF中延駅前,品川区中延4-4-6,長机1台～,屋内（風除室含む）,グラスト,"55,000","55,000",要確認,,,,,,,,,,,,
,BOOKOFF,BOOKOFF自由が丘駅前,目黒区自由が丘2-11-23,長机1台～,屋内（風除室含む）,グラスト,"55,000","55,000",要確認,,,,,,,,,,,,
,BOOKOFF,BOOKOFF学芸大学駅前,目黒区鷹番2-15-12,長机1台～,屋内（風除室含む）,グラスト,"55,000","55,000",要確認,,,,,,,,,,,,
,BOOKOFF,BOOKOFFＪＲ蒲田駅東口,大田区蒲田5-26-8,長机1台～,屋内（風除室含む）,グラスト,"45,000","45,000",要確認,,,,,,,,,,,,
,BOOKOFF,BOOKOFF糀谷駅前,大田区西糀谷4-27-7,長机1台～,屋内（風除室含む）,グラスト,"45,000","45,000",要確認,,,,,,,,,,,,
,BOOKOFF,BOOKOFF雪が谷大塚,大田区南雪谷2-17-9,長机1台～,屋内（風除室含む）,グラスト,"45,000","45,000",要確認,,,,,,,,,,,,
,BOOKOFF,BOOKOFFサミットストア砧,世田谷区砧1-1-2,長机1台～,屋内（風除室含む）,グラスト,"45,000","45,000",要確認,,,,,,,,,,,,
,BOOKOFF,BOOKOFF246駒沢,世田谷区駒沢2-11,長机1台～,屋内（風除室含む）,グラスト,"45,000","45,000",要確認,,,,,,,,,,,,
,BOOKOFF,BOOKOFF246三軒茶屋,世田谷区太子堂1-12-27,長机1台～,屋内（風除室含む）,グラスト,"45,000","45,000",要確認,,,,,,,,,,,,
,BOOKOFF,BOOKOFF上野毛,世田谷区中町3-16-3,長机1台～,屋内（風除室含む）,グラスト,"45,000","45,000",要確認,,,,,,,,,,,,
,BOOKOFF,BOOKOFF代々木駅北口,渋谷区代々木1-58-1,長机1台～,屋内（風除室含む）,グラスト,"55,000","55,000",要確認,,,,,,,,,,,,
,BOOKOFF,BOOKOFF阿佐ヶ谷南,杉並区阿佐谷南1-33-7,長机1台～,屋内（風除室含む）,グラスト,"45,000","45,000",要確認,,,,,,,,,,,,
,BOOKOFF,BOOKOFF新高円寺駅前,杉並区高円寺南2-17-2,長机1台～,屋内（風除室含む）,グラスト,"45,000","45,000",要確認,,,,,,,,,,,,
,BOOKOFF,BOOKOFF浜田山駅前,杉並区浜田山3-34-5,長机1台～,屋内（風除室含む）,グラスト,"45,000","45,000",要確認,,,,,,,,,,,,
,BOOKOFF,BOOKOFF大塚駅前,豊島区南大塚1-51-11,長机1台～,屋内（風除室含む）,グラスト,"45,000","45,000",要確認,,,,,,,,,,,,
,BOOKOFF,BOOKOFF下赤塚駅南口,板橋区赤塚新町1-22-2 セカンドプロスパービル1F,長机1台～,屋内（風除室含む）,グラスト,"45,000","45,000",要確認,,,,,,,,,,,,
,BOOKOFF,BOOKOFF西台高島通り,板橋区高島平1-75-10,長机1台～,屋内（風除室含む）,グラスト,"45,000","45,000",要確認,,,,,,,,,,,,
,BOOKOFF,BOOKOFF板橋前野,板橋区前野町4-19-1,長机1台～,屋内（風除室含む）,グラスト,"45,000","45,000",要確認,,,,,,,,,,,,
,BOOKOFF,BOOKOFF上石神井駅南口,練馬区上石神井1-16-9,長机1台～,屋内（風除室含む）,グラスト,"45,000","45,000",要確認,,,,,,,,,,,,
,BOOKOFF,BOOKOFF練馬高野台駅北口,練馬区高野台1-5-3,長机1台～,屋内（風除室含む）,グラスト,"45,000","45,000",要確認,,,,,,,,,,,,
,BOOKOFF,BOOKOFF練馬光が丘,練馬区高松4-22-6,長机1台～,屋内（風除室含む）,グラスト,"45,000","45,000",要確認,,,,,,,,,,,,
,BOOKOFF,BOOKOFF練馬区役所前,練馬区豊玉北6-3-1,長机1台～,屋内（風除室含む）,グラスト,"45,000","45,000",要確認,,,,,,,,,,,,
,BOOKOFF,BOOKOFF大泉学園駅前,練馬区東大泉1-26-15,長机1台～,屋内（風除室含む）,グラスト,"45,000","45,000",要確認,,,,,,,,,,,,
,BOOKOFF,BOOKOFF綾瀬駅前,足立区綾瀬3-2-8 シティプレイスアヤセ2F,長机1台～,屋内（風除室含む）,グラスト,"45,000","45,000",要確認,,,,,,,,,,,,
,BOOKOFF,BOOKOFF足立加平インター,足立区加平2-3,長机1台～,屋内（風除室含む）,グラスト,"45,000","45,000",要確認,,,,,,,,,,,,
,BOOKOFF,BOOKOFFパサージオ西新井,足立区西新井栄町1-17-1,長机1台～,屋内（風除室含む）,グラスト,"45,000","45,000",要確認,,,,,,,,,,,,
,BOOKOFF,BOOKOFF葛西駅前,江戸川区中葛西5-34-11,長机1台～,屋内（風除室含む）,グラスト,"45,000","45,000",要確認,,,,,,,,,,,,
,BOOKOFF,BOOKOFF八王子めじろ台,八王子市椚田町538-5,長机1台～,屋内（風除室含む）,グラスト,"55,000","55,000",要確認,,,,,,,,,,,,
,BOOKOFF,BOOKOFF八王子堀之内,八王子市堀之内3-3-1,長机1台～,屋内（風除室含む）,グラスト,"55,000","55,000",要確認,,,,,,,,,,,,
,BOOKOFF,BOOKOFF立川栄,立川市高松町1-24-36,長机1台～,屋内（風除室含む）,グラスト,"45,000","45,000",要確認,,,,,,,,,,,,
,BOOKOFF,BOOKOFF吉祥寺駅北口,武蔵野市吉祥寺本町1-13-2 白樺ビル1階-4階,長机1台～,屋内（風除室含む）,グラスト,"55,000","55,000",要確認,,,,,,,,,,,,
,BOOKOFF,BOOKOFF武蔵境連雀通り,武蔵野市境南町5-5-16,長机1台～,屋内（風除室含む）,グラスト,"55,000","55,000",要確認,,,,,,,,,,,,
,BOOKOFF,BOOKOFF青梅,青梅市新町4-19-5,長机1台～,屋内（風除室含む）,グラスト,"45,000","45,000",要確認,,,,,,,,,,,,
,BOOKOFF,BOOKOFF調布駅南口,調布市布田4-20-2,長机1台～,屋内（風除室含む）,グラスト,"55,000","55,000",要確認,,,,,,,,,,,,
,BOOKOFF,BOOKOFF花小金井,小平市花小金井6-26-13,長机1台～,屋内（風除室含む）,グラスト,"55,000","55,000",要確認,,,,,,,,,,,,
,BOOKOFF,BOOKOFF国立駅南口,国立市中1-10-7,長机1台～,屋内（風除室含む）,グラスト,"45,000","45,000",要確認,,,,,,,,,,,,
,BOOKOFF,BOOKOFF東大和仲原,東大和市仲原4-2-3,長机1台～,屋内（風除室含む）,グラスト,"45,000","45,000",要確認,,,,,,,,,,,,
,BOOKOFF,BOOKOFF田無駅北口,西東京市田無町4-26-10,長机1台～,屋内（風除室含む）,グラスト,"55,000","55,000",要確認,,,,,,,,,,,,
,BOOKOFF,BOOKOFF八王子駅北口,八王子市旭町12-4,2坪,屋内（風除室含む）,グラスト,"55,000","55,000",要確認,,,,,,,,,,,,
,BOOKOFF,BOOKOFF池袋サンシャイン60通り,豊島区東池袋1-22-10　ヒューマックスパビリオン2・3F,2坪,屋内（風除室含む）,グラスト,"45,000","45,000",要確認,,,,,,,,,,,,
,BOOKOFF,BOOKOFF江古田,練馬区栄町2-12,長机1台～,屋内（風除室含む）,グラスト,"45,000","45,000",要確認,,,,,,,,,,,,
,BOOKOFF,BOOKOFF福生,福生市武蔵野台2-31-3,長机1台～,屋内（風除室含む）,グラスト,"55,000","55,000",要確認,,,,,,,,,,,,
,BOOKOFF,BOOKOFF北烏山,世田谷区北烏山5-21-11,長机1台～,屋内（風除室含む）,グラスト,"45,000","45,000",要確認,,,,,,,,,,,,
,BOOKOFF,BOOKOFF東中野,中野区東中野3-9-21,長机1台～,屋内（風除室含む）,グラスト,"45,000","45,000",要確認,,,,,,,,,,,,
,BOOKOFF,BOOKOFF東久留米前沢,東久留米市中央町4-14-35,長机1台～,屋内（風除室含む）,グラスト,"45,000","45,000",要確認,,,,,,,,,,,,
,BOOKOFF,BOOKOFF高田馬場北,豊島区高田3-14-29,長机1台～,屋内（風除室含む）,グラスト,"45,000","45,000",要確認,,,,,,,,,,,,
,BOOKOFF,BOOKOFF杉並方南町駅前,杉並区堀ノ内1-4-2,長机1台～,屋内（風除室含む）,グラスト,"45,000","45,000",要確認,,,,,,,,,,,,
,BOOKOFF,BOOKOFF赤羽駅東口,北区赤羽2-49-6,長机1台～,屋内（風除室含む）,グラスト,"45,000","45,000",要確認,,,,,,,,,,,,
,BOOKOFF,BOOKOFF京王国領駅前,調布市国領町1-44-1,長机1台～,屋内（風除室含む）,グラスト,"55,000","55,000",要確認,,,,,,,,,,,,
,BOOKOFF,BOOKOFF江東門前仲町,江東区越中島1-2-7　アスミビル,長机1台～,屋内（風除室含む）,グラスト,"55,000","55,000",要確認,,,,,,,,,,,,
,BOOKOFF,BOOKOFF幡ヶ谷6号通,渋谷区幡ヶ谷2-9-19,長机1台～,屋内（風除室含む）,グラスト,"55,000","55,000",要確認,,,,,,,,,,,,
,BOOKOFF,BOOKOFF中葛西,江戸川区中葛西4-4-8,長机1台～,屋内（風除室含む）,グラスト,"45,000","45,000",要確認,,,,,,,,,,,,
,BOOKOFF,BOOKOFF十条駅前,北区上十条2-7-11,長机1台～,屋内（風除室含む）,グラスト,"45,000","45,000",要確認,,,,,,,,,,,,
,BOOKOFF,BOOKOFF八王子大和田,八王子市大和田町5-1-21,長机1台～,屋内（風除室含む）,グラスト,"55,000","55,000",要確認,,,,,,,,,,,,
,BOOKOFF,BOOKOFF千駄木,文京区千駄木3-43-3,長机1台～,屋内（風除室含む）,グラスト,"45,000","45,000",要確認,,,,,,,,,,,,
,BOOKOFF,BOOKOFF20号西八王子,八王子市千人町3-18-24,長机1台～,屋内（風除室含む）,グラスト,"55,000","55,000",要確認,,,,,,,,,,,,
,BOOKOFF,BOOKOFF江戸川東小岩,江戸川区東小岩4-1-7,長机1台～,屋内（風除室含む）,グラスト,"45,000","45,000",要確認,,,,,,,,,,,,
,BOOKOFF,BOOKOFF亀戸駅東口,江東区亀戸6-57-19,長机1台～,屋内（風除室含む）,グラスト,"55,000","55,000",要確認,,,,,,,,,,,,
,BOOKOFF,BOOKOFF中原街道長原,大田区上池台1-14-19,長机1台～,屋内（風除室含む）,グラスト,"45,000","45,000",要確認,,,,,,,,,,,,
,BOOKOFF,BOOKOFF中板橋駅北口,板橋区中板橋24-1,長机1台～,屋内（風除室含む）,グラスト,"45,000","45,000",要確認,,,,,,,,,,,,
,BOOKOFF,BOOKOFF瑞江駅北口,江戸川区瑞江2-5-3,長机1台～,屋内（風除室含む）,グラスト,"45,000","45,000",要確認,,,,,,,,,,,,
,BOOKOFF PLUS,BOOKOFFPLUS上野広小路,台東区上野4-4-4,長机1台～,屋内（風除室含む）,グラスト,"45,000","45,000",要確認,,,,,,,,,,,,
,BOOKOFF PLUS,BOOKOFFPLUS西五反田,品川区西五反田2-29-5,長机1台～,屋内（風除室含む）,グラスト,"55,000","55,000",要確認,,,,,,,,,,,,
,BOOKOFF PLUS,BOOKOFFPLUS大蔵多摩堤通り,世田谷区大蔵6-20-29,長机1台～,屋内（風除室含む）,グラスト,"45,000","45,000",要確認,,,,,,,,,,,,
,BOOKOFF PLUS,BOOKOFFPLUS荻窪駅北口,杉並区天沼3-3-3,長机1台～,屋内（風除室含む）,グラスト,"45,000","45,000",要確認,,,,,,,,,,,,
,BOOKOFF PLUS,BOOKOFFPLUS池袋要町,豊島区要町1-10-3,長机1台～,屋内（風除室含む）,グラスト,"45,000","45,000",要確認,,,,,,,,,,,,
,BOOKOFF PLUS,BOOKOFFPLUSMINANO分倍河原,府中市片町3-22-26 MINANO2F,長机1台～,屋内（風除室含む）,グラスト,"55,000","55,000",要確認,,,,,,,,,,,,
,BOOKOFF PLUS,BOOKOFFPLUSザ･ビッグ昭島,昭島市宮沢町500-1 イオン昭島ショッピングセンター2F,長机1台～,屋内（風除室含む）,グラスト,"55,000","55,000",要確認,,,,,,,,,,,,
,BOOKOFF PLUS,BOOKOFFPLUS町田旭町,町田市旭町1-16-12,長机1台～,屋内（風除室含む）,場所とる,"35,000","35,000",要確認,,,,,,,,,,,,
,BOOKOFF PLUS,BOOKOFFPLUS聖蹟桜ヶ丘オーパ,多摩市関戸4-72 聖蹟桜ヶ丘オーパ6F,長机1台～,屋内（風除室含む）,グラスト,"45,000","45,000",要確認,,,,,,,,,,,,
,BOOKOFF SUPER BAZAAR,BOOKOFFSUPERBAZAAR西友大森,品川区南大井6-27-25 西友大森3F,長机1台～,屋内（風除室含む）,グラスト,"55,000","55,000",要確認,,,,,,,,,,,,
,BOOKOFF SUPER BAZAAR,BOOKOFFSUPERBAZAAR立川駅北口,立川市曙町2-7-17,長机1台～,屋内（風除室含む）,グラスト,"45,000","45,000",要確認,,,,,,,,,,,,
,BOOKOFF SUPER BAZAAR,BOOKOFFSUPERBAZAAR町田中央通り(本館),町田市原町田4-4-8,5坪,屋内（風除室含む）,グラスト,"45,000","45,000",要確認,,,,,,,,,,,,
,BOOKOFF SUPER BAZAAR,BOOKOFFSUPERBAZAAR多摩永山,多摩市永山6-29,2坪,屋内（風除室含む）,グラスト,"45,000","45,000",要確認,,,,,,,,,,,,
,BOOKSルーエ,BOOKSルーエ,武蔵野市吉祥寺本町1-14-3,2.4㎡,屋内（風除室含む）,グラスト,"43,100","47,500",要確認,,,,備品貸出不可,,,,,,,,
,fab南大沢,fab南大沢,八王子市南大沢２丁目３,約20㎡,屋外,グラスト,"30,000","35,000",要確認,,,,電源有り・備品貸出可能,,,,,,,,
,Gショップ砂町銀座,Gショップ砂町銀座,江東区北砂3-33-20,約15坪,屋内（風除室含む）,グラスト,"30,000","30,000",要確認,,,,,,,,,,,,
,mina,ミーナ町田①　催事スペース,町田市原町田4-1-17,約10坪,屋内（風除室含む）,グラスト,"30,000","40,000",要確認,,,,,,,,,,,,
,mina,ミーナ町田②　207区画,町田市原町田4-1-17,約20坪,,グラスト,"30,000","40,000",要確認,,,,,,,,,,,,
,MOVIX,MOVIX昭島①　イベントスペース,昭島市田中町573-1-1 モリタウン内,2㎡程度,屋内（風除室含む）,グラスト,"50,000","50,000",要確認,,,,通信催事可能,,,,,,,,
,MOVIX,MOVIX昭島②　イベントスペース,昭島市田中町573-1-1 モリタウン内,6㎡程度,屋内（風除室含む）,グラスト,"80,000","80,000",要確認,,,,通信催事可能,,,,,,,,
,PARCO,池袋PARCO①　本館B1コンコース,豊島区南池袋1-28-2,約8㎡,屋内（風除室含む）,グラスト,"240,000","360,000",要確認,,,,,,,,,,,,
,PARCO,池袋PARCO②　P’館店頭イベントスペース,豊島区南池袋1-28-2,約12㎡,屋内（風除室含む）,グラスト,"180,000","300,000",要確認,,,,,,,,,,,,
,PARCO,吉祥寺PARCO①　ダイヤ街口,武蔵野市吉祥寺本町1-5-1,4.56㎡,屋内（風除室含む）,グラスト,"130,000","130,000",要確認,,,,,,,,,,,,
,PARCO,吉祥寺PARCO②　公園通り側イベントスペース,武蔵野市吉祥寺本町1-5-1,約10.4㎡,屋内（風除室含む）,グラスト,"120,000","120,000",要確認,,,,,,,,,,,,
,PARCO,錦糸町PARCO①　楽天地ビルイベントスペースA(屋外),墨田区江東橋4丁目27番14号,約8.4㎡,屋外,グラスト,"120,000","180,000",要確認,,,,,,,,,,,,
,PARCO,錦糸町PARCO②　楽天地ビルイベントスペースB(屋外),墨田区江東橋4丁目27番14号,約17.7㎡,屋外,グラスト,"120,000","180,000",要確認,,,,,,,,,,,,
,PARCO,錦糸町PARCO③　楽天地ビルイベントスペースC(屋外),墨田区江東橋4丁目27番14号,約5㎡,屋外,グラスト,"60,000","84,000",要確認,,,,,,,,,,,,
,PARCO,錦糸町PARCO④　2階エスカ横,墨田区江東橋4丁目27番14号,約8.4㎡,屋内（風除室含む）,グラスト,"60,000","120,000",要確認,,,,,,,,,,,,
,PARCO,錦糸町PARCO⑤　6階柱前,墨田区江東橋4丁目27番14号,約8.6㎡,屋内（風除室含む）,グラスト,"60,000","120,000",要確認,,,,,,,,,,,,
,TIP.X TOKYO,TIP.X TOKYO池袋,豊島区西池袋1-3-1　東武百貨店パーキング２、２F～,長机1～2台分程,屋内（風除室含む）,グラスト,"30,000","30,000",要確認,,,,,,,,,,,,
,TIP.X TOKYO,TIP.X TOKYO渋谷,渋谷区宇田川町16-4,長机1～2台分程,屋内（風除室含む）,グラスト,"40,000","40,000",要確認,,,,,,,,,,,,
,TOHOシネマズ,TOHOシネマズ日本橋,中央区日本橋室町2-3-1　コレド室町2　3F,約1m×2m,屋内（風除室含む）,グラスト,"353,750","353,750",要確認,,,,契約行為不可,,,,,,,,
,TOHOシネマズ,TOHOシネマズ六本木ヒルズ,港区六本木6-10-2　六本木ヒルズけやき坂コンプレックス内,約1m×2m,屋内（風除室含む）,グラスト,"560,000","560,000",要確認,,,,契約行為不可,,,,,,,,
,TOHOシネマズ,TOHOシネマズ上野,台東区上野三丁目24番6号 上野フロンティアタワー7階,約1m×2m,屋内（風除室含む）,グラスト,"343,750","343,750",要確認,,,,契約行為不可,,,,,,,,
,TOHOシネマズ,TOHOシネマズ錦糸町（オリナス・楽天地）,墨田区江東橋4-27-14 楽天地ビル,約1m×2m,屋内（風除室含む）,グラスト,"275,000","275,000",要確認,,,,契約行為不可,,,,,,,,
,TOHOシネマズ,TOHOシネマズ西新井,足立区西新井栄町一丁目20番1号 アリオ西新井4F,約1m×2m,屋内（風除室含む）,グラスト,"206,250","206,250",要確認,,,,契約行為不可,,,,,,,,
,TOHOシネマズ,TOHOシネマズ南大沢,八王子市南大沢2-3 fab南大沢4F,約1m×2m,屋内（風除室含む）,グラスト,"147,500","147,500",要確認,,,,契約行為不可,,,,,,,,
,TOHOシネマズ,TOHOシネマズ府中,府中市宮町1-50 くるる 5F,約1m×2m,屋内（風除室含む）,グラスト,"216,250","216,250",要確認,,,,契約行為不可,,,,,,,,
,TSUTAYA,TSUTAYA府中駅前,府中市府中町１丁目１番４号,3m×2m～,屋内（風除室含む）,場所とる,"40,000","40,000",要確認,,,,備品貸出不可,,,,,,,,
,TSUTAYA,蔦屋書店練馬春日町①　店内スペース,練馬区春日町２丁目１４番６号,長机1～2台程,屋内（風除室含む）,グラスト,"35,000","35,000",要確認,,,,備品貸出不可,,,,,,,,
,TSUTAYA,蔦屋書店練馬春日町②　風除室,練馬区春日町２丁目１４番６号,長机1～2台程,屋内（風除室含む）,グラスト,"30,000","30,000",要確認,,,,備品貸出不可,,,,,,,,
,TSUTAYA,蔦屋書店練馬春日町③　軒下,練馬区春日町２丁目１４番６号,長机1～2台程,屋外,グラスト,"27,500","27,500",要確認,,,,備品貸出不可,,,,,,,,
,TSUTAYA,蔦屋書店稲城若葉台①　店内スペース,稲城市若葉台4-1,長机1～2台程,屋内（風除室含む）,グラスト,"35,000","35,000",要確認,,,,備品貸出不可,,,,,,,,
,TSUTAYA,蔦屋書店稲城若葉台②　風除室,稲城市若葉台4-1,長机1～2台程,屋内（風除室含む）,グラスト,"30,000","30,000",要確認,,,,備品貸出不可,,,,,,,,
,TSUTAYA,蔦屋書店稲城若葉台③　軒下,稲城市若葉台4-1,長机1～2台程,屋外,グラスト,"27,500","27,500",要確認,,,,備品貸出不可,,,,,,,,
,TSUTAYA,蔦屋書店多摩永山①　店内スペース,多摩市貝取1-25-1,長机1～2台程,屋内（風除室含む）,グラスト,"40,000","40,000",要確認,,,,備品貸出不可,,,,,,,,
,TSUTAYA,蔦屋書店多摩永山②　風除室,多摩市貝取1-25-1,長机1～2台程,屋内（風除室含む）,グラスト,"34,000","34,000",要確認,,,,備品貸出不可,,,,,,,,
,TSUTAYA,蔦屋書店多摩永山③　軒下,多摩市貝取1-25-1,長机1～2台程,屋外,グラスト,"31,000","31,000",要確認,,,,備品貸出不可,,,,,,,,
,TSUTAYA,蔦屋書店南大沢①　店内スペース,八王子市南大沢2-25 フォレストモール南大沢１階,長机1～2台程,屋内（風除室含む）,グラスト,"50,000","50,000",要確認,,,,備品貸出不可,,,,,,,,
,TSUTAYA,蔦屋書店南大沢②　軒下,八王子市南大沢2-25 フォレストモール南大沢１階,長机1～2台程,屋外,グラスト,"31,000","31,000",要確認,,,,備品貸出不可,,,,,,,,
,TSUTAYA,蔦屋書店八王子楢原①　店内スペース,八王子市楢原町819-1,長机1～2台程,屋内（風除室含む）,場所とる,"40,000","40,000",要確認,,,,備品貸出不可,,,,,,,,
,TSUTAYA,蔦屋書店八王子楢原②　風除室,八王子市楢原町819-1,長机1～2台程,屋内（風除室含む）,グラスト,"34,000","34,000",要確認,,,,備品貸出不可,,,,,,,,
,TSUTAYA,蔦屋書店八王子楢原③　軒下,八王子市楢原町819-1,長机1～2台程,屋外,グラスト,"31,000","31,000",要確認,,,,備品貸出不可,,,,,,,,
,TSUTAYA,蔦屋書店八王子みなみ野①　店内スペース,八王子市みなみ野1-7-7,長机1～2台程,屋内（風除室含む）,場所とる,"40,000","40,000",要確認,,,,備品貸出不可,,,,,,,,
,TSUTAYA,蔦屋書店八王子みなみ野②　風除室,八王子市みなみ野1-7-7,長机1～2台程,屋内（風除室含む）,グラスト,"34,000","34,000",要確認,,,,備品貸出不可,,,,,,,,
,TSUTAYA,蔦屋書店八王子みなみ野③　軒下,八王子市みなみ野1-7-7,長机1～2台程,屋外,グラスト,"31,000","31,000",要確認,,,,備品貸出不可,,,,,,,,
,TSUTAYA,TSUTAYA亀有①　店内スペース,葛飾区亀有5-35-9,長机1～2台程,屋内（風除室含む）,グラスト,"35,000","35,000",要確認,,,,備品貸出不可,,,,,,,,
,TSUTAYA,TSUTAYA亀有②　軒下,葛飾区亀有5-35-9,長机1～2台程,屋外,グラスト,"27,500","27,500",要確認,,,,備品貸出不可,,,,,,,,
,TSUTAYA,TSUTAYA船堀①　店内スペース,江戸川区船堀4-2-2,長机1～2台程,屋内（風除室含む）,グラスト,"40,000","40,000",要確認,,,,備品貸出不可,,,,,,,,
,TSUTAYA,TSUTAYA船堀②　軒下,江戸川区船堀4-2-2,長机1～2台程,屋外,グラスト,"31,000","31,000",要確認,,,,備品貸出不可,,,,,,,,
,TSUTAYA,TSUTAYABOOKSTORE亀戸,江東区亀戸６丁目３１番６,長机1~2台程,屋内（風除室含む）,グラスト,"55,000","55,000",要確認,,,,,,,,,,,,
,TSUTAYA,TSUTAYABOOKSTORE下北沢,世田谷区北沢二丁目１１番１５号,長机1~2台程,屋内（風除室含む）,グラスト,"50,000","50,000",要確認,,,,,,,,,,,,
,TSUTAYA,TSUTAYA田町駅前,港区芝5丁目31番10号,長机1~2台程,屋内（風除室含む）,グラスト,"45,000","45,000",要確認,,,,,,,,,,,,
,TSUTAYA,TSUTAYA浅草ＲＯＸ,台東区浅草1-24-1,長机1~2台程,屋内（風除室含む）,グラスト,"35,000","35,000",要確認,,,,,,,,,,,,
,TSUTAYA,TSUTAYA西五反田,品川区西五反田2-27-4,長机1~2台程,屋内（風除室含む）,グラスト,"55,000","55,000",要確認,,,,,,,,,,,,
,TSUTAYA,TSUTAYA自由が丘,目黒区自由が丘2-10-8,長机1~2台程,屋内（風除室含む）,グラスト,"45,000","45,000",要確認,,,,,,,,,,,,
,TSUTAYA,TSUTAYA南砂,江東区南砂3-3-6,長机1~2台程,屋内（風除室含む）,グラスト,"45,000","45,000",要確認,,,,,,,,,,,,
,TSUTAYA,TSUTAYA大崎駅前,品川区大崎2-10-1,長机1~2台程,屋内（風除室含む）,グラスト,"45,000","45,000",要確認,,,,,,,,,,,,
,TSUTAYA,TSUTAYAＢＯＯＫＳＴＯＲＥＡＰＩＴ東雲,江東区東雲2-7-20,長机1~2台程,屋内（風除室含む）,グラスト,"88,000","88,000",要確認,,,,,,,,,,,,
,TSUTAYA,TSUTAYA馬事公苑,世田谷区上用賀2-4-18,長机1~2台程,屋内（風除室含む）,グラスト,"50,000","50,000",要確認,,,,,,,,,,,,
,TSUTAYA,TSUTAYA三軒茶屋,世田谷区太子堂4-1-1,長机1~2台程,屋内（風除室含む）,グラスト,"50,000","50,000",要確認,,,,,,,,,,,,
,TSUTAYA,TSUTAYA大森町駅前,大田区大森西3-20-13,長机1~2台程,屋内（風除室含む）,グラスト,"45,000","45,000",要確認,,,,,,,,,,,,
,TSUTAYA,TSUTAYA桜新町,世田谷区新町2丁目38番16号,長机1~2台程,屋内（風除室含む）,グラスト,"35,000","35,000",要確認,,,,,,,,,,,,
,TSUTAYA,TSUTAYA大森駅東口,大田区大森北1-18-8,長机1~2台程,屋内（風除室含む）,グラスト,"35,000","35,000",要確認,,,,,,,,,,,,
,TSUTAYA,TSUTAYAＪＲ中野駅前,中野区中野2丁目26番地10号,長机1~2台程,屋内（風除室含む）,グラスト,"35,000","35,000",要確認,,,,,,,,,,,,
,TSUTAYA,TSUTAYA三鷹新川,三鷹市新川3-3-36,長机1~2台程,屋内（風除室含む）,グラスト,"45,000","45,000",要確認,,,,,,,,,,,,
,TSUTAYA,TSUTAYA吉祥寺,武蔵野市吉祥寺本町1-20-3,長机1~2台程,屋内（風除室含む）,グラスト,"45,000","45,000",要確認,,,,,,,,,,,,
,TSUTAYA,TSUTAYA武蔵小金井,小金井市貫井北町2-11-3,長机1~2台程,屋内（風除室含む）,グラスト,"35,000","35,000",要確認,,,,,,,,,,,,
,TSUTAYA,TSUTAYA調布駅南口,調布市小島町2-51-3,長机1~2台程,屋内（風除室含む）,グラスト,"45,000","45,000",要確認,,,,,,,,,,,,
,TSUTAYA,TSUTAYA町田木曽,町田市木曽西1丁目17-13,長机1~2台程,屋内（風除室含む）,グラスト,"50,000","50,000",要確認,,,,,,,,,,,,
,TSUTAYA,TSUTAYA西友町田,町田市森野1-14-17,長机1~2台程,屋内（風除室含む）,グラスト,"45,000","45,000",要確認,,,,,,,,,,,,
,TSUTAYA,TSUTAYA羽村,羽村市栄町2-3-3,長机1~2台程,屋内（風除室含む）,グラスト,"55,000","55,000",要確認,,,,,,,,,,,,
,TSUTAYA,TSUTAYA福生,福生市本町36,長机1~2台程,屋内（風除室含む）,グラスト,"45,000","45,000",要確認,,,,,,,,,,,,
,WACCA池袋,WACCA池袋①　正面入り口,豊島区東池袋 1-8-1,9㎡,屋内（風除室含む）,グラスト,"58,000","58,000",要確認,,,,別途立会人件費1.5万/1ライン,,,,,,,,
,WACCA池袋,WACCA池袋②　イベント広場,豊島区東池袋 1-8-1,22㎡,屋内（風除室含む）,グラスト,"115,200","115,200",要確認,,,,別途立会人件費1.5万/1ライン,,,,,,,,
,WonderGOO,エンタバアキバ by SHINSEIDO,千代田区外神田1丁目2-7,長机1～2台分程,屋内（風除室含む）,グラスト,"50,000","50,000",要確認,,,,,,,,,,,,
,赤羽METS,赤羽METS,北区赤羽1丁目7-9 赤羽第一葉山ビル,長机1~2台分程,屋内（風除室含む）,グラスト,"72,000","72,000",要確認,,,,,,,,,,,,
,アクアシティお台場,アクアシティお台場①　3階アクアアリーナ,港区台場1-7-1,約450㎡,屋内（風除室含む）,グラスト,"370,000","610,000",要確認,,,,,,,,,,,,
,アクアシティお台場,アクアシティお台場②　1階シネマアトリウム(吹き抜け),,約200㎡,屋内（風除室含む）,グラスト,"420,000","600,000",要確認,,,,,,,,,,,,
,アクロスプラザ,アクロスプラザ八王子大船,八王子市大船町1009番,W3500㎜×D2000㎜,屋内（風除室含む）,場所とる,"25,000","35,000",要確認,,,,,,,,,,,,
,アクロスプラザ,アクロスプラザ小平①　1F催事場,小平市上水本町4丁目22番1号,2m×1.5m,屋外,場所とる,"20,000","30,000",要確認,,,,,,,,,,,,
,アクロスプラザ,アクロスプラザ小平②　2F催事場,小平市上水本町4丁目22番1号,3m×1.5m,屋外,場所とる,"20,000","30,000",要確認,,,,,,,,,,,,
,アクロスプラザ,アクロスプラザ若葉台東,稲城市若葉台１丁目５５,2.5m×1m,屋内（風除室含む）,グラスト,"30,000","35,000",要確認,,,,,,,,,,,,
,アクロスモール,アクロスモール八王子みなみ野①　1Fマツモトキヨシ前,八王子市みなみ野1-2-1,長机2台程,屋内（風除室含む）,グラスト,"35,000","40,000",要確認,,,,,,,,,,,,
,アクロスモール,アクロスモール八王子みなみ野②　1Fエレベーター前,八王子市みなみ野1-2-1,長机2台程,屋内（風除室含む）,グラスト,"25,000","30,000",要確認,,,,,,,,,,,,
,有明ガーデン,有明ガーデン①　有明ガーデン広場,江東区有明2丁目1番203,約61坪,屋内（風除室含む）,グラスト,"490,000","970,000",要確認,,,,,,,,,,,,
,有明ガーデン,有明ガーデン②　4Fキッズ有明ガーデン,江東区有明2丁目1番203,約6坪,屋内（風除室含む）,グラスト,"60,000","120,000",要確認,,,,,,,,,,,,
,アルカキット錦糸町,アルカキット錦糸町①　3階 下りエスカレーター前特設会場,墨田区錦糸2-2-1,約20㎡,屋内（風除室含む）,場所とる,"88,000","128,000",要確認,,,,"ドコモ,SB,YM,auイベント不可",,,,,,,,
,アルカキット錦糸町,アルカキット錦糸町②　1階 エントランス5前特設会場,墨田区錦糸2-2-1,	約10㎡,屋内（風除室含む）,場所とる,"108,000","158,000",要確認,,,,"ドコモ,SB,YM,auイベント不可",,,,,,,,
,アルタ,原宿アルタ①　A区画（正面口横）,渋谷区神宮前１丁目１６−４,約2.5坪,屋内（風除室含む）,グラスト,"70,000","94,000",要確認,,,,,,,,,,,,
,アルタ,原宿アルタ②　B区画（2Fエスカサイド）,渋谷区神宮前１丁目１６−４,約1.8坪,屋内（風除室含む）,グラスト,"60,000","84,000",要確認,,,,,,,,,,,,
,イーアス,イーアス高尾,八王子市東浅川町550-1,45坪程度,屋内（風除室含む）,場所とる,"100,000","300,000",要確認,,,,通信系NG,,,,,,,,
,イオンシネマ,イオンシネマ多摩センター,多摩市落合1丁目45-2 丘の上パティオ2F,2m×2m,屋内（風除室含む）,グラスト,"22,000","55,000",要確認,,,,契約行為都度確認,,,,,,,,
,イオンシネマ,イオンシネマ板橋,板橋区徳丸2丁目6-1 イオン板橋ショッピングセンター5F,2m×2m,屋内（風除室含む）,グラスト,"28,000","70,000",要確認,,,,契約行為都度確認,,,,,,,,
,イオンシネマ,イオンシネマ日の出,西多摩郡日の出町平井237番地3 イオンモール日の出3F,2m×2m,屋内（風除室含む）,グラスト,"22,000","55,000",要確認,,,,契約行為都度確認,,,,,,,,
,イオンタウン,イオンタウン稲城長沼,稲城市東長沼1212-1,約2m×1.5m,屋内（風除室含む）,ダイエースペース,"25,000","50,000",要確認,,,,,,,,,,,,
,イオンタウン, イオンタウン田無芝久保,西東京市芝久保町1-12-5,長机２台程度,屋内（風除室含む）,ダイエースペース,"25,000","35,000",要確認,,,,,,,,,,,,
,イオンモール,イオンモール東久留米①　1F イオンリカー前,東久留米市南沢5丁目17番62号,16.3坪(54㎡),屋内（風除室含む）,場所とる,"133,000","338,000",要確認,,,,"ドコモ,au,SB,YMイベント不可",,,,,,,,
,イオンモール,イオンモール東久留米②　1F チャオパニックティピー前,東久留米市南沢5丁目17番62号,5坪(17㎡),屋内（風除室含む）,場所とる,"70,500","188,000",要確認,,,,"ドコモ,au,SB,YMイベント不可",,,,,,,,
,イオンモール,イオンモール東久留米③　1F ユニオン前,東久留米市南沢5丁目17番62号,2.7坪(9.2㎡),屋内（風除室含む）,場所とる,"70,500","188,000",要確認,,,,"ドコモ,au,SB,YMイベント不可",,,,,,,,
,イオンモール,イオンモール東久留米④　1F スマプラ前,東久留米市南沢5丁目17番62号,4.3坪(14.5㎡),屋内（風除室含む）,場所とる,"70,500","188,000",要確認,,,,"ドコモ,au,SB,YMイベント不可",,,,,,,,
,イオンモール,イオンモール東久留米⑤　1F マクドナルド前,東久留米市南沢5丁目17番62号,2.7坪(9㎡),屋内（風除室含む）,グラスト,"75,000","150,000",要確認,,,,"ドコモ,au,SB,YMイベント不可",,,,,,,,
,イオンモール,イオンモール東久留米⑥　2F チェルシーニューヨーク前,東久留米市南沢5丁目17番62号,5.8坪(19㎡),屋内（風除室含む）,場所とる,"70,500","133,000",要確認,,,,"ドコモ,au,SB,YMイベント不可",,,,,,,,
,イオンモール,イオンモール東久留米⑦　2F 未来屋書店前,東久留米市南沢5丁目17番62号,4.9坪(16.3㎡),屋内（風除室含む）,場所とる,"70,500","158,000",要確認,,,,"ドコモ,au,SB,YMイベント不可",,,,,,,,
,イオンモール,イオンモール東久留米⑧　3F ピボット前,東久留米市南沢5丁目17番62号,5.3坪(17㎡),屋内（風除室含む）,場所とる,"70,500","158,000",要確認,,,,"ドコモ,au,SB,YMイベント不可",,,,,,,,
,イオンモール,イオンモール東久留米⑨　3F おかしのまちおか前,東久留米市南沢5丁目17番62号,4.7坪(16㎡),屋内（風除室含む）,場所とる,"70,500","158,000",要確認,,,,"ドコモ,au,SB,YMイベント不可",,,,,,,,
,イオンモール,イオンモール東久留米⑩　3F P.S.FA前,東久留米市南沢5丁目17番62号,4.7坪(16㎡),屋内（風除室含む）,場所とる,"70,500","158,000",要確認,,,,"ドコモ,au,SB,YMイベント不可",,,,,,,,
4.7坪(16㎡),イオンモール,イオンモール東久留米⑪　3F 築地銀だこ前,東久留米市南沢5丁目17番62号,4.7坪(16㎡),屋内（風除室含む）,場所とる,"70,500","158,000",要確認,,,,"ドコモ,au,SB,YMイベント不可",,,,,,,,
,イオンモール,イオンモールむさし村山①　店内①,東京都武蔵村山市榎1-1-3,要確認,屋内（風除室含む）,ダイエースペース,"300,000","540,000",要確認,,,,,,,,,,,,
,イオンモール,イオンモールむさし村山②　店内②,東京都武蔵村山市榎1-1-3,要確認,屋内（風除室含む）,ダイエースペース,"360,000","660,000",要確認,,,,,,,,,,,,
,イオンモール,イオンモールむさし村山③　店外①,東京都武蔵村山市榎1-1-3,要確認,屋外,ダイエースペース,"180,000","360,000",要確認,,,,,,,,,,,,
,イトーヨーカドー,イトーヨーカドー国領①　1階品川通り側入口(屋内),調布市国領町8-2-64,約2坪,屋内（風除室含む）,グラスト,"50,000","70,000",要確認,,,,保険催事不可,,,,,,,,
,イトーヨーカドー,イトーヨーカドー国領②　1階品川通り側入口(屋外),調布市国領町8-2-64,約5坪,屋外,グラスト,"40,000","60,000",要確認,,,,保険催事不可,,,,,,,,
,イトーヨーカドー,イトーヨーカドー赤羽①　1階正面入口(風除室),北区赤羽西1-7-1,約2坪,屋内（風除室含む）,グラスト,"40,000","70,000",要確認,,,,,,,,,,,,
,イトーヨーカドー,イトーヨーカドー赤羽②　6階ＥＳ前,北区赤羽西1-7-1,5坪未満,屋内（風除室含む）,グラスト,"25,000","40,000",要確認,,,,,,,,,,,,
,イトーヨーカドー,イトーヨーカドー赤羽③　1階昇りエスカレーター横,北区赤羽西1-7-1,約5坪,屋内（風除室含む）,グラスト,"40,000","70,000",要確認,,,,,,,,,,,,
,イトーヨーカドー,イトーヨーカドー綾瀬①　１階花屋側入口 屋外(屋根有り),足立区綾瀬3-4-25,約1坪,屋外,グラスト,"60,000","90,000",要確認,,,,買取・保険催事不可,,,,,,,,
,イトーヨーカドー,イトーヨーカドー綾瀬②　１階　銀行ATM側入口　屋外(屋根無し),足立区綾瀬3-4-25,約1坪,屋外,グラスト,"30,000","60,000",要確認,,,,買取・保険催事不可,,,,,,,,
,イトーヨーカドー,イトーヨーカドー綾瀬③　１階　サービスステーション　一画,足立区綾瀬3-4-25,約2坪,屋内（風除室含む）,グラスト,"40,000","70,000",要確認,,,,買取・保険催事不可,,,,,,,,
,イトーヨーカドー,イトーヨーカドー綾瀬④　４階　上りエスカレーター前,足立区綾瀬3-4-25,約3坪,屋内（風除室含む）,グラスト,"40,000","70,000",要確認,,,,買取・保険催事不可,,,,,,,,
,イトーヨーカドー,イトーヨーカドー上板橋,板橋区常盤台4-26-1,約20坪（全てが使用できるわけではありません）,屋外,グラスト,"30,000","60,000",要確認,,,,保険催事不可,,,,,,,,
,イトーヨーカドー,イトーヨーカドー多摩センター①　1階パン屋横,多摩市落合1-44,約1.5坪,屋内（風除室含む）,グラスト,"30,000","50,000",要確認,,,,買取催事不可,,,,,,,,
,イトーヨーカドー,イトーヨーカドー多摩センター②　2階エレベーター横,多摩市落合1-44,約2坪,屋内（風除室含む）,グラスト,"30,000","60,000",要確認,,,,買取催事不可,,,,,,,,
,イトーヨーカドー,イトーヨーカドー拝島,昭島市松原町3-2-12,約2坪,屋内（風除室含む）,グラスト,"40,000","60,000",要確認,,,,買取・保険催事不可,,,,,,,,
,イトーヨーカドー,イトーヨーカドー八王子①　1階エスカレーター横,八王子市狭間町1462-1,約3坪,屋内（風除室含む）,グラスト,"50,000","80,000",要確認,,,,保険催事不可,,,,,,,,
,イトーヨーカドー,イトーヨーカドー八王子②　1階食品レジ前,八王子市狭間町1462-1,5坪未満,屋内（風除室含む）,グラスト,"40,000","70,000",要確認,,,,保険催事不可,,,,,,,,
,イトーヨーカドー,イトーヨーカドー八王子③　1階正面入口,八王子市狭間町1462-1,約20坪,屋内（風除室含む）,グラスト,"40,000","70,000",要確認,,,,保険催事不可,,,,,,,,
,イトーヨーカドー,イトーヨーカドー東久留米①　１階　サービスカウンター側　エスカレーター横,東久留米市本町3-8-1,約3坪,屋内（風除室含む）,グラスト,"40,000","70,000",要確認,,,,,,,,,,,,
,イトーヨーカドー,イトーヨーカドー東久留米②　１階　食品レジ側　エスカレーター横,東久留米市本町3-8-1,約2坪,屋内（風除室含む）,グラスト,"40,000","70,000",要確認,,,,,,,,,,,,
,イトーヨーカドー,イトーヨーカドー東久留米③　１階　食品レジ前,東久留米市本町3-8-1,約3坪,屋内（風除室含む）,グラスト,"40,000","70,000",要確認,,,,,,,,,,,,
,イトーヨーカドー,イトーヨーカドー東久留米④　１階　エレベーター前　柱前,東久留米市本町3-8-1,約1坪,屋内（風除室含む）,グラスト,"30,000","60,000",要確認,,,,,,,,,,,,
,イトーヨーカドー,イトーヨーカドー東久留米⑤　３階　吹き抜け横,東久留米市本町3-8-1,約2坪,屋内（風除室含む）,グラスト,"30,000","60,000",要確認,,,,,,,,,,,,
,イトーヨーカドー,イトーヨーカドー東久留米⑥　２階　エスカレーター横,東久留米市本町3-8-1,約2坪,屋内（風除室含む）,グラスト,"30,000","60,000",要確認,,,,,,,,,,,,
,イトーヨーカドー,イトーヨーカドー東村山①　花屋側店頭入口,東村山市本町2-2-19,約3坪,屋内（風除室含む）,グラスト,"30,000","60,000",要確認,,,,買取・英会話・フィットネス・カルチャー催事不可,,,,,,,,
,イトーヨーカドー,イトーヨーカドー東村山②　1階宝くじ売り場側店頭入口,東村山市本町2-2-19,約2坪,屋内（風除室含む）,グラスト,"30,000","60,000",要確認,,,,買取・英会話・フィットネス・カルチャー催事不可,,,,,,,,
,イトーヨーカドー,イトーヨーカドー東村山③　1階レストスペース,東村山市本町2-2-19,約5坪,屋内（風除室含む）,グラスト,"20,000","40,000",要確認,,,,買取・英会話・フィットネス・カルチャー催事不可,,,,,,,,
,イトーヨーカドー,イトーヨーカドー東大和①　1階回転看板前,東大和市桜が丘2-142-1,約2坪,屋内（風除室含む）,グラスト,"40,000","70,000",要確認,,,,買取催事不可,,,,,,,,
,イトーヨーカドー,イトーヨーカドー東大和②　1階エスカレーター下,東大和市桜が丘2-142-1,約7坪,屋内（風除室含む）,グラスト,"40,000","70,000",要確認,,,,買取催事不可,,,,,,,,
,イトーヨーカドー,イトーヨーカドー四つ木①　１階　正面入口横,葛飾区四つ木2-21-1,約1坪,屋内（風除室含む）,グラスト／場所とる,"40,000","65,000",要確認,,,,買取・保険・英会話催事不可,,,,,,,,
,イトーヨーカドー,イトーヨーカドー四つ木②　１階　上りエスカレーター前,葛飾区四つ木2-21-1,長机1台程度,屋内（風除室含む）,場所とる,"35,000","55,000",要確認,,,,買取・保険・英会話催事不可,,,,,,,,
,イトーヨーカドー,イトーヨーカドー四つ木③　１階　エスカレーター横,葛飾区四つ木2-21-1,約2坪,屋内（風除室含む）,場所とる,"35,000","55,000",要確認,,,,買取・保険・英会話催事不可,,,,,,,,
,イトーヨーカドー,イトーヨーカドー四つ木④　１階　南入口側スペース,葛飾区四つ木2-21-1,長机１台程度,屋内（風除室含む）,グラスト,"30,000","60,000",要確認,,,,買取・保険・英会話催事不可,,,,,,,,
,イトーヨーカドー,イトーヨーカドー四つ木⑤　地下１階　ポッポ前,葛飾区四つ木2-21-1,約2坪,屋内（風除室含む）,場所とる,"20,000","25,000",要確認,,,,買取・保険・英会話催事不可,,,,,,,,
,イトーヨーカドー,イトーヨーカドー四つ木⑥　２階　エスカレーター横,葛飾区四つ木2-21-1,約2坪,屋内（風除室含む）,場所とる,"25,000","45,000",要確認,,,,買取・保険・英会話催事不可,,,,,,,,
,イトーヨーカドー,イトーヨーカドー四つ木⑦　２階　エレベーター前催事場,葛飾区四つ木2-21-1,約15坪,屋内（風除室含む）,グラスト,"60,000","90,000",要確認,,,,買取・保険・英会話催事不可,,,,,,,,
,イトーヨーカドー,イトーヨーカドー小岩,江戸川区西小岩1-24-1,約5坪,屋内（風除室含む）,グラスト,"30,000","50,000",要確認,,,,,,,,,,,,
,イトーヨーカドー,イトーヨーカドー大井町,品川区大井1-3-6,約3坪,屋内（風除室含む）,グラスト,"50,000","80,000",要確認,,,,保険催事不可,,,,,,,,
,イトーヨーカドー,イトーヨーカドー武蔵小金井,小金井市本町6-14-9,2m×2m,屋内（風除室含む）,グラスト,"40,000","70,000",要確認,,,,買取・保険催事不可,,,,,,,,
,イトーヨーカドー,イトーヨーカドー曳舟,墨田区京島1-2-1,長机2台分程,屋内（風除室含む）,グラスト,"40,000","70,000",要確認,,,,買取催事不可,,,,,,,,
,イトーヨーカドー,イトーヨーカドー亀有駅前,葛飾区亀有3-26-1,長机1台程度,屋内（風除室含む）,グラスト,"40,000","70,000",要確認,,,,,,,,,,,,
,イトーヨーカドー,イトーヨーカドー高砂①　2階上りエスカレーター横1,葛飾区高砂3-12-5,約8坪,屋内（風除室含む）,グラスト,"30,000","60,000",要確認,,,,買取、保険、英会話、カルチャー催事不可,,,,,,,,
,イトーヨーカドー,イトーヨーカドー高砂②　2階上りエスカレーター横2,葛飾区高砂3-12-5,約26坪,屋内（風除室含む）,グラスト,"30,000","60,000",要確認,,,,買取、保険、英会話、カルチャー催事不可,,,,,,,,
,イトーヨーカドー,イトーヨーカドー高砂③　1階上りエスカレーター前,葛飾区高砂3-12-5,長机1台程,屋内（風除室含む）,グラスト,"40,000","70,000",要確認,,,,買取、保険、英会話、カルチャー催事不可,,,,,,,,
,イトーヨーカドー,イトーヨーカドー高砂④　1階駅側入口,葛飾区高砂3-12-5,約1坪,屋内（風除室含む）,グラスト,"70,000","120,000",要確認,,,,買取、保険、英会話、カルチャー催事不可,,,,,,,,
,イトーヨーカドー,イトーヨーカドー高砂⑤　1階駅側入口店頭外,葛飾区高砂3-12-5,約2坪,屋外,グラスト,"30,000","60,000",要確認,,,,買取、保険、英会話、カルチャー催事不可,,,,,,,,
,イトーヨーカドー,イトーヨーカドー大森,大田区大森北2丁目13-1,長机2~3台程,屋内（風除室含む）,グラスト,"40,000","70,000",要確認,,,,,,,,,,,,
,いなげや,いなげやina21五日市,あきる野市五日市844,長机1~2台分程,屋内（風除室含む）,グラスト,"38,000","38,000",要確認,,,,,,,,,,,,
,いなげや,いなげやあきる野新草花,あきる野市草花1572-2,長机2台分程,屋内（風除室含む）,場所とる,"23,000","23,000",要確認,,,,,,,,,,,,
,いなげや,いなげやina21羽村富士見平,羽村市富士見平1-15-10,長机1~2台分程,屋内（風除室含む）,場所とる,"23,000","23,000",要確認,,,,,,,,,,,,
,いなげや,いなげや金町,葛飾区新宿6-2-8,長机1~2台分程,屋内（風除室含む）,場所とる,"23,000","23,000",要確認,,,,,,,,,,,,
,いなげや,いなげやお花茶屋①　風除室,葛飾区白鳥1-6-1,長机1~2台分程,屋内（風除室含む）,場所とる,"23,000","23,000",要確認,,,,,,,,,,,,
,いなげや,いなげやお花茶屋②　店頭軒下スペース,葛飾区白鳥1-6-1,長机1~2台分程,屋外,グラスト,"28,000","28,000",要確認,,,,,,,,,,,,
,いなげや,いなげや荒川東日暮里,荒川区東日暮里5-7-6,長机1~2台分程,屋内（風除室含む）,グラスト,"28,000","28,000",要確認,,,,,,,,,,,,
,いなげや,いなげや荒川西日暮里　店頭軒下,荒川区西日暮里2-6-13,要確認,屋外,場所とる,"23,000","23,000",要確認,,,,,,,,,,,,
,いなげや,いなげや三鷹牟礼,三鷹市牟礼6-2-20,長机1~2台分程,屋内（風除室含む）,場所とる,"23,000","23,000",要確認,,,,,,,,,,,,
,いなげや,いなげや小金井本町,小金井市本町3-1-1,長机1~2台分程,屋外,場所とる,"23,000","23,000",要確認,,,,,,,,,,,,
,いなげや,いなげや花小金井駅前,小平市花小金井1-8-3,長机1~2台分程,屋内（風除室含む）,グラスト,"23,000","23,000",要確認,,,,,,,,,,,,
,いなげや,いなげや小平学園西町,小平市学園西町3-30-18,長机1~2台分程,屋内（風除室含む）,場所とる,"23,000","23,000",要確認,,,,,,,,,,,,
,いなげや,いなげや小平小川橋①　風除室,小平市小川町1-432-1,長机1~2台分程,屋内（風除室含む）,グラスト,"38,000","38,000",要確認,,,,,,,,,,,,
,いなげや,いなげや小平小川橋②　店頭軒下スペース,小平市小川町1-432-1,長机1~2台分程,屋外,グラスト,"28,000","28,000",要確認,,,,,,,,,,,,
,いなげや,いなげやina21小平天神,小平市天神町2-1-1,長机1~2台分程,屋内（風除室含む）,グラスト,"38,000","38,000",要確認,,,,,,,,,,,,
,いなげや,いなげや新宿小滝橋,新宿区北新宿4-8-16,長机1~2台分程,屋内（風除室含む）,グラスト,"28,000","28,000",要確認,,,,,,,,,,,,
,いなげや,いなげや保谷町①　店内レジアウト付近,西東京市保谷町5-8-8,長机1台分程,屋内（風除室含む）,場所とる,"23,000","23,000",要確認,,,,,,,,,,,,
,いなげや,いなげや保谷町②　風除室,西東京市保谷町5-8-8,長机2台分程,屋内（風除室含む）,場所とる,"23,000","23,000",要確認,,,,,,,,,,,,
,いなげや,いなげや青梅師岡,青梅市師岡町3-18,長机1~2台分程,屋外,場所とる,"23,000","23,000",要確認,,,,2日以上の連続開催必須,,,,,,,,
,いなげや,いなげや入谷,台東区入谷1-22-10,長机1~2台分程,屋外,グラスト,"28,000","28,000",要確認,,,,,,,,,,,,
,いなげや,いなげやina21町田成瀬台,町田市成瀬台2-3-1,長机1~2台分程,屋内（風除室含む）,場所とる,"23,000","23,000",要確認,,,,,,,,,,,,
,いなげや,いなげやina21町田相原駅前,町田市相原町1232,長机1~2台分程,屋内（風除室含む）,グラスト,"28,000","28,000",要確認,,,,,,,,,,,,
,いなげや,いなげや調布仙川,調布市仙川町3-4-1,長机1~2台分程,屋内（風除室含む）,グラスト,"38,000","38,000",要確認,,,,,,,,,,,,
,いなげや,いなげやina21調布染地,調布市染地2-8-3,長机1~2台分程,屋内（風除室含む）,場所とる,"23,000","23,000",要確認,,,,,,,,,,,,
,いなげや,いなげや東村山秋津,東村山市秋津町1-3-1,長机1~2台分程,屋外,場所とる,"23,000","23,000",要確認,,,,,,,,,,,,
,いなげや,いなげや日野栄町,日野市栄町1-31-5,長机1~2台分程,屋外,場所とる,"23,000","23,000",要確認,,,,,,,,,,,,
,いなげや,いなげや日野万願寺駅前①　店内レジアウト,日野市万願寺2-24-7,長机1~2台分程,屋内（風除室含む）,場所とる,"23,000","23,000",要確認,,,,ギフトシーズンは使用不可,,,,,,,,
,いなげや,いなげや日野万願寺駅前②　風除室,日野市万願寺2-24-7,長机1~2台分程,屋内（風除室含む）,場所とる,"23,000","23,000",要確認,,,,ギフトシーズンは使用不可,,,,,,,,
,いなげや,いなげや日野万願寺駅前③　店頭軒下スペース,日野市万願寺2-24-7,長机1~2台分程,屋外,場所とる,"23,000","23,000",要確認,,,,ギフトシーズンは使用不可,,,,,,,,
,いなげや,いなげや日野万願寺駅前④　2階こども教室前,日野市万願寺2-24-7,長机1~2台分程,屋内（風除室含む）,グラスト,"28,000","28,000",要確認,,,,ギフトシーズンは使用不可,,,,,,,,
,いなげや,いなげや板橋小豆沢,板橋区小豆沢4-2-1,長机1~2台分程,屋内（風除室含む）,グラスト,"28,000","28,000",要確認,,,,,,,,,,,,
,いなげや,いなげやむさし村山,武蔵村山市学園3-29-1,長机1~2台分程,屋外,場所とる,"23,000","23,000",要確認,,,,,,,,,,,,
,いなげや,いなげや武蔵野関前,武蔵野市関前1-9-7,長机1~2台分程,屋内（風除室含む）,グラスト,"38,000","38,000",要確認,,,,,,,,,,,,
,いなげや,いなげや武蔵野桜堤,武蔵野市境5-6-23,長机1~2台分程,屋外,場所とる,"23,000","23,000",要確認,,,,,,,,,,,,
,いなげや,いなげや福生銀座,福生市本町54,長机1~2台分程,屋外,場所とる,"23,000","23,000",要確認,,,,,,,,,,,,
,いなげや,いなげや立川栄町①　屋外,立川市栄町3-7-1,長机1~2台分程,屋外,グラスト,"28,000","28,000",要確認,,,,,,,,,,,,
,いなげや,いなげや立川栄町②　屋内,立川市栄町3-7-1,長机1~2台分程,屋内（風除室含む）,グラスト,"28,000","28,000",要確認,,,,,,,,,,,,
,いなげや,いなげや立川南口,立川市柴崎町2-12-24,長机1台分程,屋外,グラスト,"28,000","28,000",要確認,,,,,,,,,,,,
,いなげや,いなげや練馬上石神井南,練馬区関町南1-9-36,長机2台分程,屋外,グラスト,"28,000","28,000",要確認,,,,,,,,,,,,
,いなげや,いなげや練馬南大泉,練馬区南大泉1-6-15,長机1~2台分程,,グラスト,"28,000","28,000",要確認,,,,,,,,,,,,
,いなげや,いなげや練馬西大泉①　１F風除室,練馬区西大泉2丁目19-1,要確認,屋内（風除室含む）,場所とる,"23,000","23,000",要確認,,,,平日のみ開催可能,,,,,,,,
,いなげや,いなげや練馬西大泉②　店頭軒下,練馬区西大泉2丁目19-1,5㎡程度,屋外,場所とる,"23,000","23,000",要確認,,,,,,,,,,,,
,いなげや,いなげや保谷駅南①　2階西松屋前,練馬区南大泉3-13-32,長机1~2台分程,屋内（風除室含む）,場所とる,"23,000","23,000",要確認,,,,,,,,,,,,
,いなげや,いなげや保谷駅南②　店頭軒下スペース,練馬区南大泉3-13-32,長机1~2台分程,屋外,場所とる,"23,000","23,000",要確認,,,,,,,,,,,,
,いなげや,いなげや国分寺東恋ヶ窪,国分寺市東恋ヶ窪2-33-15,要確認,屋内（風除室含む）,場所とる,"23,000","23,000",要確認,,,,,,,,,,,,
,ウィラ大井,ウィラ大井①　1F 共用部ホール：エントランス側,品川区勝島一丁目6番16号,約2.5坪,屋内（風除室含む）,グラスト,"40,000","45,000",要確認,,,,,,,,,,,,
,ウィラ大井,ウィラ大井②　1F 共用部ホール：エスカ側,品川区勝島一丁目6番16号,約5.8坪,屋内（風除室含む）,グラスト,"30,000","35,000",要確認,,,,,,,,,,,,
,ウィラ大井,ウィラ大井③　3F 共用部ホール：くつろぎスペース,品川区勝島一丁目6番16号,約5.1坪,屋内（風除室含む）,グラスト,"30,000","35,000",要確認,,,,,,,,,,,,
,ウィングキッチン,ウィングキッチン京急蒲田①　1階食料品ゾーン入口前,大田区蒲田４丁目50番11号,３坪程度,屋内（風除室含む）,グラスト,"40,000","45,000",要確認,,,,,,,,,,,,
,ウィングキッチン,ウィングキッチン京急蒲田②　３階レストランフロア有休スペース,大田区蒲田４丁目50番11号,２～３坪程度,屋内（風除室含む）,グラスト,"40,000","45,000",要確認,,,,,,,,,,,,
,ウィングキッチン,ウィングキッチン京急蒲田③　２階【タリーズコーヒー】前通路,大田区蒲田４丁目50番11号,２坪程度,屋内（風除室含む）,グラスト,"40,000","45,000",要確認,,,,,,,,,,,,
,ウォーターズ竹芝,ウォーターズ竹芝①　A区画,港区海岸1-10-30,950㎡,屋内（風除室含む）,グラスト,"550,000","550,000",要確認,,,,,,,,,,,,
,ウォーターズ竹芝,ウォーターズ竹芝②　B区画,港区海岸1-10-30,350㎡,屋内（風除室含む）,グラスト,"420,000","420,000",要確認,,,,,,,,,,,,
,エンジェルファイブ,エンジェルファイブ,品川区小山3-25-3,長机1～2台分程,屋内（風除室含む）,グラスト,"30,000","30,000",要確認,,,,,,,,,,,,
,オーケー,オーケーサガン,大田区仲六郷2-43-2,1坪,屋内（風除室含む）,場所とる,"23,000","23,000",要確認,,,,,,,,,,,,
,オーケー,オーケー西府①　１階正面入り口付近,府中市本宿町1-45-6,1坪,屋内（風除室含む）,場所とる,"23,000","23,000",要確認,,,,平日のみ開催可能,,,,,,,,
,オーケー,オーケー西府②　２階エレベータ前,府中市本宿町1-45-6,1坪,屋内（風除室含む）,場所とる,"23,000","23,000",要確認,,,,,,,,,,,,
,オーケー,オーケー多摩大塚,八王子市大塚629-1,1坪,屋内（風除室含む）,場所とる,"23,000","23,000",要確認,,,,,,,,,,,,
,オーケー,オーケー仲六郷,大田区仲六郷3-8-9,1坪,屋内（風除室含む）,場所とる,"23,000","23,000",要確認,,,,,,,,,,,,
,オーケー,オーケー立川富士見町,立川市富士見町6-50-28,1坪,屋内（風除室含む）,場所とる,"23,000","23,000",要確認,,,,,,,,,,,,
,オーケー,オーケー南六郷,大田区南六郷2-33-3,1坪,屋内（風除室含む）,場所とる,"23,000","23,000",要確認,,,,,,,,,,,,
,オーケー,オーケー亀戸①　１階空きスペース,江東区亀戸9-4-5,1坪,屋内（風除室含む）,場所とる,"23,000","23,000",要確認,,,,,,,,,,,,
,オーケー,オーケー亀戸②　店頭横（屋根有り）,江東区亀戸9-4-5,1坪,屋外,場所とる,"23,000","23,000",要確認,,,,,,,,,,,,
,オーケー,オーケー南大沢,八王子市上柚木3-13-1,1坪,屋外,場所とる,"23,000","23,000",要確認,,,,,,,,,,,,
,オーケー,オーケー町田小川①　１階奥,町田市小川6-13-19,1坪,屋内（風除室含む）,グラスト,"28,000","28,000",要確認,,,,,,,,,,,,
,オーケー,オーケー町田小川②　２階駐車場風除室,町田市小川6-13-19,1坪,屋内（風除室含む）,場所とる,"23,000","23,000",要確認,,,,,,,,,,,,
,オーケー,オーケー町田森野,町田市森野3-15-15,1坪,屋内（風除室含む）,場所とる,"23,000","23,000",要確認,,,,,,,,,,,,
,オーケー,オーケー北八王子,八王子市高倉町7-1,1坪,屋内（風除室含む）,場所とる,"23,000","23,000",要確認,,,,,,,,,,,,
,オーケー,オーケー北赤羽,北区浮間5-3-27,1坪,屋内（風除室含む）,場所とる,"23,000","23,000",要確認,,,,,,,,,,,,
,オーケー,オーケー三鷹上連雀,三鷹市上連雀8-2-30,1坪,屋内（風除室含む）,場所とる,"23,000","23,000",要確認,,,,,,,,,,,,
,オーケー,オーケー小金井,小金井市本町1-13-33,1坪,屋内（風除室含む）,場所とる,"23,000","23,000",要確認,,,,,,,,,,,,
,オーケー,オーケー小茂根,板橋区小茂根1-32-21,1坪,屋内（風除室含む）,場所とる,"23,000","23,000",要確認,,,,,,,,,,,,
,オーケー,オーケー仲池上,大田区仲池上2-20-4,1坪,屋外,場所とる,"23,000","23,000",要確認,,,,平日のみ開催可能,,,,,,,,
,オーケー,オーケー杉並宮前①　１階風除室,杉並区宮前4-26-5,1坪,屋内（風除室含む）,場所とる,"23,000","23,000",要確認,,,,,,,,,,,,
,オーケー,オーケー杉並宮前②　店頭,杉並区宮前4-26-5,1坪,屋外,グラスト,"28,000","28,000",要確認,,,,,,,,,,,,
,オーケー,オーケー梶野町,小金井市梶野町3-3-14,1坪,屋内（風除室含む）,場所とる,"23,000","23,000",要確認,,,,平日のみ開催可能,,,,,,,,
,オーケー,オーケー大谷口,板橋区大谷口北町37-7,1坪,屋外,場所とる,"23,000","23,000",要確認,,,,,,,,,,,,
,オーケー,オーケー十条,北区十条仲原3-14-5,1坪,屋内（風除室含む）,場所とる,"23,000","23,000",要確認,,,,,,,,,,,,
,オーケー,オーケー狛江中和泉,狛江市中和泉2-15-1,1坪,屋外,場所とる,"23,000","23,000",要確認,,,,,,,,,,,,
,オーケー,オーケー四つ木,葛飾区四つ木3-19-1,1坪,屋内（風除室含む）,場所とる,"23,000","23,000",要確認,,,,,,,,,,,,
,オーケー,オーケー橋場,台東区橋場1-1-15,1坪,屋内（風除室含む）,場所とる,"23,000","23,000",要確認,,,,,,,,,,,,
,オーケー,オーケー田園調布,大田区田園調布本町52-1,1坪,屋内（風除室含む）,場所とる,"23,000","23,000",要確認,,,,,,,,,,,,
,オーケー,オーケー梅屋敷,大田区大森西6-5-6,1坪,屋外,場所とる,"23,000","23,000",要確認,,,,,,,,,,,,
,オーケー,オーケー西葛西,江戸川区西葛西6-1-10,1坪,屋外,場所とる,"23,000","23,000",要確認,,,,,,,,,,,,
,オーケー,オーケー土支田,練馬区土支田2-19-5,1坪,屋内（風除室含む）,グラスト,"28,000","28,000",要確認,,,,,,,,,,,,
,オーケー,オーケー下井草,杉並区下井草5-3-9,1坪,屋内（風除室含む）,場所とる,"23,000","23,000",要確認,,,,,,,,,,,,
,オーケー,オーケー調布,調布市小島町1-6-1,1坪,屋外,場所とる,"23,000","23,000",要確認,,,,,,,,,,,,
,オーケー,オーケー板橋大原,板橋区大原町44-2,1坪,屋内（風除室含む）,場所とる,"23,000","23,000",要確認,,,,,,,,,,,,
,オーケー,オーケー成城,世田谷区成城3-18-3,1坪,屋外,場所とる,"23,000","23,000",要確認,,,,平日のみ開催可能,,,,,,,,
,オーケー,オーケー矢口,大田区矢口2-12-23,1坪,屋内（風除室含む）,場所とる,"23,000","23,000",要確認,,,,,,,,,,,,
,オーケー,オーケー高田馬場,豊島区高田3-29-1,1坪,屋外,グラスト,"28,000","28,000",要確認,,,,,,,,,,,,
,オーケー,オーケー青物横丁,品川区南品川3-4-1,1坪,屋内（風除室含む）,グラスト,"38,000","38,000",要確認,,,,都度確認,,,,,,,,
,オーケー,オーケー上板橋,板橋区桜川3-25-4,1坪,屋内（風除室含む）,場所とる,"23,000","23,000",要確認,,,,,,,,,,,,
,オーケー,オーケー国分寺,国分寺市本多2-3-1,要確認,屋外,場所とる,"23,000","23,000",要確認,,,,,,,,,,,,
,オーケー,オーケー新用賀,世田谷区用賀4-21-1,要確認,屋内（風除室含む）,場所とる,"23,000","23,000",要確認,,,,平日のみ開催可能,,,,,,,,
,オーケー,オーケー西新井,足立区西新井1-39-8,要確認,屋内（風除室含む）,場所とる,"23,000","23,000",要確認,,,,平日のみ開催可能,,,,,,,,
,オーケー,オーケー豊玉南,練馬区豊玉南1丁目1-14,1台程度,屋外,場所とる,"23,000","23,000",要確認,,,,,,,,,,,,
,オーケー,オーケー田無芝久保,西東京市芝久保町2-9-32,1台程度,屋内（風除室含む）,場所とる,"23,000","23,000",要確認,,,,,,,,,,,,
,オーケー,オーケー東伏見,西東京市東伏見5-1-26,1台程度,屋内（風除室含む）,場所とる,"23,000","23,000",要確認,,,,,,,,,,,,
,オーケー,オーケー東雲,江東区東雲2-5-40,1台程度,屋内（風除室含む）,場所とる,"23,000","23,000",要確認,,,,,,,,,,,,
,オーケー,オーケー下石神井,練馬区下石神井4-30-12,1台程度,屋内（風除室含む）,場所とる,"23,000","23,000",要確認,,,,,,,,,,,,
,オーケー,オーケー大泉インター,練馬区大泉町2-1-1,1台程度,屋内（風除室含む）,場所とる,"23,000","23,000",要確認,,,,,,,,,,,,
,オーパ,八王子オーパ①　2FDoCLASSE前,八王子市旭町 1-12,6m×1m,屋内（風除室含む）,グラスト,"50,000","50,000",要確認,,,,,,,,,,,,
,オーパ,八王子オーパ②　2Fエスカレーター横,八王子市旭町 1-12,７m×60cm,屋内（風除室含む）,グラスト,"40,000","40,000",要確認,,,,,,,,,,,,
,オクトーレ,八王子オクトーレ①　1Fエスカレーター前(マルメロヴィアジェン側),八王子市旭町9番1号,2坪程度,屋内（風除室含む）,グラスト,"40,000","40,000",要確認,,,,,,,,,,,,
,オクトーレ,八王子オクトーレ②　2Fエスカレーター前,八王子市旭町9番1号,3～4坪程度,屋内（風除室含む）,グラスト,"30,000","30,000",要確認,,,,,,,,,,,,
,オリナス,オリナス錦糸町①　コアB1F エスカレーター横,墨田区太平4-1-2,2m×3m,屋内（風除室含む）,グラスト,"60,000","84,000",要確認,,,,,,,,,,,,
,オリナス,オリナス錦糸町②　コアB1F C007区画内,墨田区太平4-1-2,3m×3m,屋内（風除室含む）,グラスト,"60,000","84,000",要確認,,,,,,,,,,,,
,オリナス,オリナス錦糸町③　正面広場,墨田区太平4-1-2,10×40m,屋内（風除室含む）,グラスト,"180,000","360,000",要確認,,,,,,,,,,,,
,オリナス,オリナス錦糸町④　エントリーコート,墨田区太平4-1-2,6×6ｍ,屋内（風除室含む）,グラスト,"120,000","240,000",要確認,,,,,,,,,,,,
,オリナス,オリナス錦糸町⑤　インフォメーション前 南側,墨田区太平4-1-2,3×4ｍ,屋内（風除室含む）,グラスト,"72,000","120,000",要確認,,,,,,,,,,,,
,オリナス,オリナス錦糸町⑥　インフォメーション前 北側,墨田区太平4-1-2,3×3m,屋内（風除室含む）,グラスト,"72,000","96,000",要確認,,,,,,,,,,,,
,オリナス,オリナス錦糸町⑦　アベニュー側エスカレーター前,墨田区太平4-1-2,3×5m,屋内（風除室含む）,グラスト,"60,000","96,000",要確認,,,,,,,,,,,,
,オリナス,オリナス錦糸町⑧　アベニュー側エスカレーター横,墨田区太平4-1-2,1×3m,屋内（風除室含む）,グラスト,"50,000","72,000",要確認,,,,,,,,,,,,
,オリナス,オリナス錦糸町⑨　アベニュー広場,墨田区太平4-1-2,7×10ｍ,屋内（風除室含む）,場所とる,"58,000","108,000",要確認,,,,,,,,,,,,
,オリナス,オリナス錦糸町⑩　共用部通路,墨田区太平4-1-2,3×5m,屋内（風除室含む）,グラスト,"72,000","96,000",要確認,,,,,,,,,,,,
,オリナス,オリナス錦糸町⑪　2Fエスカレーター前or3Fエスカレーター前,墨田区太平4-1-2,2×4m,屋内（風除室含む）,場所とる,"48,000","68,000",要確認,,,,,,,,,,,,
,オリナス,オリナス錦糸町⑫　2F連絡通路or3F連絡通路,墨田区太平4-1-2,1×3m,屋内（風除室含む）,グラスト,"40,000","60,000",要確認,,,,,,,,,,,,
,オリナス,オリナス錦糸町⑬　モール4F ドクターランド前ブリッジ,墨田区太平4-1-2,2×4m,屋内（風除室含む）,グラスト,"30,000","50,000",要確認,,,,,,,,,,,,
,オリナス,オリナス錦糸町⑭　モール4F エレベーター前,墨田区太平4-1-2,0.5×0.5m,屋内（風除室含む）,グラスト,"30,000","50,000",要確認,,,,,,,,,,,,
,オリンピック,オリンピックおりーぶ志村坂下,板橋区東坂下2-12-8,2m×1.5m～,屋内（風除室含む）,場所とる,"18,000","23,000",要確認,,,,,,,,,,,,
,オリンピック,オリンピック田無,西東京市田無町5-7-10,2m×1.5m～,屋内（風除室含む）,グラスト,"32,000","37,000",要確認,,,,,,,,,,,,
,オリンピック,オリンピック小金井,小金井市貫井北町4-3-1,長机1～2台程,屋内（風除室含む）,場所とる,"18,000","23,000",要確認,,,,,,,,,,,,
,オリンピック,オリンピック西尾久,荒川区西尾久4-9-11,長机1～2台程,屋内（風除室含む）,グラスト,"22,000","27,000",要確認,,,,,,,,,,,,
,オリンピック,オリンピック長原,大田区南千束1-3-1,長机1～2台程,屋内（風除室含む）,グラスト,"22,000","27,000",要確認,,,,,,,,,,,,
,オリンピック,オリンピック白山,文京区西片1-17-11,長机1～2台程,屋内（風除室含む）,グラスト,"22,000","27,000",要確認,,,,,,,,,,,,
,オリンピック,オリンピック国立,国立市北3-39-1,長机1～2台程,屋内（風除室含む）,グラスト,"22,000","27,000",要確認,,,,,,,,,,,,
,オリンピック,オリンピック高井戸,杉並区高井戸東3-21-17,長机1～2台程,屋内（風除室含む）,場所とる,"18,000","23,000",要確認,,,,,,,,,,,,
,オリンピック,オリンピック三ノ輪,荒川区東日暮里1-14-1,長机1～2台程,屋内（風除室含む）,場所とる,"18,000","23,000",要確認,,,,,,,,,,,,
,オリンピック,オリンピック本羽田,大田区本羽田1-23-25,長机1～2台程,屋内（風除室含む）,グラスト,"22,000","27,000",要確認,,,,,,,,,,,,
,オリンピック,オリンピック志村坂下,板橋区東坂下2-12-8,長机1～2台程,屋内（風除室含む）,グラスト,"22,000","27,000",要確認,,,,,,,,,,,,
,オリンピック,オリンピック下丸子,大田区下丸子4-21-4,長机1～2台程,屋内（風除室含む）,場所とる,"18,000","23,000",要確認,,,,,,,,,,,,
,オリンピック,オリンピック梅島,足立区梅島6-9-15,長机1～2台程,屋内（風除室含む）,場所とる,"18,000","23,000",要確認,,,,,,,,,,,,
,オリンピック,オリンピックひばりヶ丘,西東京市ひばりが丘北４丁目５−２,長机1～2台分程,屋内（風除室含む）,グラスト,"32,000","37,000",要確認,,,,,,,,,,,,
,オリンピック,オリンピック瑞穂①　店頭,西多摩郡瑞穂町箱根ケ崎１３４７,長机1～2台分,屋外,グラスト,"22,000","27,000",要確認,,,,,,,,,,,,
,オリンピック,オリンピック瑞穂②　風除室,西多摩郡瑞穂町箱根ケ崎１３４７,長机1～3台分,屋内（風除室含む）,場所とる,"18,000","23,000",要確認,,,,,,,,,,,,
,オリンピック,オリンピック淡路町,千代田区神田淡路町２丁目,長机1～2台分程,屋内（風除室含む）,場所とる,"18,000","23,000",要確認,,,,,,,,,,,,
,オリンピック,オリンピック村山,東大和市上北台２丁目９１６−８,長机1～2台分,屋外,グラスト,"22,000","27,000",要確認,,,,,,,,,,,,
,オリンピック,オリンピック立石①　1Fエレベーター前,東京都葛飾区立石7-10-7,要確認,屋内（風除室含む）,場所とる,"18,000","23,000",要確認,,,,,,,,,,,,
,オリンピック,オリンピック立石②　1F入口横,東京都葛飾区立石7-10-7,要確認,屋内（風除室含む）,場所とる,"18,000","23,000",要確認,,,,,,,,,,,,
,オリンピック,オリンピック環八蒲田,大田区蒲田4-42-8,要確認,屋内（風除室含む）,場所とる,"18,000","23,000",要確認,,,,,,,,,,,,
,オリンピック,オリンピック小竹向原,板橋区小茂根1-32-9,長机1台程度,屋内（風除室含む）,場所とる,"18,000","23,000",要確認,,,,,,,,,,,,
,コナミスポーツクラブ,コナミスポーツクラブ成増,板橋区成増3-30-19,要確認,屋内（風除室含む）,場所とる,"25,750","25,750",要確認,,,,26.4.1から左記金額運用,,,,,,,,
,コナミスポーツクラブ,コナミスポーツクラブ飯田橋,新宿区揚場町2-1,要確認,屋内（風除室含む）,場所とる,"25,750","25,750",要確認,,,,26.4.1から左記金額運用,,,,,,,,
,コナミスポーツクラブ,コナミスポーツクラブ目黒青葉台,目黒区青葉台2-19-10,要確認,屋内（風除室含む）,場所とる,"25,750","25,750",要確認,,,,26.4.1から左記金額運用,,,,,,,,
,コナミスポーツクラブ,コナミスポーツクラブ池袋,豊島区東池袋3-1-4,要確認,屋内（風除室含む）,場所とる,"25,750","25,750",要確認,,,,26.4.1から左記金額運用,,,,,,,,
,コナミスポーツクラブ,コナミスポーツクラブ本店,品川区東品川4-10-1,要確認,屋内（風除室含む）,場所とる,"25,750","25,750",要確認,,,,26.4.1から左記金額運用,,,,,,,,
,コナミスポーツクラブ,コナミスポーツクラブ目黒青葉台,目黒区下目黒1-8-1,要確認,屋内（風除室含む）,場所とる,"25,750","25,750",要確認,,,,26.4.1から左記金額運用,,,,,,,,
,コナミスポーツクラブ,コナミスポーツクラブ恵比寿,渋谷区広尾1-1-40,要確認,屋内（風除室含む）,場所とる,"25,750","25,750",要確認,,,,26.4.1から左記金額運用,,,,,,,,
,コナミスポーツクラブ,コナミスポーツクラブ自由が丘駅前,目黒区自由が丘2-12-17,要確認,屋内（風除室含む）,場所とる,"25,750","25,750",要確認,,,,26.4.1から左記金額運用,,,,,,,,
,コナミスポーツクラブ,コナミスポーツクラブ碑文谷,目黒区碑文谷2-1-24,要確認,屋内（風除室含む）,場所とる,"25,750","25,750",要確認,,,,26.4.1から左記金額運用,,,,,,,,
,コナミスポーツクラブ,コナミスポーツクラブ渋谷,渋谷区神泉町18-11,要確認,屋内（風除室含む）,場所とる,"25,750","25,750",要確認,,,,26.4.1から左記金額運用,,,,,,,,
,コナミスポーツクラブ,コナミスポーツクラブ武蔵野,武蔵野市中町1-11-4,要確認,屋内（風除室含む）,場所とる,"25,750","25,750",要確認,,,,26.4.1から左記金額運用,,,,,,,,
,コナミスポーツクラブ,コナミスポーツクラブ稲城,稲城市東長沼3107-4,要確認,屋内（風除室含む）,場所とる,"25,750","25,750",要確認,,,,26.4.1から左記金額運用,,,,,,,,
,コナミスポーツクラブ,コナミスポーツクラブ府中コナミスポーツクラブ荻窪南口,府中市宮西町1-27-1,要確認,屋内（風除室含む）,場所とる,"25,750","25,750",要確認,,,,26.4.1から左記金額運用,,,,,,,,
,コナミスポーツクラブ,コナミスポーツクラブ荻窪南口,杉並区荻窪5-30-17,要確認,屋内（風除室含む）,場所とる,"25,750","25,750",要確認,,,,26.4.1から左記金額運用,,,,,,,,
,コナミスポーツクラブ,コナミスポーツクラブ武蔵境,武蔵野市境南町2-1-6,要確認,屋内（風除室含む）,場所とる,"25,750","25,750",要確認,,,,26.4.1から左記金額運用,,,,,,,,
,コナミスポーツクラブ,コナミスポーツクラブ蒲田,大田区蒲田5-47-7,要確認,屋内（風除室含む）,場所とる,"25,750","25,750",要確認,,,,26.4.1から左記金額運用,,,,,,,,
,コナミスポーツクラブ,コナミスポーツクラブ大森町,大田区大森西3-31-8,要確認,屋内（風除室含む）,場所とる,"25,750","25,750",要確認,,,,26.4.1から左記金額運用,,,,,,,,
,コナミスポーツクラブ,コナミスポーツクラブ東大島,江東区大島7-38-30,要確認,屋内（風除室含む）,場所とる,"25,750","25,750",要確認,,,,26.4.1から左記金額運用,,,,,,,,
,コナミスポーツクラブ,"コナミスポーツクラブ西新井",足立区梅島3-32-7,要確認,屋内（風除室含む）,場所とる,"25,750","25,750",要確認,,,,26.4.1から左記金額運用,,,,,,,,
,コナミスポーツクラブ,コナミスポーツジュニアスクール西葛西,江戸川区西葛西6-13-7,要確認,屋内（風除室含む）,場所とる,"25,750","25,750",要確認,,,,26.4.1から左記金額運用,,,,,,,,
,コナミスポーツクラブ,コナミスポーツテニススクール西葛西,江戸川区西葛西6-13-3,要確認,屋内（風除室含む）,場所とる,"25,750","25,750",要確認,,,,26.4.1から左記金額運用,,,,,,,,
,コナミスポーツクラブ,コナミスポーツクラブ五反田,品川区東五反田1-22-1,要確認,屋内（風除室含む）,場所とる,"25,750","25,750",要確認,,,,26.4.1から左記金額運用,,,,,,,,
,コナミスポーツクラブ,コナミスポーツクラブ中野富士見町,中野区弥生町2-53-6,要確認,屋内（風除室含む）,場所とる,"25,750","25,750",要確認,,,,26.4.1から左記金額運用,,,,,,,,
,コナミスポーツクラブ,グランサイズ恵比寿ガーデン,目黒区三田1-13-2,要確認,屋内（風除室含む）,場所とる,"25,750","25,750",要確認,,,,26.4.1から左記金額運用,,,,,,,,
,コナミスポーツクラブ,コナミスポーツクラブ一橋学園,小平市上水本町4-16-12,要確認,屋内（風除室含む）,場所とる,"25,750","25,750",要確認,,,,26.4.1から左記金額運用,,,,,,,,
,コナミスポーツクラブ,コナミスポーツクラブ二子玉川,世田谷区玉川2-27-10,要確認,屋内（風除室含む）,場所とる,"25,750","25,750",要確認,,,,26.4.1から左記金額運用,,,,,,,,
,カメイドクロック,カメイドクロック①　カメクロコート(屋内吹き抜けホール) ,江東区亀戸6丁目31-6,約116㎡,屋内（風除室含む）,グラスト,"250,000","370,000",要確認,,,,実施会社の所在地が江東区の場合は割引あり,,,,,,,,
,カメイドクロック,カメイドクロック②　カメクロステージ(屋外南側広場),江東区亀戸6丁目31-6,"約1,050㎡",屋外,グラスト,"240,000","360,000",要確認,,,,実施会社の所在地が江東区の場合は割引あり,,,,,,,,
,カメイドクロック,カメイドクロック③　１階南側エスカレータ横),江東区亀戸6丁目31-6,約8.7㎡,屋内（風除室含む）,グラスト,"60,000","120,000",要確認,,,,実施会社の所在地が江東区の場合は割引あり,,,,,,,,
,カメイドクロック,カメイドクロック④　地下1階イートイン➀,江東区亀戸6丁目31-6,約8.2㎡,屋内（風除室含む）,グラスト,"60,000","120,000",要確認,,,,実施会社の所在地が江東区の場合は割引あり,,,,,,,,
,カメイドクロック,カメイドクロック⑤　地下1階イートイン②,江東区亀戸6丁目31-6,,,,"60,000","120,000",要確認,,,,実施会社の所在地が江東区の場合は割引あり,,,,,,,,
,クイーンズ伊勢丹,クイーンズ伊勢丹石神井公園,練馬区石神井町2-14-1 ピアレス石神井公園,長机1台分,屋内（風除室含む）,グラスト,"30,000","30,000",要確認,,,,,,,,,,,,
,クイーンズ伊勢丹,クイーンズ伊勢丹新高円寺,杉並区梅里1-7-7新高円寺ツインビル,長机2台分程,屋内（風除室含む）,グラスト,"30,000","30,000",要確認,,,,,,,,,,,,
,クイーンズ伊勢丹,クイーンズ伊勢丹　仙川,調布市仙川町１丁目４８−５,長机2台分程,屋外,グラスト,"40,000",,要確認,,,,,,,,,,,,
,クイーンズ伊勢丹,クイーンズ伊勢丹　杉並桃井,杉並区桃井3-5-1,長机2台分程,屋外,グラスト,"30,000","30,000",要確認,,,,,,,,,,,,
,クイーンズ伊勢丹,クイーンズ伊勢丹　白金高輪,港区白金1-17-2,長机2台分程,屋外,グラスト,"40,000",,要確認,,,,,,,,,,,,
,クイーンズ伊勢丹,クイーンズ伊勢丹　武蔵境,武蔵野市境南町2丁目1番28号,長机2台分程,屋外,グラスト,"40,000",,要確認,,,,,,,,,,,,
,クイーンズ伊勢丹,クイーンズ伊勢丹　小石川,文京区小石川1-17-1,長机2台分程,屋外,グラスト,"30,000",―,要確認,,,,,,,,,,,,
,グルメシティ,グルメシティ多摩,多摩市永山4-2-1,長机1台分程,屋外,場所とる,"20,000","25,000",要確認,,,,,,,,,,,,
,グルメシティ,グルメシティ神代,調布市深大寺北町6-52-8,長机1台分程,屋外,場所とる,"20,000","25,000",要確認,,,,要テント,,,,,,,,
,グルメシティ,グルメシティ三鷹中原,三鷹市中原3-1-11,長机1台程,屋内（風除室含む）,グラスト,"30,000","35,000",要確認,,,,,,,,,,,,
,グルメシティ,グルメシティ成瀬台,町田市成瀬台3-6,長机1台分程,屋内（風除室含む）,場所とる,"20,000","25,000",要確認,,,,,,,,,,,,
,グルメシティ,グルメシティ立川若葉,立川市若葉町4-24-2,長机1台分程,屋外,場所とる,"20,000","30,000",要確認,,,,,,,,,,,,
,グルメシティ,グルメシティ日野駅前,日野市日野本町3-8-6,長机1台分程,屋外,グラスト,"20,000","25,000",要確認,,,,,,,,,,,,
,グルメシティ,グルメシティ鶴川緑山,町田市三輪緑山１丁目２−２,長机1台分,屋外,場所とる,"20,000","25,000",要確認,,,,,,,,,,,,
,グルメシティ,グルメシティ東尾久,荒川区東尾久4丁目16-7,長机1台程度,屋外,場所とる,"20,000","25,000",要確認,,,,,,,,,,,,
,京急ストア,京急ストア糀谷,大田区西糀谷4-27-11,長机2台程,屋外,グラスト,"40,000","40,000",要確認,,,,,,,,,,,,
,コーナン,コーナン王子堀船①　正面入口横　,北区 堀船 一丁目23番13号,1.0×1.5,屋内（風除室含む）,場所とる,"30,000","30,000",要確認,,,,開催場所・広さで金額変動,,,,,,,,
,コーナン,コーナン王子堀船②　園芸側入口横,北区 堀船 一丁目23番13号,1.0×2.5　　,屋内（風除室含む）,場所とる,"30,000","30,000",要確認,,,,開催場所・広さで金額変動,,,,,,,,
,コーナン,コーナン本羽田萩中,大田区本羽田2丁目3-1,長机1～2本程度,屋内（風除室含む）,場所とる,"30,000","30,000",要確認,,,,開催場所・広さで金額変動,,,,,,,,
,コーナン,コーナン江東深川①　1F入口横カート置き場,江東区深川一丁目6番2号,1.5×2.5,屋内（風除室含む）,場所とる,"30,000","30,000",要確認,,,,開催場所・広さで金額変動,,,,,,,,
,コーナン,コーナン江東深川②　2Fエレベーター前　,江東区深川一丁目6番2号,1.0×2.0,屋内（風除室含む）,場所とる,"30,000","30,000",要確認,,,,開催場所・広さで金額変動,,,,,,,,
,コーナン,コーナンぐりーんうぉーく多摩,八王子市別所二丁目56番地,長机1～2本程度,屋内（風除室含む）,場所とる,"30,000","30,000",要確認,,,,,,,,,,,,
,コーナン,コーナン小平,小平市上水本町5丁目13-1,長机1～2本程度,屋内（風除室含む）,場所とる,"30,000","30,000",要確認,,,,開催場所・広さで金額変動,,,,,,,,
,コーナン,コーナン府中四谷,府中市四谷五丁目23番地の12,長机1～2本程度,屋内（風除室含む）,場所とる,"30,000","30,000",要確認,,,,開催場所・広さで金額変動,,,,,,,,
,コーナン,コーナン江戸川中央,江戸川区中央 3丁目3番5号,長机1～2本程度,,場所とる,"30,000","30,000",要確認,,,,,,,,,,,,
,コーナン,コーナン三鷹,三鷹市 野崎 3丁目7番12号,長机1～2本程度,,グラスト,"45,000","45,000",要確認,,,,,,,,,,,,
,コーナン,コーナンドイト東久留米,東久留米市滝山４丁目１１−２,長机1～2本程度,屋内（風除室含む）,場所とる,"30,000","30,000",要確認,,,,,,,,,,,,
,コーナン,コーナンドイト西新井,足立区西新井本町２丁目３１−１,長机1～2本程度,,場所とる,"30,000","30,000",要確認,,,,,,,,,,,,
,コーナン,コーナン西東京田無,西東京市西原町４丁目２−８,長机1～2本程度,,グラスト,"45,000","45,000",要確認,,,,,,,,,,,,
,コーナン,コーナンドイト南砂,江東区南砂６丁目７−１５,長机1～2本程度,,場所とる,"30,000","30,000",要確認,,,,,,,,,,,,
,コーナン,コーナンドイト東向島,墨田区東向島６丁目５７−１５,長机1～2本程度,,場所とる,"30,000","30,000",要確認,,,,,,,,,,,,
,コーナン,コーナン足立扇,足立区扇三丁目１４番１０号,長机1～2本程度,,グラスト,"35,000","35,000",要確認,,,,,,,,,,,,
,コーナン,コーナン品川旗の台,品川区旗の台1丁目1-11,長机１台分程,屋内（風除室含む）,場所とる,"30,000","30,000",要確認,,,,,,,,,,,,
,コーナン,コーナン品川八潮,品川区八潮5-5-3,要確認,,場所とる,"30,000","30,000",要確認,,,,,,,,,,,,
,コーナン,コーナンビーバートザン経堂,世田谷区経堂４丁目４２−１０,長机1又は2台,屋内（風除室含む）,グラスト,"35,000","35,000",要確認,,,,,,,,,,,,
,コーナン,コーナンドイト後楽園,文京区春日1-16-30講道館ビル1Ｆ,長机1～2台分程,,グラスト,"35,000","35,000",要確認,,,,,,,,,,,,
,コーナン,コーナンミッテン府中,府中市宮町1丁目41-2 ミッテン府中６F,長机1～2台分程,,場所とる,"30,000","30,000",要確認,,,,,,,,,,,,
,コーナン,コーナン八王子オクトーレ,八王子市旭町9-1 八王子オクトーレ4F,長机1～2台分程,,場所とる,"30,000","30,000",要確認,,,,,,,,,,,,
,コーナン,コーナン八王子高尾,八王子市東浅川町546-20,要確認,,場所とる,"30,000","30,000",要確認,,,,,,,,,,,,
,コーナン,コーナン国立,国立市泉3-29-11,長机1台分程,,場所とる,"30,000","30,000",要確認,,,,,,,,,,,,
,コーナンPRO,コーナンPRO王子堀船,北区 堀船 一丁目23番13号,長机1～2本程度,,グラスト,"35,000","35,000",要確認,,,,,,,,,,,,
,コーナンPRO,コーナンPRO足立竹ノ塚,足立区 西保木間 2丁目1番24号,長机1～2本程度,,場所とる,"30,000","30,000",要確認,,,,,,,,,,,,
,コーナンPRO,コーナンPRO WORK＆TOOLドイト豊玉中,練馬区豊玉中2-24-2,長机1～2台分程,,グラスト,"35,000","35,000",要確認,,,,,,,,,,,,
,コーナンPRO,コーナンPROドイト小金井公園,西東京市新町5-3-12,長机1～2台分程,,場所とる,"30,000","30,000",要確認,,,,,,,,,,,,
,コーナンPRO,コ－ナンPRO三鷹東八,三鷹市野崎1丁目20番17号,長机1～2台分程,,場所とる,"30,000","30,000",要確認,,,,,,,,,,,,
,コーナンPRO,コーナンPRO世田谷八幡山,世田谷区八幡山一丁目9番3号,長机1～2台分程,,場所とる,"30,000","30,000",要確認,,,,,,,,,,,,
,コーナンPRO,コーナンPRO西東京田無,西東京市西原町４丁目２番8号,長机1～2台分程,,場所とる,"30,000","30,000",要確認,,,,,,,,,,,,
,コーナンPRO,コーナンPRO足立扇,足立区扇三丁目１４番１0号,長机1～2台分程,,場所とる,"30,000","30,000",要確認,,,,,,,,,,,,
,コーナンPRO,コ－ナンPRO府中甲州街道,府中市若松町2丁目33番地の2,長机1～2台分程,,場所とる,"30,000","30,000",要確認,,,,,,,,,,,,
,コーナンPRO,コ－ナンPRO花小金井,小平市花小金井4-35-5,長机1～2台分程,,場所とる,"30,000","30,000",要確認,,,,,,,,,,,,
,コーナンPRO,コ－ナンPRO浅草,台東区今戸2-26-10,長机1～2台分程,,場所とる,"30,000","30,000",要確認,,,,,,,,,,,,
,コーナンPRO,コ－ナンPRO八王子小宮,八王子市小宮町242-2,長机1～2台分程,,場所とる,"30,000","30,000",要確認,,,,,,,,,,,,
,コーナンPRO,コーナンビーバーPRO経堂,世田谷区経堂５丁目３３−１,長机1～2台分程,,場所とる,"30,000","30,000",要確認,,,,,,,,,,,,
,コーナンPRO,コーナンビーバーPRO町田木曽,町田市木曽西３丁目２６−７,長机1～2台分程,,グラスト,"35,000","35,000",要確認,,,,,,,,,,,,
,コープみらい,コープ戸山,新宿区戸山2-33-2,長机1~2台分,屋外,グラスト,"30,000","30,000",要確認,,,,,,,,,,,,
,コープみらい,ミニコープ落合,新宿区中井2-24-13,長机1~2台分,屋外,グラスト,"30,000","30,000",要確認,,,,,,,,,,,,
,コープみらい,ミニコープ西落合,新宿区西落合3-1-1,長机1~2台分,屋外,グラスト,"30,000","30,000",要確認,,,,,,,,,,,,
,コープみらい,ミニコープ富久,新宿区富久町13-1,長机1~2台分,屋外,グラスト,"30,000","30,000",要確認,,,,,,,,,,,,
,コープみらい,コープ白山,文京区白山5-33-12,長机1~2台分,屋外,グラスト,"30,000","30,000",要確認,,,,,,,,,,,,
,コープみらい,ミニコープ氷川下,文京区千石2-1-2,長机1~2台分,屋外,グラスト,"30,000","30,000",要確認,,,,,,,,,,,,
,コープみらい,ミニコープ目白台,文京区目白台3-15-6,長机1~2台分,屋外,グラスト,"30,000","30,000",要確認,,,,,,,,,,,,
,コープみらい,ミニコープ奥沢,世田谷区奥沢3-47-8,長机1~2台分,屋外,グラスト,"30,000","30,000",要確認,,,,,,,,,,,,
,コープみらい,ミニコープ瀬田,世田谷区瀬田2-27-16,長机1~2台分,屋外,グラスト,"30,000","30,000",要確認,,,,,,,,,,,,
,コープみらい,コープ中野中央,中野区中央5-41-18,長机1~2台分,屋外,グラスト,"30,000","30,000",要確認,,,,,,,,,,,,
,コープみらい,コープ中野鷺宮,中野区鷺宮2-18-8,長机1~2台分,屋内（風除室含む）,グラスト,"30,000","30,000",要確認,,,,,,,,,,,,
,コープみらい,ミニコープ成田東,杉並区成田東1-49-7,長机1~2台分,屋外,グラスト,"30,000","30,000",要確認,,,,,,,,,,,,
,コープみらい,ミニコープ西荻,杉並区西荻北1-2-2,長机1~2台分,屋外,グラスト,"30,000","30,000",要確認,,,,,,,,,,,,
,コープみらい,ミニコープ荻窪,杉並区荻窪5-20-5,長机1~2台分,屋外,グラスト,"30,000","30,000",要確認,,,,,,,,,,,,
,コープみらい,ミニコープ松庵,杉並区松庵2-12-16,長机1~2台分,屋外,グラスト,"30,000","30,000",要確認,,,,,,,,,,,,
,コープみらい,コープ上井草,杉並区上井草2-6-6,長机1~2台分,屋外,グラスト,"30,000","30,000",要確認,,,,,,,,,,,,
,コープみらい,ミニコープ巣鴨,豊島区巣鴨5-14-8,長机1~2台分,屋外,グラスト,"30,000","30,000",要確認,,,,,,,,,,,,
,コープみらい,ミニコープ要町,豊島区要町2-13-8,長机1~2台分,屋外,グラスト,"30,000","30,000",要確認,,,,,,,,,,,,
,コープみらい,ミニコープ桐ヶ丘,北区赤羽台3-17,長机1~2台分,屋外,グラスト,"30,000","30,000",要確認,,,,,,,,,,,,
,コープみらい,コープ田端,北区田端1-5-7,長机1~2台分,屋外,グラスト,"30,000","30,000",要確認,,,,,,,,,,,,
,コープみらい,ミニコープ豊島,北区豊島3-4-15,長机1~2台分,屋外,グラスト,"30,000","30,000",要確認,,,,,,,,,,,,
,コープみらい,ミニコープ滝野川,北区滝野川3-59-2,長机1~2台分,屋外,グラスト,"30,000","30,000",要確認,,,,,,,,,,,,
,コープみらい,ミニコープ日暮里,荒川区東日暮里3-31-18,長机1~2台分,屋外,グラスト,"30,000","30,000",要確認,,,,,,,,,,,,
,コープみらい,コープ板橋駅前,板橋区板橋1-55-16,長机1~2台分,屋外,グラスト,"30,000","30,000",要確認,,,,,,,,,,,,
,コープみらい,ミニコープ高島平,板橋区高島平8-3-4,長机1~2台分,屋外,グラスト,"30,000","30,000",要確認,,,,,,,,,,,,
,コープみらい,ミニコープ赤塚,板橋区赤塚6-38-15,長机1~2台分,屋外,グラスト,"30,000","30,000",要確認,,,,,,,,,,,,
,コープみらい,コープ関町,練馬区立野町15-50,長机1~2台分,屋外,グラスト,"30,000","30,000",要確認,,,,,,,,,,,,
,コープみらい,ミニコープ桜台駅前,練馬区桜台1-4-11,長机1~2台分,屋外,グラスト,"30,000","30,000",要確認,,,,,,,,,,,,
,コープみらい,コープ花畑,足立区花畑4-17-15,長机1~2台分,屋外,グラスト,"30,000","30,000",要確認,,,,,,,,,,,,
,コープみらい,コープ亀有,葛飾区亀有2-15-4,長机1~2台分,屋外,グラスト,"30,000","30,000",要確認,,,,,,,,,,,,
,コープみらい,コープ葛飾白鳥,葛飾区白鳥4-10-17,長机1~2台分,屋内（風除室含む）,グラスト,"30,000","30,000",要確認,,,,,,,,,,,,
,コープみらい,ミニコープなぎさ,江戸川区南葛西7-1,長机1~2台分,屋外,グラスト,"30,000","30,000",要確認,,,,,,,,,,,,
,コープみらい,ミニコープ江戸川中央,江戸川区中央4-3-1,長机1~2台分,屋外,グラスト,"30,000","30,000",要確認,,,,,,,,,,,,
,コープみらい,ミニコープ小岩,江戸川区南小岩2-4-26,長机1~2台分,屋外,グラスト,"30,000","30,000",要確認,,,,,,,,,,,,
,コープみらい,コープ北野台,八王子市北野台5-49-6,長机1~2台分,屋外,グラスト,"40,000","40,000",要確認,,,,,,,,,,,,
,コープみらい,コープ城山手,八王子市城山手1-27-5,長机1~2台分,屋外,グラスト,"40,000","40,000",要確認,,,,,,,,,,,,
,コープみらい,コープ高倉,八王子市高倉町49-3,長机1~2台分,屋外,グラスト,"40,000","40,000",要確認,,,,,,,,,,,,
,コープみらい,ミニコープ立川,立川市富士見町7-39-11,長机1~2台分,屋外,グラスト,"30,000","30,000",要確認,,,,,,,,,,,,
,コープみらい,ミニコープ武蔵野,武蔵野市中町2-29-14,長机1~2台分,屋外,グラスト,"40,000","40,000",要確認,,,,,,,,,,,,
,コープみらい,コープ下連雀,三鷹市下連雀7-16-22,長机1~2台分,屋外,グラスト,"40,000","40,000",要確認,,,,,,,,,,,,
,コープみらい,コープ牟礼,三鷹市牟礼5-3-1,長机1~2台分,屋外,グラスト,"40,000","40,000",要確認,,,,,,,,,,,,
,コープみらい,コープ青梅新町,青梅市新町2-3-1,長机1~2台分,屋外,グラスト,"30,000","30,000",要確認,,,,,,,,,,,,
,コープみらい,ミニコープ府中南,府中市南町2-1-6,長机1~2台分,屋外,グラスト,"40,000","40,000",要確認,,,,,,,,,,,,
,コープみらい,コープ府中寿町,府中市寿町2-4-42,長机1~2台分,屋内（風除室含む）,グラスト,"40,000","40,000",要確認,,,,,,,,,,,,
,コープみらい,コープ府中車返,府中市白糸台5-29-16,長机1~2台分,屋外,グラスト,"40,000","40,000",要確認,,,,,,,,,,,,
,コープみらい,ミニコープ緑ヶ丘,調布市緑ケ丘2-25-1,長机1~2台分,屋外,グラスト,"40,000","40,000",要確認,,,,,,,,,,,,
,コープみらい,コープ西調布,調布市上石原2-23-7,長机1~2台分,屋外,グラスト,"40,000","40,000",要確認,,,,,,,,,,,,
,コープみらい,コープ柴崎,調布市柴崎2-2-1,長机1~2台分,屋外,グラスト,"40,000","40,000",要確認,,,,,,,,,,,,
,コープみらい,コープ調布染地,調布市染地3丁目1-253,長机1~2台分,屋外,グラスト,"40,000","40,000",要確認,,,,,,,,,,,,
,コープみらい,ミニコープ成瀬,町田市成瀬8-2-4,長机1~2台分,屋外,グラスト,"30,000","30,000",要確認,,,,,,,,,,,,
,コープみらい,ミニコープ鶴川,町田市鶴川1-21-7,長机1~2台分,屋外,グラスト,"30,000","30,000",要確認,,,,,,,,,,,,
,コープみらい,コープときわ,町田市常盤町3170-1,長机1~2台分,屋外,グラスト,"30,000","30,000",要確認,,,,,,,,,,,,
,コープみらい,コープ小金井ぬくい坂下,小金井市貫井南町2-7-16,長机1~2台分,屋外,グラスト,"30,000","30,000",要確認,,,,,,,,,,,,
,コープみらい,ミニコープ鷹の台,小平市上水新町3-10-8,長机1~2台分,屋外,グラスト,"40,000","40,000",要確認,,,,,,,,,,,,
,コープみらい,コープ小川西町,小平市小川西町1-2-1,長机1~2台分,屋外,グラスト,"40,000","40,000",要確認,,,,,,,,,,,,
,コープみらい,コープ回田,小平市回田町305-5,長机1台分,屋外,グラスト,"40,000","40,000",要確認,,,,,,,,,,,,
,コープみらい,コープ花小金井,小平市花小金井3-22-2,長机1~2台分,屋外,グラスト,"40,000","40,000",要確認,,,,,,,,,,,,
,コープみらい,ミニコープ吹上,日野市東豊田3-18-3,長机1~2台分,屋外,グラスト,"30,000","30,000",要確認,,,,,,,,,,,,
,コープみらい,コープ日野駅前,日野市栄町1-30-1,長机1~2台分,屋外,グラスト,"30,000","30,000",要確認,,,,,,,,,,,,
,コープみらい,コープ東村山駅前,東村山市野口町1-46 ワンズプラザ1F,長机1~2台分,屋外,グラスト,"30,000","30,000",要確認,,,,,,,,,,,,
,コープみらい,コープ東村山秋津町,東村山市秋津町2-18-2,長机1~2台分,屋内（風除室含む）,グラスト,"30,000","30,000",要確認,,,,,,,,,,,,
,コープみらい,コープ国分寺,国分寺市日吉町3-22-1,長机1~2台分,屋外,グラスト,"40,000","40,000",要確認,,,,,,,,,,,,
,コープみらい,コープ弁天通り,国分寺市西町4-26-2,長机1~2台分,屋外,グラスト,"40,000","40,000",要確認,,,,,,,,,,,,
,コープみらい,コープ国分寺内藤,国分寺市内藤1-22-12,長机1~2台分,屋外,グラスト,"40,000","40,000",要確認,,,,,,,,,,,,
,コープみらい,ミニコープ国立西,国立市西2-11-39,長机1~2台分,屋外,グラスト,"30,000","30,000",要確認,,,,,,,,,,,,
,コープみらい,コープ上北台,東大和市立野2-3-5,長机1~2台分,屋外,グラスト,"30,000","30,000",要確認,,,,,,,,,,,,
,コープみらい,コープ貝取,多摩市貝取3-8,長机1~2台分,屋内（風除室含む）,グラスト,"30,000","30,000",要確認,,,,,,,,,,,,
,コープみらい,ミニコープ平尾,稲城市平尾1-35-14,長机1~2台分,屋外,グラスト,"30,000","30,000",要確認,,,,,,,,,,,,
,コープみらい,コープひばりが丘,西東京市谷戸町2-1-80,長机1~2台分,屋内（風除室含む）,グラスト,"40,000","40,000",要確認,,,,,,,,,,,,
,コープみらい,コープ東伏見,西東京市東伏見3-4-1,長机1~2台分,屋外,グラスト,"40,000","40,000",要確認,,,,,,,,,,,,
,極楽湯,極楽湯多摩センター①　玄関横,多摩市落合１丁目３０−１,長机１～２,屋内（風除室含む）,場所とる,"35,000","35,000",要確認,,,,最低2日以上開催,,,,,,,,
,極楽湯,極楽湯多摩センター②　整体前,多摩市落合１丁目３０−１,長机１～２,屋内（風除室含む）,場所とる,"35,000","35,000",要確認,,,,最低2日以上開催,,,,,,,,
,極楽湯,"極楽湯　京王高尾温泉",八王子市高尾町2229番7,長机1.5,屋内（風除室含む）,場所とる,"35,000","35,000",要確認,,,,,,,,,,,,
,ティップ,ティップ．クロスTOKYO渋谷,渋谷区宇田川町16-4,机1台程度,屋内（風除室含む）,場所とる,"30,000","30,000",要確認,,,,,,,,,,,,
,ティップ,ティップネス吉祥寺,武蔵野市吉祥寺南町2-2-5,机1台程度,屋内（風除室含む）,場所とる,"30,000","30,000",要確認,,,,,,,,,,,,
,ティップ,ティップネス氷川台,練馬区桜台3-34-2,机1台程度,屋内（風除室含む）,場所とる,"30,000","30,000",要確認,,,,,,,,,,,,
,ティップ,ティップネス練馬,練馬区練馬1-5-16,机1台程度,屋内（風除室含む）,場所とる,"30,000","30,000",要確認,,,,,,,,,,,,
,ティップ,ティップネス瑞江,江戸川区瑞江4-44-20,机1台程度,屋内（風除室含む）,場所とる,"30,000","30,000",要確認,,,,,,,,,,,,
,ティップ,ティップネス東新宿,新宿区新宿6-27-30,机1台程度,屋内（風除室含む）,場所とる,"30,000","30,000",要確認,,,,,,,,,,,,
,ティップ,ティップネス王子,北区王子1-10-17,机1台程度,屋内（風除室含む）,場所とる,"30,000","30,000",要確認,,,,,,,,,,,,
,RAKU　SPA　1010,RAKU　SPA　1010　神田,千代田区神田淡路町2丁目9-9,長机1.5,屋内（風除室含む）,場所とる,"35,000","35,000",,,,,,,,,,,,,
,ココスクエア,ココスクエア①　1階空きスペース,調布市国領町3丁目1-1-38,約10㎡,屋内（風除室含む）,場所とる,"30,000","30,000",要確認,,,,通信系ＮＧ,,,,,,,,
,ココスクエア,ココスクエア②　2階空きスペース,調布市国領町3丁目1-1-38,約10㎡,屋内（風除室含む）,グラスト,"20,000","20,000",要確認,,,,店舗誘引の催事のみ受入可能,,,,,,,,
,ココネリ,ココネリ①　1FESホール,練馬区練馬1-17-1,長机1台分程,屋内（風除室含む）,グラスト,"28,000","46,000",要確認,,,,,,,,,,,,
,ココネリ,ココネリ②　2FESホールユニクロ前,練馬区練馬1-17-1,長机2台分程,屋内（風除室含む）,グラスト,"30,000","50,000",要確認,,,,,,,,,,,,
,ココネリ,ココネリ③　2Fウエストサイドステージ,練馬区練馬1-17-1,長机2台分程,屋内（風除室含む）,グラスト,"30,000","50,000",要確認,,,,,,,,,,,,
,コピオ,コピオ長房,八王子市長房町340－12,長机2台分,屋内（風除室含む）,グラスト,"60,000","60,000",要確認,,,,,,,,,,,,
,コピオ,コピオ楢原,八王子市楢原町1818-15,3.6ｍ×1.8ｍ以上,屋外,グラスト,"60,000","60,000",要確認,,,,広さにより賃料都度相談可能,,,,,,,,
,コピオ,コピオ西八王子駅前,八王子市散田町3-17-1,3.6ｍ×1.8ｍ程度,屋内（風除室含む）,グラスト,"60,000","60,000",要確認,,,,通信催事受入不可、広さにより賃料都度相談可能,,,,,,,,
,コピオ,コピオあきる野,あきる野市秋留2-3-2,8ｍ×5ｍ,屋内（風除室含む）,グラスト,"60,000","60,000",要確認,,,,広さにより賃料都度相談可能,,,,,,,,
,コピオ,コピオ羽村,羽村市神明台2-3-13,長机2台分程,,グラスト,"60,000","60,000",要確認,,,,広さにより賃料都度相談可能,,,,,,,,
,コピオ,コピオ高倉,八王子市高倉町66-16,長机2台分程,,グラスト,"60,000","60,000",要確認,,,,広さにより賃料都度相談可能,,,,,,,,
,コピス吉祥寺,コピス吉祥寺①　吉祥寺デッキ,武蔵野市吉祥寺本町1-11-5,約８m×６m,屋内（風除室含む）,グラスト,"82,000","154,000",要確認,,,,9～17時(以降は別料金),,,,,,,,
,コピス吉祥寺,コピス吉祥寺②　A3階段下,武蔵野市吉祥寺本町1-11-5,長机1～2台分,屋内（風除室含む）,グラスト,"16,000","22,000",要確認,,,,9～17時(以降は別料金),,,,,,,,
,コメリ,コメリハード＆グリーンあきる野伊奈,あきる野市伊奈４７９－１,1.8m×1.8m～,屋内（風除室含む）,グラスト,"30,000","30,000",要確認,,,,契約行為不可,,,,,,,,
,コメリ,コメリハード＆グリーン青梅今寺,青梅市今寺４丁目２３－３,1.8m×1.8m～,屋内（風除室含む）,グラスト,"20,000","20,000",要確認,,,,契約行為不可,,,,,,,,
,コメリ,コメリハード＆グリーン青梅柚木,青梅市柚木町２丁目３９４番５,1.8m×1.8m～,屋内（風除室含む）,グラスト,"20,000","20,000",要確認,,,,契約行為不可,,,,,,,,
,コメリ,コメリハード＆グリーン保谷北町,西東京市北町２－８－２０,1.8m×1.8m～,屋内（風除室含む）,グラスト,"30,000","30,000",要確認,,,,契約行為不可,,,,,,,,
,コメリ,コメリハード＆グリーン大泉学園,練馬区大泉学園町８－２５－２４,1.8m×1.8m～,屋内（風除室含む）,グラスト,"20,000","20,000",要確認,,,,契約行為不可,,,,,,,,
,コメリ,コメリハード＆グリーン日野新町,日野市新町４－２６－９,1.8m×1.8m～,屋内（風除室含む）,グラスト,"20,000","20,000",要確認,,,,契約行為不可,,,,,,,,
,コメリ,コメリハード＆グリーン府中日新,府中市日新町３丁目１８－７,1.8m×1.8m～,屋内（風除室含む）,グラスト,"30,000","30,000",要確認,,,,契約行為不可,,,,,,,,
,コメリ,コメリハード＆グリーン町田図師,町田市図師町１７５２番地,1.8m×1.8m～,屋内（風除室含む）,グラスト,"20,000","20,000",要確認,,,,契約行為不可,,,,,,,,
,コメリ,コメリハード＆グリーン武蔵村山中央,武蔵村山市中央２丁目１４８－２,1.8m×1.8m～,屋内（風除室含む）,グラスト,"20,000","20,000",要確認,,,,契約行為不可,,,,,,,,
,コメリ,コメリハード＆グリーン武蔵村山中原,武蔵村山市中原１－９－１０,1.8m×1.8m～,屋内（風除室含む）,グラスト,"20,000","20,000",要確認,,,,契約行為不可,,,,,,,,
,サンシャインシティ,サンシャインシティ,豊島区東池袋三丁目1番,約69.5坪,屋内（風除室含む）,グラスト,"720,000","1,200,000",要確認,,,,別途音響12万、照明12万、告知1万が発生する可能性有り,,,,,,,,
,サンシャインシティアルタ,池袋サンシャインシティアルタ①　イベントスペースC(B1F マクドナルド前),豊島区東池袋３丁目１−３ サンシャインシティ ワールドインポートマートビル B1・1F,4.8㎡,屋内（風除室含む）,グラスト,"60,000","120,000",要確認,,,,,,,,,,,,
,サンシャインシティアルタ,池袋サンシャインシティアルタ②　イベントスペースE(1F 水族館行きエレベーター前),豊島区東池袋３丁目１−３ サンシャインシティ ワールドインポートマートビル B1・1F,7㎡,屋内（風除室含む）,グラスト,"25,000","40,000",要確認,,,,,,,,,,,,
,サンスクエア,サンスクエア①　A区画(屋外),北区王子1丁目4-1,18㎡,屋外,場所とる,"22,000","32,500",要確認,,,,,,,,,,,,
,サンスクエア,サンスクエア②　B区画(屋外),北区王子1丁目4-1,18㎡,屋外,場所とる,"25,000","33,000",要確認,,,,,,,,,,,,
,サンスクエア,サンスクエア③　C区画(屋外),北区王子1丁目4-1,8㎡,屋外,グラスト,"22,000","27,000",要確認,,,,,,,,,,,,
,島忠ホームズ,島忠ホームズ昭島①　1階エントランス横,昭島市田中町3-8-5,3m×1.6m,屋内（風除室含む）,場所とる,"48,000","88,000",要確認,,,,,,,,,,,,
,島忠ホームズ,島忠ホームズ昭島②　1階エスカレーター横,昭島市田中町3-8-5,3m×2m,屋内（風除室含む）,場所とる,"48,000","88,000",要確認,,,,,,,,,,,,
,島忠ホームズ,島忠大谷田,足立区大谷田4-9-20,3.6m×1m,屋内（風除室含む）,場所とる,"48,000","88,000",要確認,,,,,,,,,,,,
,島忠ホームズ,島忠江東猿江①　1階EV横,江東区猿江2-16-3,2.8m×1.5m,屋内（風除室含む）,グラスト,"60,000","106,000",要確認,,,,,,,,,,,,
,島忠ホームズ,島忠江東猿江②　2階EVホール,江東区猿江2-16-3,2m×2m,屋内（風除室含む）,場所とる,"38,000","58,000",要確認,,,,,,,,,,,,
,島忠ホームズ,島忠ホームズ平井①　2階FC入口,江戸川区平井6-1-38,2.7m×1.8m,屋内（風除室含む）,場所とる,"48,000","88,000",要確認,,,,,,,,,,,,
,島忠ホームズ,島忠ホームズ平井②　3階エレベーターホール,江戸川区平井6-1-38,2.3m×1.8m,屋内（風除室含む）,場所とる,"45,000","85,000",要確認,,,,,,,,,,,,
,島忠ホームズ,島忠ホームズ足立小台,足立区小台1-17-1,3m×2m,屋内（風除室含む）,場所とる,"38,000","38,000",要確認,,,,,,,,,,,,
,島忠ホームズ,島忠ホームズ葛西①　1FイベントスペースA,江戸川区東葛西9-3-6,4m×2m,屋内（風除室含む）,場所とる,"58,000","108,000",要確認,,,,,,,,,,,,
,島忠ホームズ,島忠ホームズ葛西②　1FイベントスペースB,江戸川区東葛西9-3-6,2m×1.5m,屋内（風除室含む）,場所とる,"58,000","58,000",要確認,,,,,,,,,,,,
,島忠ホームズ,島忠ホームズ葛西③　2FイベントスペースA,江戸川区東葛西9-3-6,5m×2m,屋内（風除室含む）,場所とる,"58,000","108,000",要確認,,,,,,,,,,,,
,島忠ホームズ,島忠ホームズ葛西④　2FイベントスペースB,江戸川区東葛西9-3-6,4m×2.5m,屋内（風除室含む）,場所とる,"58,000","108,000",要確認,,,,,,,,,,,,
,島忠ホームズ,島忠ホームズ葛西⑤　2FイベントスペースC,江戸川区東葛西9-3-6,2.5m×2m,屋内（風除室含む）,場所とる,"58,000","108,000",要確認,,,,,,,,,,,,
,島忠ホームズ,島忠ホームズ葛西⑥　2FイベントスペースD,江戸川区東葛西9-3-6,要確認,屋内（風除室含む）,場所とる,"108,000","108,000",要確認,,,,,,,,,,,,
,島忠ホームズ,島忠ホームズ小平①　1階入口(フードコート手前),東久留米市前沢5-33-17,3m×1m,屋内（風除室含む）,場所とる,"48,000","88,000",要確認,,,,,,,,,,,,
,島忠ホームズ,島忠ホームズ小平②　1階下りESC前,東久留米市前沢5-33-17,2.6m×1.2m,屋内（風除室含む）,グラスト,"40,000","60,000",要確認,,,,,,,,,,,,
,島忠ホームズ,島忠ホームズ中野本店①　3階EVホール,中野区南台5-24-13,2.7m×1.8m,屋内（風除室含む）,場所とる,"58,000","108,000",要確認,,,,,,,,,,,,
,島忠ホームズ,島忠ホームズ中野本店②　4階EVホール,中野区南台5-24-13,2.7m×1.8m,屋内（風除室含む）,場所とる,"48,000","88,000",要確認,,,,,,,,,,,,
,島忠ホームズ,島忠府中,府中市日鋼町1-26,7m×1.3m,屋内（風除室含む）,場所とる,"48,000","88,000",要確認,,,,,,,,,,,,
,島忠ホームズ,島忠大田千鳥,大田区千鳥2-33-1,3m×1m,屋内（風除室含む）,場所とる,"48,000","88,000",要確認,,,,,,,,,,,,
,島忠ホームズ,島忠ホームズ北赤羽,北区浮間5-3-24,3.6m×1.5m,屋内（風除室含む）,場所とる,"48,000","88,000",要確認,,,,,,,,,,,,
,島忠ホームズ,"島忠ホームズ仙川①　""1Fイベントスペース""",調布市若葉町2-1-7,幅７ｍＸ奥行き２ｍ,屋内（風除室含む）,場所とる,"58,000","108,000",要確認,,,,,,,,,,,,
,島忠ホームズ,"島忠ホームズ仙川②　""２ＦイベントスペースＡ""",調布市若葉町2-1-7,幅５ｍＸ奥行き１．５ｍ,屋内（風除室含む）,場所とる,"58,000","108,000",要確認,,,,,,,,,,,,
,島忠ホームズ,島忠ホームズ仙川③　2階イベントスペース　C,調布市若葉町2-1-7,幅６ｍＸ奥行０．６ｍ,屋内（風除室含む）,場所とる,"58,000","108,000",要確認,,,,,,,,,,,,
,島忠ホームズ,島忠ホームズ仙川④　2階イベントスペース　D,調布市若葉町2-1-7,幅５ｍＸ奥行１．５ｍ,屋内（風除室含む）,場所とる,"58,000","108,000",要確認,,,,,,,,,,,,
,島忠ホームズ,島忠ホームズ町田三輪①　1階エントランス横,町田市三輪町281-1,2.8m×1.5m,屋内（風除室含む）,場所とる,"48,000","88,000",要確認,,,,,,,,,,,,
,島忠ホームズ,島忠ホームズ町田三輪②　1階エスカレーターホール,町田市三輪町281-1,4m×2m,屋内（風除室含む）,場所とる,"48,000","88,000",要確認,,,,,,,,,,,,
,島忠ホームズ,島忠ホームズ町田三輪③　2階エスカレーターホール,町田市三輪町281-1,7.5㎡程度,屋内（風除室含む）,場所とる,"48,000","88,000",要確認,,,,,,,,,,,,
,島忠ホームズ,島忠ホームズ東村山　2階催事スペース,東村山市久米川町1丁目36,要確認,屋内（風除室含む）,場所とる,"48,000","88,000",要確認,,,,,,,,,,,,
,シモキタエキウエ,シモキタエキウエ,世田谷区北沢2-24-2,約34.54㎡,屋内（風除室含む）,グラスト,"180,000","240,000",要確認,,,,,,,,,,,,
,ジョイフル本田,ジョイフル本田瑞穂①　2Fフードコートジョイフル2前,西多摩郡瑞穂町殿ヶ谷442,5m×3m程,屋内（風除室含む）,グラスト,"45,000","120,000",要確認,,,,8/13～16、12/28～31は土日祝価格,,,,,,,,
,ジョイフル本田,ジョイフル本田瑞穂②　3F駐車場入口,西多摩郡瑞穂町殿ヶ谷442,8m×8m,屋内（風除室含む）,グラスト,"45,000","120,000",要確認,,,,8/13～16、12/28～31は土日祝価格,,,,,,,,
,ジョイフル本田,ジョイフル本田瑞穂③　YM横(au前),西多摩郡瑞穂町殿ヶ谷442,5m×3m程,屋内（風除室含む）,グラスト,"45,000","120,000",要確認,,,,8/13～16、12/28～31は土日祝価格,,,,,,,,
,スーパーアルプス,スーパーアルプスはざま,八王子市椚田町1208,長机2台分程,,グラスト,"60,000","60,000",要確認,,,,広さにより賃料都度相談可能,,,,,,,,
,スーパーアルプス,スーパーアルプス中野,八王子市中野山王1-26-7,長机2台分程,,グラスト,"60,000","60,000",要確認,,,,広さにより賃料都度相談可能,,,,,,,,
,スーパーアルプス,スーパーアルプス恩方,八王子市西寺方町69-1,長机2台分程,,グラスト,"60,000","60,000",要確認,,,,広さにより賃料都度相談可能,,,,,,,,
,スーパーアルプス,スーパーアルプス宇津木台,八王子市久保山町1-10,長机2台分程,,グラスト,"60,000","60,000",要確認,,,,広さにより賃料都度相談可能,,,,,,,,
,スーパーアルプス,スーパーアルプス甲の原,八王子市中野町2689-3,長机2台分程,,グラスト,"60,000","60,000",要確認,,,,広さにより賃料都度相談可能,,,,,,,,
,スーパーアルプス,スーパーアルプス台町,八王子市台町3-24-20,長机2台分程,,グラスト,"60,000","60,000",要確認,,,,広さにより賃料都度相談可能,,,,,,,,
,スーパーアルプス,スーパーアルプス横川,八王子市横川町540-1,長机2台分程,,グラスト,"60,000","60,000",要確認,,,,広さにより賃料都度相談可能,,,,,,,,
,スーパーアルプス,スーパーアルプス北野,八王子市北野町545-3,長机2台分程,,グラスト,"60,000","60,000",要確認,,,,広さにより賃料都度相談可能,,,,,,,,
,スーパーアルプス,スーパーアルプスみなみ野,八王子市七国3-6-1,長机2台分程,,グラスト,"60,000","60,000",要確認,,,,広さにより賃料都度相談可能,,,,,,,,
,スーパーアルプス,スーパーアルプス大和田,八王子市大和田町5-7-18,長机2台分程,,グラスト,"60,000","60,000",要確認,,,,広さにより賃料都度相談可能,,,,,,,,
,スーパーアルプス,スーパーアルプス南平,日野市南平7-10-14,長机2台分程,,グラスト,"50,000","50,000",要確認,,,,広さにより賃料都度相談可能,,,,,,,,
,スーパーアルプス,スーパーアルプス日野,日野市日野390-4,長机2台分程,,グラスト,"50,000","50,000",要確認,,,,広さにより賃料都度相談可能,,,,,,,,
,スーパーアルプス,スーパーアルプス豊田南,日野市豊田1-16-1,長机2台分程,,グラスト,"50,000","50,000",要確認,,,,広さにより賃料都度相談可能,,,,,,,,
,スーパーアルプス,スーパーアルプス多摩境,町田市小山ヶ丘4-5-2,3.6ｍ×1.8ｍ程度,屋外,グラスト,"50,000","50,000",要確認,,,,広さにより賃料都度相談可能,,,,,,,,
,スーパーアルプス,スーパーアルプス東村山,東村山市久米川町1-2-5,長机2台分程,,グラスト,"50,000","50,000",要確認,,,,広さにより賃料都度相談可能,,,,,,,,
,スーパーバリュー,スーパーバリュー荒川一丁目,荒川区荒川1-6-1,,屋内（風除室含む）,グラスト,"27,000","30,000",要確認,,,,,,,,,,,,
,スーパーバリュー,スーパーバリュー国立,国立市泉3-29-11「フレスポ国立南」内,,屋内（風除室含む）,グラスト,"27,000","30,000",要確認,,,,,,,,,,,,
,スーパーバリュー,スーパーバリュー品川八潮,品川区八潮5-5-3 パトリア品川店内,,屋内（風除室含む）,グラスト,"37,000","40,000",要確認,,,,,,,,,,,,
,スーパーバリュー,スーパーバリュー志茂,北区志茂1-6-11,,屋内（風除室含む）,グラスト,"27,000","30,000",要確認,,,,,,,,,,,,
,スーパーバリュー,スーパーバリュー杉並高井戸,杉並区下高井戸5-12-12,,屋内（風除室含む）,グラスト,"27,000","30,000",要確認,,,,,,,,,,,,
,スーパーバリュー,スーパーバリュー世田谷松原,世田谷区松原2-35-15,,屋内（風除室含む）,グラスト,"27,000","30,000",要確認,,,,,,,,,,,,
,スーパーバリュー,スーパーバリュー等々力,世田谷区等々力3-8-7,,屋内（風除室含む）,グラスト,"27,000","30,000",要確認,,,,,,,,,,,,
,スーパーバリュー,スーパーバリュー西尾久,荒川区西尾久5-24-6,,屋内（風除室含む）,グラスト,"27,000","30,000",要確認,,,,,,,,,,,,
,スーパーバリュー,スーパーバリュー練馬大泉,練馬区大泉町5-6-51,,屋内（風除室含む）,グラスト,"27,000","30,000",要確認,,,,,,,,,,,,
,スーパーバリュー,スーパーバリュー八王子高尾,八王子市東浅川町546-20,,屋内（風除室含む）,グラスト,"37,000","40,000",要確認,,,,,,,,,,,,
,スーパーバリュー,スーパーバリュー府中新町,府中市新町1-73-1,,屋内（風除室含む）,グラスト,"37,000","40,000",要確認,,,,,,,,,,,,
,スーパーバリュー,スーパーバリュー福生,福生市熊川983-1,,屋内（風除室含む）,グラスト,"37,000","40,000",要確認,,,,,,,,,,,,
,スポーツクラブNAS,スポーツクラブNAS赤坂,千代田区永田町2-13-10プルデンシャルタワー2F,長机2台程,屋内（風除室含む）,グラスト,"45,000","45,000",要確認,,,,,,,,,,,,
,スポーツクラブNAS,スポーツクラブNAS勝どき,中央区勝どき1丁目-1-1プラザ勝どきA棟2F,長机2台程,屋内（風除室含む）,グラスト,"45,000","45,000",要確認,,,,,,,,,,,,
,スポーツクラブNAS,フィットネス&スパNASリバーシティ22,中央区佃2-2-9,長机2台程,屋内（風除室含む）,グラスト,"45,000","45,000",要確認,,,,,,,,,,,,
,スポーツクラブNAS,スポーツクラブNAS大崎,品川区大崎2-1-3ダイワロイネットホテル（フロント2F）,長机2台程,屋内（風除室含む）,グラスト,"45,000","45,000",要確認,,,,,,,,,,,,
,スポーツクラブNAS,スポーツクラブNAS西日暮里,荒川区西日暮里5-20-1,長机2台程,屋内（風除室含む）,グラスト,"35,000","35,000",要確認,,,,,,,,,,,,
,スポーツクラブNAS,スポーツクラブNAS町屋,荒川区荒川6-4-9,長机2台程,屋内（風除室含む）,グラスト,"35,000","35,000",要確認,,,,,,,,,,,,
,スポーツクラブNAS,スポーツクラブNAS光が丘,練馬区光が丘5-1光が丘IMA　イマミセ5F,長机2台程,屋内（風除室含む）,グラスト,"35,000","35,000",要確認,,,,,,,,,,,,
,スポーツクラブNAS,スポーツクラブNAS芦花公園,世田谷区南烏山1-10-22 1・2F,長机2台程,屋内（風除室含む）,グラスト,"35,000","35,000",要確認,,,,,,,,,,,,
,スポーツクラブNAS,スポーツクラブNAS西葛西,江戸川区西葛西6-15-24,長机2台程,屋内（風除室含む）,グラスト,"35,000","35,000",要確認,,,,,,,,,,,,
,スポーツクラブNAS,スポーツクラブNAS篠崎,江戸川区篠崎町2-6-21,長机2台程,屋内（風除室含む）,グラスト,"35,000","35,000",要確認,,,,,,,,,,,,
,スポーツクラブNAS,スポーツクラブNAS吉祥寺,武蔵野市吉祥寺南町1-27-1,長机2台程,屋内（風除室含む）,グラスト,"45,000","45,000",要確認,,,,,,,,,,,,
,スポーツクラブNAS,スポーツクラブNAS聖蹟桜ヶ丘,多摩市関戸1-7-5,長机2台程,屋内（風除室含む）,グラスト,"35,000","35,000",要確認,,,,,,,,,,,,
,スポーツクラブNAS,スポーツクラブNAS若葉台,稲城市若葉台2-1-1フレスポ若葉台EAST 3F,長机2台程,屋内（風除室含む）,グラスト,"35,000","35,000",要確認,,,,,,,,,,,,
,スポーツクラブNAS,スポーツクラブNAS永山,多摩市諏訪2-12,長机2台程,屋内（風除室含む）,グラスト,"35,000","35,000",要確認,,,,,,,,,,,,
,スポーツクラブNAS,スポーツクラブNAS高尾,八王子市東浅川町550-1 イーアス高尾2F,長机2台程,屋内（風除室含む）,グラスト,"45,000","45,000",要確認,,,,,,,,,,,,
,西友,西友調布,調布市小島町1丁目10−1,長机1台分,屋内（風除室含む）,グラスト,"42,000","42,000",要確認,,,,,,,,,,,,
,西友,西友青柳,国立市青柳３丁目8−3,長机1台分,屋内（風除室含む）,グラスト,"30,000","30,000",要確認,,,,,,,,,,,,
,西友,西友中河原①　1F階段踊場,府中市住吉町4-11-13,長机1台分,屋内（風除室含む）,グラスト,"40,000","40,000",要確認,,,,,,,,,,,,
,西友,西友中河原②　2F階段踊場,府中市住吉町4-11-13,長机1台分,屋内（風除室含む）,グラスト,"30,000","30,000",要確認,,,,,,,,,,,,
,西友,西友三鷹牟礼,三鷹市牟礼6-8-12,長机1台分,屋外,グラスト,"40,000","40,000",要確認,,,,,,,,,,,,
,西友,西友小平①　2Fレジ横,小平市美園町1-33-2,10㎡程度,屋内（風除室含む）,場所とる,"25,000","35,000",要確認,,,,,,,,,,,,
,西友,西友小平②　1F屋外入り口横,小平市美園町1-33-2,6㎡程度,屋外,場所とる,"25,000","25,000",要確認,,,,,,,,,,,,
,西友,西友小平③　2Fエスカレーター横,小平市美園町1-33-2,10㎡程度,屋内（風除室含む）,場所とる,"25,000","25,000",要確認,,,,,,,,,,,,
,西友,西友小平④　3Fエスカレーター横,小平市美園町1-33-2,10㎡程度,屋内（風除室含む）,場所とる,"25,000","25,000",要確認,,,,,,,,,,,,
,セブンタウン,"セブンタウン小豆沢①　""1階アベニュー(ユニクロ側)
※屋外、屋根あり""",板橋区小豆沢3-9-4～5,4m×5m,屋外,場所とる,"48,000","78,000",要確認,,,,,,,,,,,,
,セブンタウン,"セブンタウン小豆沢②　""1階イベント広場
※屋外、屋根なし""",板橋区小豆沢3-9-4～5,直径12m(円形),屋外,場所とる,"58,000","98,000",要確認,,,,,,,,,,,,
,セブンタウン,"セブンタウン小豆沢③　""1階専門店入口横
※屋外、屋根なし""",板橋区小豆沢3-9-4～5,1.5m×5m,屋外,場所とる,"48,000","78,000",要確認,,,,,,,,,,,,
,セブンタウン,"セブンタウン小豆沢④　""1階アベニュー(サンドラッグ側)
※屋外、屋根あり""",板橋区小豆沢3-9-4～5,4m×5m,屋外,場所とる,"58,000","98,000",要確認,,,,,,,,,,,,
,ダイエー,グルメシティ稲城,稲城市東長沼514-3,長机1台分,屋外,グラスト,"25,000","30,000",要確認,,,,,,,,,,,,
,ダイエー,イオンフードスタイル八王子大和田,八王子市大和田町6-13-3,長机1台分程,屋内（風除室含む）,グラスト,"35,000","40,000",要確認,,,,,,,,,,,,
,ダイエー,グルメシティ高尾,八王子市初沢町1227-4,長机1台分程,屋内（風除室含む）,ダイエースペース,"15,000","20,000",要確認,,,,,,,,,,,,
,ダイエー,ダイエー南砂町スナモ,江東区新砂3丁目4番31号,長机1.5台程,屋内（風除室含む）,ダイエースペース,"15,000","20,000",要確認,,,,,,,,,,,,
,ダイエー,ダイエー西八王子,八王子市千人町2-1-9,長机1.5台程,屋内（風除室含む）,ダイエースペース,"15,000","20,000",要確認,,,,,,,,,,,,
,ダイエー,ダイエー武蔵村山①　センターコート前,武蔵村山市伊奈平3-36-1,2.0m×3.0m（1.8坪）,屋内（風除室含む）,ダイエースペース,"15,000","20,000",要確認,,,,,,,,,,,,
,ダイエー,ダイエー武蔵村山②　食品レジ後方,武蔵村山市伊奈平3-36-1,1.5m×2.0m（0.9坪）,屋内（風除室含む）,ダイエースペース,"15,000","20,000",,,,,,,,,,,,,
,ダイエー,foodium多摩センター,多摩市落合2-33,長机1台分程,屋内（風除室含む）,グラスト,"25,000","30,000",要確認,,,,,,,,,,,,
,ダイエー,ダイエー立花団地,墨田区立花1-23-3-101,長机1台分程,屋内（風除室含む）,ダイエースペース,"15,000","20,000",要確認,,,,電源有,,,,,,,,
,ダイエー,ダイエー赤羽,北区赤羽2-5-7,長机1台分程,屋外,グラスト,"30,000","40,000",要確認,,,,,,,,,,,,
,ダイエー,ダイエー豊島団地,北区豊島5-4-1-108,長机1台分程,屋外,ダイエースペース,"15,000","20,000",要確認,,,,電源有,,,,,,,,
,ダイエー,ダイエー板橋サンゼリゼ,板橋区中台3-27-7,長机1台分程,屋外,ダイエースペース,"15,000","20,000",要確認,,,,事前に打合せ願います,,,,,,,,
,ダイエー,ダイエー千住曙町,足立区千住曙町７,長机1台分程,屋内（風除室含む）,ダイエースペース,"15,000","20,000",要確認,,,,電源あり,,,,,,,,
,ダイエー,ダイエー東大島,江東区大島7-38-30,長机1台分程,屋内（風除室含む）,グラスト,"35,000","40,000",要確認,,,,,,,,,,,,
,ダイエー,ダイエー月島,中央区月島3-4-5-101,長机1台分程,屋外,ダイエースペース,"15,000","20,000",要確認,,,,事前に打合せ願います,,,,,,,,
,ダイエー,イオンフードスタイル八王子,八王子市横山町４−８,長机1台程,屋外,ダイエースペース,"15,000","20,000",要確認,,,,事前に打合せ願います,,,,,,,,
,ダイエー,ダイエー小金井,小金井市本町5-34-14,長机1台分,屋内（風除室含む）,グラスト,"25,000","30,000",要確認,,,,,,,,,,,,
,ダイエー,イオンフードスタイル稲城長沼,稲城市大丸195−1,長机1台分,屋外,ダイエースペース,"15,000","20,000",要確認,,,,,,,,,,,,
,ダイエー,ダイエー国立①　1F階段踊場,国立市富士見台1-12-4,長机1台分,屋内（風除室含む）,ダイエースペース,"15,000","20,000",要確認,,,,,,,,,,,,
,ダイエー,ダイエー国立②　2F階段踊場,国立市富士見台1-12-4,長机1台分,屋内（風除室含む）,ダイエースペース,"15,000","20,000",要確認,,,,,,,,,,,,
,ダイエー,イオンフードスタイル船堀,江戸川区船堀１丁目１−５１,長机1台分,屋内（風除室含む）,ダイエースペース,"20,000","30,000",要確認,,,,,,,,,,,,
,ダイエー,グルメシティ東尾久,荒川区東尾久4-16-7,長机1台分,屋外,ダイエースペース,"15,000","20,000",要確認,,,,電源あり,,,,,,,,
,ダイエー,グルメシティ柴又,葛飾区柴又2-5-21,長机1台分程,屋内（風除室含む）,グラスト,"25,000","30,000",要確認,,,,派遣社員3名以下,,,,,,,,
,ダイエー,グルメシティ東向島駅前,墨田区東向島5-1-8,長机1台分程,屋内（風除室含む）,グラスト,"25,000","30,000",要確認,,,,派遣社員3名以下,,,,,,,,
,ダイエー,イオンフードスタイル小平,小平市小川東町２丁目１２−１,長机1台分程,屋内（風除室含む）,ダイエースペース,"15,000","20,000",要確認,,,,通信・保険催事不可,,,,,,,,
,ダイバーシティ,ダイバーシティ東京プラザ①　2階 フェスティバル広場,江東区青海1−1−10,約204.0㎡,屋内（風除室含む）,アイフィールド,"408,000","608,000",実施可能,,,,,,,,,,,,
,ダイバーシティ,ダイバーシティ東京プラザ②　4階 駐車場連絡通路,江東区青海1−1−10,約33.7㎡,屋内（風除室含む）,アイフィールド,"108,000","208,000",実施可能,,,,,,,,,,,,
,ダイバーシティ,ダイバーシティ東京プラザ③　1階 東京テレポート駅ゲート(屋外),江東区青海1−1−10,約24.0㎡,屋内（風除室含む）,アイフィールド,"110,000","220,000",実施可能,,,,,,,,,,,,
,ダイバーシティ,ダイバーシティ東京プラザ④　2階 駐車場連絡通路,江東区青海1−1−10,約23.6㎡,屋内（風除室含む）,アイフィールド,"158,000","308,000",実施可能,,,,,,,,,,,,
,ダイバーシティ,ダイバーシティ東京プラザ⑤　5階 東アトリウム付近,江東区青海1−1−10,約20.0㎡,屋内（風除室含む）,アイフィールド,"108,000","208,000",実施可能,,,,,,,,,,,,
,ダイバーシティ,ダイバーシティ東京プラザ⑥　5階 西アトリウムAorB,江東区青海1−1−10,約5.3㎡～7.2㎡,屋内（風除室含む）,アイフィールド,"108,000","208,000",実施可能,,,,,,,,,,,,
,ダイバーシティ,ダイバーシティ東京プラザ⑦　4階 西アトリウムAorB,江東区青海1−1−10,約5.3㎡～7.2㎡,屋内（風除室含む）,アイフィールド,"108,000","208,000",実施可能,,,,,,,,,,,,
,ダイバーシティ,ダイバーシティ東京プラザ⑧　3階 西アトリウムAorB,江東区青海1−1−10,約5.3㎡～7.2㎡,屋内（風除室含む）,アイフィールド,"158,000","258,000",実施可能,,,,,,,,,,,,
,ダイバーシティ,ダイバーシティ東京プラザ⑨　5階 東アトリウム,江東区青海1−1−10,約5.1㎡～7.9㎡,屋内（風除室含む）,アイフィールド,"108,000","208,000",実施可能,,,,,,,,,,,,
,ダイバーシティ,ダイバーシティ東京プラザ⑩　4階 東アトリウム,江東区青海1−1−10,約5.1㎡～7.9㎡,屋内（風除室含む）,アイフィールド,"108,000","208,000",実施可能,,,,,,,,,,,,
,ダイバーシティ,ダイバーシティ東京プラザ⑪　1階 東京テレポート駅ゲート(屋内),江東区青海1−1−10,約4.4㎡,屋内（風除室含む）,アイフィールド,"108,000","208,000",実施可能,,,,,,,,,,,,
,つつじヶ丘駅,つつじヶ丘駅,調布市西つつじケ丘３丁目３５−１,2.7m×1.6m,屋内（風除室含む）,グラスト,"202,000","202,000",要確認,,,,店舗誘引の催事のみ可能,,,,,,,,
,デックス東京ビーチ,デックス東京ビーチ①　デックス広場,港区台場1丁目6−1,60㎡,屋内（風除室含む）,グラスト,"60,000","60,000",実施可能,,,,3月までリニューアル工事中,,,,,,,,
,デックス東京ビーチ,デックス東京ビーチ②　レストラン広場,港区台場1丁目6−1,20㎡,屋内（風除室含む）,グラスト,"40,000","40,000",実施可能,,,,3月までリニューアル工事中,,,,,,,,
,デックス東京ビーチ,デックス東京ビーチ③　シーサイド広場,港区台場1丁目6−1,110㎡,屋内（風除室含む）,グラスト,"40,000","40,000",実施可能,,,,3月までリニューアル工事中,,,,,,,,
,デックス東京ビーチ,デックス東京ビーチ④　シーサイドデッキ,港区台場1丁目6−1,-,屋内（風除室含む）,グラスト,"40,000","40,000",実施可能,,,,3月までリニューアル工事中,,,,,,,,
,デックス東京ビーチ,デックス東京ビーチ⑤　センターデッキ,港区台場1丁目6−1,-,屋内（風除室含む）,グラスト,"40,000","40,000",実施可能,,,,3月までリニューアル工事中,,,,,,,,
,デックス東京ビーチ,デックス東京ビーチ⑥　アトリウム⼊口横,港区台場1丁目6−1,10.5㎡,屋内（風除室含む）,グラスト,"40,000","40,000",実施可能,,,,3月までリニューアル工事中,,,,,,,,
,デックス東京ビーチ,デックス東京ビーチ⑦　シースルーエレベーター前,港区台場1丁目6−1,12.5㎡,屋内（風除室含む）,グラスト,"40,000","40,000",実施可能,,,,3月までリニューアル工事中,,,,,,,,
,デックス東京ビーチ,デックス東京ビーチ⑧　タワー広場,港区台場1丁目6−1,110㎡,屋内（風除室含む）,グラスト,"40,000","40,000",実施可能,,,,3月までリニューアル工事中,,,,,,,,
,東急ストア,東急ストア綾瀬,足立区綾瀬3-1-2,長机2台程,屋外,グラスト,"35,000","35,000",要確認,,,,,,,,,,,,
,東急ストア,東急ストア高島平とうきゅう①　1F店内(フード側通路),板橋区高島平9-23-1,長机2台程,屋内（風除室含む）,場所とる,"35,000","35,000",要確認,,,,,,,,,,,,
,東急ストア,東急ストア高島平とうきゅう②　正面入口,板橋区高島平9-23-1,長机1台程,屋内（風除室含む）,場所とる,"35,000","35,000",要確認,,,,金曜日催事不可,,,,,,,,
,東急ストア,東急ストア長原,大田区上池台1-10-10,長机2台程,屋内（風除室含む）,グラスト,"35,000","35,000",要確認,,,,,,,,,,,,
,東急ストア,東急ストア雪が谷,大田区雪谷大塚町9-9,平台1台分,屋内（風除室含む）,グラスト,"35,000","35,000",要確認,,,,,,,,,,,,
,東急ストア,東急ストア金町①　店頭(寿司屋さん側),葛飾区東金町1-36,長机2台程,屋外,グラスト,"40,000","40,000",要確認,,,,,,,,,,,,
,東急ストア,東急ストア金町②　1F店内(カルディ前),葛飾区東金町1-36,長机2台程,屋内（風除室含む）,グラスト,"40,000","40,000",要確認,,,,,,,,,,,,
,東急ストア,東急ストア金町③　正面入口（風除室）,葛飾区東金町1-36,長机2台程,屋内（風除室含む）,場所とる,"35,000","35,000",要確認,,,,,,,,,,,,
,東急ストア,東急ストア荏原中延,品川区中延2-8-1,長机2台程,屋内（風除室含む）,場所とる,"35,000","35,000",要確認,,,,,,,,,,,,
,東急ストア,東急ストア武蔵小山駅ビル,品川区小山3-4-8,長机2台程,屋内（風除室含む）,グラスト,"45,000","45,000",要確認,,,,,,,,,,,,
,東急ストア,東急ストア目黒,品川区上大崎2-24-13,長机1台分程,屋内（風除室含む）,場所とる,"35,000","35,000",要確認,,,,,,,,,,,,
,東急ストア,東急ストア高円寺,杉並区高円寺南4-48-1,平台1台分,屋内（風除室含む）,グラスト,"35,000","35,000",要確認,,,,,,,,,,,,
,東急ストア,東急ストア駒沢通り野沢①　店頭（正面入口横）,世田谷区野沢3-1-1,長机2台程,屋内（風除室含む）,グラスト,"35,000","35,000",要確認,,,,,,,,,,,,
,東急ストア,東急ストア駒沢通り野沢②　2Fエスカレーター横,世田谷区野沢3-1-1,長机2台程,屋内（風除室含む）,グラスト,"35,000","35,000",要確認,,,,,,,,,,,,
,東急ストア,東急ストア三軒茶屋,世田谷区太子堂4-1-1,長机1~2台分程,屋内（風除室含む）,場所とる,"45,000","45,000",要確認,,,,,,,,,,,,
,東急ストア,東急ストア東長崎,豊島区長崎5-1-31,長机2台程,屋内（風除室含む）,場所とる,"30,000","30,000",要確認,,,,,,,,,,,,
,東急ストア,東急ストア大岡山,目黒区大岡山2-10-1,長机1台分,屋外,場所とる,"45,000","45,000",要確認,,,,,,,,,,,,
,東急ストア,東急ストア清水台,目黒区下目黒4-11-18,長机2台程,屋内（風除室含む）,グラスト,"45,000","45,000",要確認,,,,,,,,,,,,
,東急ストア,東急ストアフレルウィズ自由が丘①　１F店頭,目黒区自由が丘1-6-9,長机2台程,屋内（風除室含む）,グラスト,"60,000","60,000",要確認,,,,,,,,,,,,
,東急ストア,東急ストアフレルウィズ自由が丘②　２F店内階段前,目黒区自由が丘1-6-9,長机2台程,屋内（風除室含む）,グラスト,"50,000","50,000",要確認,,,,,,,,,,,,
,東急ストア,東急ストア祐天寺,目黒区祐天寺2-13-6,長机2台程,屋内（風除室含む）,場所とる,"35,000","35,000",要確認,,,,,,,,,,,,
,東急ストア,東急ストア洗足,目黒区洗足2-21-1,長机2台程,屋内（風除室含む）,グラスト,"45,000","45,000",要確認,,,,,,,,,,,,
,東急ストア,東急ストア都立大学,目黒区中根1-4-3,長机2台程,屋内（風除室含む）,場所とる,"40,000","40,000",要確認,,,,,,,,,,,,
,東急ストア,東急ストアあきる野とうきゅう,あきる野市秋川1-17-1,長机2台程,屋内（風除室含む）,グラスト,"50,000","50,000",要確認,,,,,,,,,,,,
,東急ストア,東急ストア調布とうきゅう,調布市小島町2-52-1,長机2台程,屋内（風除室含む）,場所とる,"45,000","45,000",要確認,,,,,,,,,,,,
,東急ストア,東急ストアつくし野①　店頭部分,町田市つくし野1-30-1,長机2台程,屋内（風除室含む）,グラスト,"35,000","35,000",要確認,,,,,,,,,,,,
,東急ストア,東急ストアつくし野②　１F店内入口付近,町田市つくし野1-30-1,長机2台程,屋内（風除室含む）,グラスト,"35,000","35,000",要確認,,,,,,,,,,,,
,東急ストア,東急ストア町田,町田市原町田6-4-1,長机2台程,屋内（風除室含む）,場所とる,"40,000","40,000",要確認,,,,,,,,,,,,
,東急スポーツオアシス,東急スポーツオアシス多摩川,大田区矢口3-28-7 (東急ドエルアルス多摩川内),長机1～2台分,屋内（風除室含む）,グラスト,"35,000","35,000",要確認,,,,,,,,,,,,
,東急スポーツオアシス,東急スポーツオアシス新宿24Plus,新宿区歌舞伎町2-44-1 (東京都健康プラザ「ハイジア」内5～7階),長机1～2台分,屋内（風除室含む）,グラスト,"35,000","35,000",要確認,,,,,,,,,,,,
,東急スポーツオアシス,東急スポーツオアシス青山,港区北青山2-8-44 TEPIA内,長机1～2台分,屋内（風除室含む）,グラスト,"45,000","45,000",要確認,,,,,,,,,,,,
,東急スポーツオアシス,東急スポーツオアシス武蔵小金井,小金井市本町5-38-36,長机1～2台分,屋内（風除室含む）,グラスト,"35,000","35,000",要確認,,,,,,,,,,,,
,東急スポーツオアシス,東急スポーツオアシス金町24Plus,葛飾区金町6-9-5,長机1～2台分,屋内（風除室含む）,グラスト,"35,000","35,000",要確認,,,,,,,,,,,,
,東急スポーツオアシス,東急スポーツオアシス南大沢24Plus,八王子市南大沢5-4,長机1～2台分,屋内（風除室含む）,グラスト,"45,000","45,000",要確認,,,,,,,,,,,,
,トピレックプラザ,トピレックプラザ①　東館1Fエレベーターホール内,江東区南砂６丁目７−１５,長机2～3分程,屋内（風除室含む）,グラスト,"30,000","40,000",要確認,,,,,,,,,,,,
,トピレックプラザ,トピレックプラザ②　宝くじ売場横広場,江東区南砂６丁目７−１５,長机2～3分程,屋内（風除室含む）,グラスト,"20,000","30,000",要確認,,,,,,,,,,,,
,ドン・キホーテ,MEGAドン・キホーテ立川①,立川市曙町2-18-18,1.8㎡,屋内（風除室含む）,グラスト,"23,000","28,000",要確認,,,,,,,,,,,,
,ドン・キホーテ,MEGAドン・キホーテ立川②　サンプリングスペース,立川市曙町2-18-18,-,屋内（風除室含む）,自由市場,"10,500","10,500",要確認,無,無,無,机椅子の設置NG・サンプリングのみ,,,,,,,,
,ドン・キホーテ,ドン・キホーテ葛西①　公園側駐輪場移動販売スペース,江戸川区北葛西4丁目14−1,11.2㎡,屋外,自由市場,"3,500","3,500",要確認,無,無,有,,,,,,,,,
,ドン・キホーテ,ドン・キホーテ葛西②　公園側駐輪場※キャンペーン専用,江戸川区北葛西4丁目14−1,11.2㎡,屋外,自由市場,"10,500","10,500",要確認,無,無,有,,,,,,,,,
,ドン・キホーテ,ドン・キホーテ葛西③　店内サンプリング,江戸川区北葛西4丁目14−1,-,屋内（風除室含む）,自由市場,"10,500","10,500",要確認,無,無,無,机椅子の設置NG・サンプリングのみ,,,,,,,,
,ドン・キホーテ,ドン・キホーテ環七方南町,杉並区方南1-28-3,2.6㎡,屋外,自由市場,"21,500","21,500",要確認,無,無,有,,,,,,,,,
,ドン・キホーテ,ドン・キホーテ町屋,荒川区町屋6-32-21,2㎡,屋内（風除室含む）,グラスト,"21,000","26,000",要確認,,,,,,,,,,,,
,ドン・キホーテ,ドン・キホーテ浅草,台東区浅草2-10,5.9㎡,屋外,自由市場,"18,500",―,要確認,無,無,有,平日のみ催事可,,,,,,,,
,ドン・キホーテ,ドン・キホーテ府中,府中市緑町2-6-3,1.8㎡,屋内（風除室含む）,グラスト,"33,000","38,000",要確認,,,,,,,,,,,,
,ドン・キホーテ,ドン・キホーテ京王堀之内,八王子市松木34-11,11.2㎡,屋外,自由市場,"13,500","13,500",要確認,無,無,有,,,,,,,,,
,ドン・キホーテ,ドン・キホーテ東八三鷹,三鷹市野崎1-24,12.5㎡,屋外,自由市場,"15,500","15,500",要確認,無,無,無,平日のみ催事可,,,,,,,,
,ドン・キホーテ,ドン・キホーテめじろ台,八王子市椚田町586-22,1㎡,屋内（風除室含む）,自由市場,"17,500","24,500",要確認,無,無,有,,,,,,,,,
,ドン・キホーテ,ドン・キホーテ小平,小平市小川東町1-5-23,9㎡,屋外,自由市場,"15,500","21,500",要確認,無,無,有,,,,,,,,,
,ドン・キホーテ,ドン・キホーテ北池袋,豊島区池袋本町2-7-5,2㎡,屋内（風除室含む）,自由市場,"21,500","30,500",要確認,無,無,有,,,,,,,,,
,ドン・キホーテ,MEGAドン・キホーテ武蔵小金井駅前,小金井市本町5-11-2,1.6㎡,屋内（風除室含む）,自由市場,"20,500","31,500",要確認,無,無,有,,,,,,,,,
,ドン・キホーテ,ドン・キホーテ新宿明治通り,新宿区戸山3-16-6,1㎡,屋内（風除室含む）,グラスト,"25,000","40,000",要確認,,,,,,,,,,,,
,ドン・キホーテ,ドン・キホーテ新宿,新宿区大久保１丁目12-6,"3,7㎡",屋外,自由市場,"20,000","20,000",要確認,無,無,無,,,,,,,,,
,ドン・キホーテ,MEGAドン・キホーテ板橋志村,板橋区志村3-32-16,1㎡,屋外,グラスト,"21,000","21,000",要確認,,,,,,,,,,,,
,ドン・キホーテ,MEGAドン・キホーテ大森山王,大田区山王3-6-3,2.2㎡,屋内（風除室含む）,自由市場,"25,500","30,500",要確認,無,無,有,,,,,,,,,
,ドン・キホーテ,MEGAドン・キホーテ環七梅島,足立区中央本町5-5-14,1.8㎡,屋内（風除室含む）,場所とる,"18,500","20,500",要確認,無,無,有,,,,,,,,,
,ドン・キホーテ,MEGAドン・キホーテ東久留米,東久留米市前沢５丁目８−３,1.2㎡,屋内（風除室含む）,自由市場,"20,500","31,500",要確認,無,無,有,,,,,,,,,
,ドン・キホーテ,ドン・キホーテエッセンス関町,練馬区関町北２丁目２−１,6.3㎡,屋外,自由市場,"15,000","20,000",要確認,無,無,有,,,,,,,,,
,ドン・キホーテ,ドン・キホーテ成増,板橋区成増2-21-2,9.1㎡,屋内（風除室含む）,自由市場,"29,500","39,500",要確認,無,無,有,,,,,,,,,
,ドン・キホーテ,ドン・キホーテラパーク瑞江,江戸川区瑞江2-1-2,2㎡,屋内（風除室含む）,自由市場,"21,500","31,500",要確認,無,無,有,,,,,,,,,
,ドン・キホーテ,ドン・キホーテラパーク環八世田谷,世田谷区八幡山3-39,5.0m×5.0m程度程度,屋外,場所とる,"17,500","24,500",要確認,無,無,無,ポータブル電源・発電機等の持ち込み,,,,,,,,
,ドン・キホーテ,プラチナドン・キホーテ白金,港区白金台3-15-5,1.0m×1.8m程度,屋外,場所とる,"23,000","27,000",要確認,無,無,無,要延長コード（5ｍ）延長コードは必ず養生をお願いします。,,,,,,,,
,日拓渋谷道玄坂広場,日拓渋谷道玄坂広場,渋谷区道玄坂2-5-2,177㎡程度,屋外,場所とる,"1,510,000","1,510,000",要確認,,,,,,,,,,,,
,ピーコックストア,ピーコックストア石川台,大田区東雪谷2-5-11,長机１台分,屋内（風除室含む）,グラスト,"25,000","30,000",要確認,,,,,,,,,,,,
,ピーコックストア,ピーコックストア高野台,練馬区高野台1-7-17,長机１台分,屋内（風除室含む）,場所とる,"20,000","25,000",要確認,,,,通信系ＮＧ,,,,,,,,
,ピーコックストア,ピーコックストア高島平,板橋区高島平2ｰ33−1−101,長机１台分,屋外,場所とる,"20,000","25,000",要確認,,,,,,,,,,,,
,ピーコックストア,ピーコックストア都立家政,中野区鷺宮10-17−3,長机１台分,屋内（風除室含む）,グラスト,"25,000","30,000",要確認,,,,,,,,,,,,
,ピーコックストア,ピーコックストア桜新町,世田谷区新町2ー37−12,長机１台分,屋内（風除室含む）,場所とる,"15,000","20,000",要確認,,,,通信系ＮＧ,,,,,,,,
,ピーコックストア,ピーコックストア高田馬場,新宿区高田馬場1ー28−7,長机１台分,屋内（風除室含む）,グラスト,"25,000","30,000",要確認,,,,,,,,,,,,
,ピーコックストア,ピーコックストア久我山,杉並区久我山4-2-6,長机１台分,屋外,場所とる,"20,000","25,000",要確認,,,,通信系ＮＧ,,,,,,,,
,ピーコックストア,ピーコックストア井荻,杉並区下井草5-18-8,長机１台分,屋内（風除室含む）,場所とる,"20,000","25,000",要確認,,,,,,,,,,,,
,ピーコックストア,ピーコックストア阿佐ヶ谷,杉並区阿佐ヶ谷南1丁目32-10,長机１台分,屋外,場所とる,"20,000","25,000",要確認,,,,,,,,,,,,
,ピーコックストア,ピーコックストア恵比寿,渋谷区恵比寿⻄1-6-1,長机１台分,屋内（風除室含む）,グラスト,"35,000","40,000",要確認,,,,,,,,,,,,
,ピーコックストア,ピーコックストア国立弁天通り,立川市栄町1-36-1,長机１台分,屋内（風除室含む）,グラスト,"25,000","30,000",要確認,,,,,,,,,,,,
,ピーコックストア,ピーコックストア玉川上水,立川市柏町4-1-2,長机１台分,屋内（風除室含む）,場所とる,"20,000","25,000",要確認,,,,通信系ＮＧ,,,,,,,,
,ピーコックストア,ピーコックストア東小金井,小金井市中町2-23-23,長机１台分,屋外,場所とる,"15,000","20,000",要確認,,,,通信系ＮＧ,,,,,,,,
,ピーコックストア,ピーコックストア花小金井,小平市花小金井南町1-25-29,長机１台分,屋内（風除室含む）,場所とる,"20,000","25,000",要確認,,,,通信系ＮＧ,,,,,,,,
,ピーコックストア,ピーコック下北沢,世田谷区北沢２丁目２５−２１,長机1台分程,屋内（風除室含む）,グラスト,"25,000","30,000",要確認,,,,ソフトバンク催事不可,,,,,,,,
,東久留米ショッピングセンター　クルネ,東久留米ショッピングセンタークルネ,東久留米市野火止1-3-3,約72㎡,屋内（風除室含む）,グラスト,"60,000","60,000",要確認,,,,,,,,,,,,
,ビバホーム,スーパービバホーム豊洲①　新催事場所(エレベーターホール),江東区豊洲3丁目4番8号,長机2台分程,屋内（風除室含む）,グラスト,"50,000","50,000",要確認,,,,,,,,,,,,
,ビバホーム,スーパービバホーム豊洲②　Parade（靴屋）前,江東区豊洲3丁目4番8号,約458×183,屋内（風除室含む）,グラスト,"30,000","40,000",要確認,,,,,,,,,,,,
,ビバホーム,スーパービバホーム豊洲③　文化堂アウトレット催事前,江東区豊洲3丁目4番8号,約458×183,屋内（風除室含む）,グラスト,"30,000","40,000",要確認,,,,,,,,,,,,
,ビバホーム,スーパービバホーム豊洲④　お菓子ランド前,江東区豊洲3丁目4番8号,約458×183,屋内（風除室含む）,グラスト,"30,000","40,000",要確認,,,,,,,,,,,,
,ファンタジーキッズリゾート,ファンタジーキッズリゾート武蔵村山①　屋内スペース①,武蔵村山市伊奈平3-36-1 ダイエー武蔵村山店2F,2m×2m,屋内（風除室含む）,グラスト,"20,000","30,000",要確認,,,,施設カレンダーにより料金変動、契約行為不可,,,,,,,,
,ファンタジーキッズリゾート,ファンタジーキッズリゾート武蔵村山②　屋内スペース②,武蔵村山市伊奈平3-36-1 ダイエー武蔵村山店2F,2m×4m,屋内（風除室含む）,グラスト,"23,000","36,000",要確認,,,,施設カレンダーにより料金変動、契約行為不可,,,,,,,,
,ファンタジーキッズリゾート,ファンタジーキッズリゾート武蔵村山③　屋内スペース③,武蔵村山市伊奈平3-36-1 ダイエー武蔵村山店2F,2m×6m,屋内（風除室含む）,グラスト,"28,000","46,000",要確認,,,,施設カレンダーにより料金変動、契約行為不可,,,,,,,,
,ファンタジーキッズリゾート,ファンタジーキッズリゾート多摩①　屋内スペース①,多摩市落合2-33 クロスガーデン多摩2F,2m×2m,屋内（風除室含む）,グラスト,"20,000","30,000",要確認,,,,施設カレンダーにより料金変動、契約行為不可,,,,,,,,
,ファンタジーキッズリゾート,ファンタジーキッズリゾート多摩②　屋内スペース②,多摩市落合2-33 クロスガーデン多摩2F,2m×4m,屋内（風除室含む）,グラスト,"23,000","36,000",要確認,,,,施設カレンダーにより料金変動、契約行為不可,,,,,,,,
,ファンタジーキッズリゾート,ファンタジーキッズリゾート多摩③　屋内スペース③,多摩市落合2-33 クロスガーデン多摩2F,2m×6m,屋内（風除室含む）,グラスト,"28,000","46,000",要確認,,,,施設カレンダーにより料金変動、契約行為不可,,,,,,,,
,フィットネスクラブティップネス,フィットネスクラブティップネス綾瀬,足立区綾瀬3-14-16　エディフィス山陽,長机1～2台分程,屋内（風除室含む）,グラスト,"30,000","30,000",要確認,,,,,,,,,,,,
,フィットネスクラブティップネス,フィットネスクラブティップネス王子,北区王子1-10-17　ヒューリック王子ビル6－9階,長机1～2台分程,屋内（風除室含む）,グラスト,"30,000","30,000",要確認,,,,,,,,,,,,
,フィットネスクラブティップネス,フィットネスクラブティップネス,練馬区東大泉1-27-14,長机1～2台分程,屋内（風除室含む）,グラスト,"30,000","30,000",要確認,,,,,,,,,,,,
,フィットネスクラブティップネス,フィットネスクラブティップネス蒲田,大田区蒲田5-28-8　she‐Bopビル3～5F,長机1～2台分程,屋内（風除室含む）,グラスト,"30,000","30,000",要確認,,,,,,,,,,,,
,フィットネスクラブティップネス,フィットネスクラブティップネス喜多見,世田谷区喜多見9-25-8,長机1～2台分程,屋内（風除室含む）,グラスト,"30,000","30,000",要確認,,,,,,,,,,,,
,フィットネスクラブティップネス,フィットネスクラブティップネス木場,江東区木場1-5-10,長机1～2台分程,屋内（風除室含む）,グラスト,"40,000","40,000",要確認,,,,,,,,,,,,
,フィットネスクラブティップネス,フィットネスクラブティップネス小岩,江戸川区西小岩1-28-4,長机1～2台分程,屋内（風除室含む）,グラスト,"30,000","30,000",要確認,,,,,,,,,,,,
,フィットネスクラブティップネス,フィットネスクラブティップネス駒沢大学,世田谷区上馬 3-15-16,長机1～2台分程,屋内（風除室含む）,グラスト,"30,000","30,000",要確認,,,,,,,,,,,,
,フィットネスクラブティップネス,フィットネスクラブティップネス五反田,品川区東五反田2-3-3,長机1～2台分程,屋内（風除室含む）,グラスト,"40,000","40,000",要確認,,,,,,,,,,,,
,フィットネスクラブティップネス,フィットネスクラブティップネス三軒茶屋,世田谷区太子堂2-15-4,長机1～2台分程,屋内（風除室含む）,グラスト,"30,000","30,000",要確認,,,,,,,,,,,,
,フィットネスクラブティップネス,フィットネスクラブティップネス下井草,杉並区下井草2-40-17,長机1～2台分程,屋内（風除室含む）,グラスト,"30,000","30,000",要確認,,,,,,,,,,,,
,フィットネスクラブティップネス,フィットネスクラブティップネス新小岩,葛飾区西新小岩1-2-1,長机1～2台分程,屋内（風除室含む）,グラスト,"30,000","30,000",要確認,,,,,,,,,,,,
,フィットネスクラブティップネス,フィットネスクラブティップネス東武練馬,練馬区北町2-22-17,長机1～2台分程,屋内（風除室含む）,グラスト,"30,000","30,000",要確認,,,,,,,,,,,,
,フィットネスクラブティップネス,フィットネスクラブティップネス中野,中野区中野2-25-6,長机1～2台分程,屋内（風除室含む）,グラスト,"30,000","30,000",要確認,,,,,,,,,,,,
,フィットネスクラブティップネス,フィットネスクラブティップネス練馬,練馬区練馬1-5-16,長机1～2台分程,屋内（風除室含む）,グラスト,"30,000","30,000",要確認,,,,,,,,,,,,
,フィットネスクラブティップネス,フィットネスクラブティップネス氷川台,練馬区桜台3-34-2,長机1～2台分程,屋内（風除室含む）,グラスト,"30,000","30,000",要確認,,,,,,,,,,,,
,フィットネスクラブティップネス,フィットネスクラブティップネス東新宿,新宿区新宿6-27-30　新宿イーストサイドスクエアB1F,長机1～2台分程,屋内（風除室含む）,グラスト,"30,000","30,000",要確認,,,,,,,,,,,,
,フィットネスクラブティップネス,フィットネスクラブティップネス瑞江,江戸川区瑞江4-44-20,長机1～2台分程,屋内（風除室含む）,グラスト,"30,000","30,000",要確認,,,,,,,,,,,,
,フィットネスクラブティップネス,フィットネスクラブティップネス明大前,世田谷区松原2-46-1　フレンテ明大前 3～5F,長机1～2台分程,屋内（風除室含む）,グラスト,"30,000","30,000",要確認,,,,,,,,,,,,
,フィットネスクラブティップネス,フィットネスクラブティップネス六本木,港区六本木6-6-9　ピラミデビル B1F,長机1～2台分程,屋内（風除室含む）,グラスト,"40,000","40,000",要確認,,,,,,,,,,,,
,フィットネスクラブティップネス,フィットネスクラブティップネス吉祥寺,武蔵野市吉祥寺南町2-2-5,長机1～2台分程,屋内（風除室含む）,グラスト,"40,000","40,000",要確認,,,,,,,,,,,,
,フィットネスクラブティップネス,フィットネスクラブティップネス国分寺,国分寺市本町4-12-1,長机1～2台分程,屋内（風除室含む）,グラスト,"40,000","40,000",要確認,,,,,,,,,,,,
,フィットネスクラブティップネス,フィットネスクラブティップネス国領,調布市国領町2-10-1,長机1～2台分程,屋内（風除室含む）,グラスト,"40,000","40,000",要確認,,,,,,,,,,,,
,フィットネスクラブティップネス,フィットネスクラブティップネス田無,西東京市田無町4-28-17,長机1～2台分程,屋内（風除室含む）,グラスト,"40,000","40,000",要確認,,,,,,,,,,,,
,フィットネスクラブティップネス,フィットネスクラブティップネス町田,町田市原町田6-7-8　町田TIP'S 5F～7F,長机1～2台分程,屋内（風除室含む）,グラスト,"30,000","30,000",要確認,,,,,,,,,,,,
,フォレストモール,フォレストモール八王子大和田①　1F催事スペース（スーパーアルプス側）,八王子市大和田町５丁目７−１８,長机1～2台分程,屋内（風除室含む）,場所とる,"20,000","35,000",要確認,,,,買取催事不可,,,,,,,,
,フォレストモール,フォレストモール八王子大和田②　1F催事スペース（眼鏡市場前）,八王子市大和田町５丁目７−１８,要確認,屋内（風除室含む）,場所とる,"23,000","38,000",要確認,,,,買取催事不可,,,,,,,,
,富士シティオ,FUJI用賀,世田谷区用賀4-11-3,長机2台程,屋内（風除室含む）,グラスト,"35,000","35,000",要確認,,,,,,,,,,,,
,富士シティオ,FUJI矢野口駅,稲城市矢野口299-3,長机2台程,屋内（風除室含む）,グラスト,"35,000","35,000",要確認,,,,,,,,,,,,
,富士シティオ,FUJI百草園,日野市落川2110-3,長机2台程,屋内（風除室含む）,グラスト,"35,000","35,000",要確認,,,,,,,,,,,,
,ブックスタマ武蔵小山店,ブックスタマ武蔵小山,品川区小山3-21-16,1.3㎡,屋内（風除室含む）,グラスト,"43,000","44,150",要確認,,,,備品貸出不可,,,,,,,,
,フロム中武,フロム中武,立川市曙町二丁目11-2,長机2台分程,屋内（風除室含む）,グラスト,"30,000","30,000",要確認,,,,,,,,,,,,
,ベイシア,ベイシア青梅インター①　青果入口ガラス面（レジ側）,青梅市新町6-16-15,約3坪,屋内（風除室含む）,場所とる,"18,000","23,000",要確認,,,,通信催事可能、ウォーターサーバー催事不可,,,,,,,,
,ベイシア,ベイシア青梅インター②　衣料入口ガラス面（レジ側）（地金催事）,青梅市新町6-16-15,約4坪,,場所とる,"18,000","23,000",要確認,,,,通信催事可能、ウォーターサーバー催事不可,,,,,,,,
,ベイシア,ベイシア青梅インター③　食品入口正面　コンパクト10台程度,青梅市新町6-16-15,-,,,,,要確認,,,,通信催事可能、ウォーターサーバー催事不可,,,,,,,,
,ベイシア,ベイシア青梅インター④　エスカレーター昇降口,青梅市新町6-16-15,約8坪,,,,,要確認,,,,通信催事可能、ウォーターサーバー催事不可,,,,,,,,
,ベイシア,ベイシア青梅インター⑤　休憩所前スペース,青梅市新町6-16-15,約3坪,,場所とる,"18,000","23,000",要確認,,,,通信催事可能、ウォーターサーバー催事不可,,,,,,,,
,ベイシア,ベイシア青梅インター⑥　衣料側風除室3台～5台,青梅市新町6-16-15,-,,,,,要確認,,,,通信催事可能、ウォーターサーバー催事不可,,,,,,,,
,ぽっぽ町田,ぽっぽ町田①　旧テナントスペース,町田市原町田4丁目10番地20号,66㎡,屋内（風除室含む）,グラスト,"17,500","25,000",要確認,,,,,,,,,,,,
,ぽっぽ町田,ぽっぽ町田②　屋外広場,町田市原町田4丁目10番地20号,長机１～２台程,屋内（風除室含む）,グラスト,"30,000","30,000",要確認,,,,,,,,,,,,
,ぽっぽ町田,ぽっぽ町田③　ピロティ,町田市原町田4丁目10番地20号,長机１～２台程,屋内（風除室含む）,グラスト,"20,000","20,000",要確認,,,,,,,,,,,,
,ぽっぽ町田,ぽっぽ町田④　1階催事場,町田市原町田4丁目10番地20号,71㎡,屋内（風除室含む）,グラスト,"17,500","25,000",要確認,,,,,,,,,,,,
,ポンテポルタ千住,ポンテポルタ千住,足立区千住橋戸町1-13,約218㎡,屋内（風除室含む）,グラスト,"120,000","240,000",要確認,,,,,,,,,,,,
,マグレブ,マグレブEAST①　EAST2階正面エントランス左横スペース(千歳屋前),多摩市落合1-39-1,5.1坪,屋内（風除室含む）,グラスト,"84,000","84,000",要確認,,,,,,,,,,,,
,マグレブ,マグレブEAST②　EAST2階正面エントランス右横スペース(千歳屋前),多摩市落合1-39-1,3.2坪,屋内（風除室含む）,グラスト,"84,000","84,000",要確認,,,,,,,,,,,,
,マグレブ,マグレブEAST③　EAST2階正面エントランス右側非常階段前スペース(千歳屋横),多摩市落合1-39-1,3.6坪,屋内（風除室含む）,グラスト,"84,000","84,000",要確認,,,,,,,,,,,,
,マグレブ,マグレブEAST④　EAST2階中央通路下スペース(ミニストップ前),多摩市落合1-39-1,3.2坪,屋内（風除室含む）,グラスト,"84,000","84,000",要確認,,,,,,,,,,,,
,マグレブ,マグレブEAST⑤　EAST1階正面エントランス左スペース,多摩市落合1-39-1,2.8坪,屋内（風除室含む）,グラスト,"60,000","60,000",要確認,,,,,,,,,,,,
,マグレブ,マグレブEAST⑥　EAST1階正面エントランス右スペース,多摩市落合1-39-1,4.1坪,屋内（風除室含む）,グラスト,"60,000","60,000",要確認,,,,,,,,,,,,
,マグレブ,マグレブEAST⑦　EAST7階エスカレーター下スペース(飲食フロア),多摩市落合1-39-1,1.6坪,屋内（風除室含む）,グラスト,"84,000","84,000",要確認,,,,,,,,,,,,
,マグレブ,マグレブEAST⑧　WEST1階階段左スペース,多摩市落合1-39-1,2.5坪,屋内（風除室含む）,グラスト,"84,000","84,000",要確認,,,,,,,,,,,,
,マグレブ,マグレブEAST⑨　WEST1階階段右スペース,多摩市落合1-39-1,4.6坪,屋内（風除室含む）,グラスト,"84,000","84,000",要確認,,,,,,,,,,,,
,マグレブ,マグレブEAST⑩　EAST7階エスカレーター手前スペース(飲食フロア),多摩市落合1-39-1,3.3坪,屋内（風除室含む）,グラスト,"84,000","84,000",要確認,,,,,,,,,,,,
,マグレブ,マグレブEAST⑪　WEST2階右スペース(斜面),多摩市落合1-39-1,奥行200cm,屋内（風除室含む）,グラスト,"84,000","84,000",要確認,,,,,,,,,,,,
,マグレブ,マグレブEAST⑫　WEST2階中央スペース奥or真ん中or手前,多摩市落合1-39-1,4.9坪,屋内（風除室含む）,グラスト,"84,000","84,000",要確認,,,,,,,,,,,,
,マックスバリュ,マックスバリュ竹の塚,足立区竹の塚5丁目2番14,長机1台分,屋内（風除室含む）,場所とる,"20,000","25,000",要確認,,,,,,,,,,,,
,マックスバリュ,マックスバリュエクスプレス 六郷土手駅前,大田区西六郷4-16-6,長机１台分程,屋内（風除室含む）,グラスト,"25,000",―,要確認,,,,火曜日、土曜日、日曜日は申請不可,,,,,,,,
,マックスバリュ,マックスバリュエクスプレス亀戸センタープラザ,江東区亀戸５丁目３０−３ 亀戸センタープラザ,長机1台分程,屋内（風除室含む）,グラスト,"35,000","40,000",要確認,,,,電源有り・備品貸出不可、最大入店可能人数は3名迄。,,,,,,,,
,ままともプラザ町田,ままともプラザ町田①　1F北側ATM前スペース,町田市旭町1丁目24番1号,約2坪,屋内（風除室含む）,場所とる,"18,000","23,000",要確認,,,,通信系ＮＧ,,,,,,,,
,ままともプラザ町田,ままともプラザ町田②　B1F昇りESC前スペース,町田市旭町1丁目24番1号,約4坪,屋内（風除室含む）,場所とる,"18,000","23,000",要確認,,,,通信系ＮＧ,,,,,,,,
,マミーマート,マミーマート足立島根,足立区島根4-18-3,机1本,屋内（風除室含む）,場所とる,"21,000","21,000",要確認,,,,,,,,,,,,
,マルエツ,マルエツ錦糸町,墨田区太平1-14-1,2m×1.5m～,屋内（風除室含む）,グラスト,"25,000","30,000",要確認,,,,,,,,,,,,
,マルエツ,マルエツ大森町,大田区大森西3-31-8,2m×1.5m～,屋内（風除室含む）,ダイエースペース,"15,000","20,000",要確認,,,,,,,,,,,,
,マルエツ,マルエツ真中,世田谷区上馬3-17-10,2m×1.5m～,屋内（風除室含む）,ダイエースペース,"15,000","20,000",要確認,,,,,,,,,,,,
,マルエツ,マルエツ南大泉,練馬区南大泉5-30-10,2m×1.5m～,屋内（風除室含む）,ダイエースペース,"15,000","20,000",要確認,,,,,,,,,,,,
,マルエツ,マルエツ練馬高松,練馬区高松2-26-6,2m×1.5m～,屋内（風除室含む）,ダイエースペース,"15,000","20,000",要確認,,,,,,,,,,,,
,マルエツ,マルエツ調布,調布市調布ヶ丘1-18-1,2m×1.5m～,屋内（風除室含む）,ダイエースペース,"15,000","20,000",要確認,,,,,,,,,,,,
,マルエツ,マルエツ武蔵砂川,立川市上砂町5-43-1,2m×1.5m～,屋内（風除室含む）,ダイエースペース,"15,000","20,000",要確認,,,,,,,,,,,,
,マルエツ,マルエツ中野若宮①　店内,中野若宮2-42-1,2m×1.5m～,屋内（風除室含む）,ダイエースペース,"15,000","20,000",要確認,,,,,,,,,,,,
,マルエツ,マルエツ中野若宮②　店外,中野若宮2-42-1,,屋外,ダイエースペース,"15,000","20,000",要確認,,,,,,,,,,,,
,マルエツ,マルエツ東和,足立区東和1-29-8,長机1台分程,屋内（風除室含む）,ダイエースペース,"15,000","20,000",要確認,,,,毎月1・14・15・31日不可,,,,,,,,
,マルエツ,マルエツ金町,葛飾区金町6-2-1,長机1台分程,屋内（風除室含む）,グラスト,"25,000","30,000",要確認,,,,毎月1日、15日不可,,,,,,,,
,マルエツ,マルエツ松江,江戸川区松江1-15-16,長机1台分程,屋内（風除室含む）,ダイエースペース,"15,000","20,000",要確認,,,,,,,,,,,,
,マルエツ,マルエツかまた,大田区蒲田5-47-7,長机1台分程,屋内（風除室含む）,ダイエースペース,"15,000","20,000",要確認,,,,,,,,,,,,
,マルエツ,マルエツ新糀谷,大田区萩中2-12-5,長机1台分程,屋内（風除室含む）,グラスト,"25,000","30,000",要確認,,,,,,,,,,,,
,マルエツ,マルエツ鵜の木,大田区鵜の木2-15-3,長机1台分程,屋内（風除室含む）,場所とる,"20,000","25,000",要確認,,,,,,,,,,,,
,マルエツ,マルエツ四葉,板橋区四葉2-2-22,長机1台分程,屋内（風除室含む）,ダイエースペース,"15,000","20,000",要確認,,,,,,,,,,,,
,マルエツ,マルエツ東新小岩,葛飾区東新小岩8-28-1,,屋外,ダイエースペース,"15,000","20,000",要確認,,,,,,,,,,,,
,マルエツ,マルエツ新井薬師寺,中野区上高田3-39-14,長机1/2台分程,屋外,ダイエースペース,"15,000","20,000",要確認,,,,毎月1日、15日不可,,,,,,,,
,マルエツ,マルエツ港南ワールドシティー,港区港南4-6-7,長机1台分程,屋外,ダイエースペース,"15,000","20,000",要確認,,,,,,,,,,,,
,マルエツ,マルエツ西日暮里,荒川区西日暮里1-3-4,長机1/2台分程,屋内（風除室含む）,ダイエースペース,"15,000","20,000",要確認,,,,,,,,,,,,
,マルエツ,マルエツ西新井,足立区西新井2-26-16,長机1台分程,屋内（風除室含む）,ダイエースペース,"15,000","20,000",要確認,,,,毎月15日不可,,,,,,,,
,マルエツ,マルエツ清澄白河,江東区白川4-3-1-101,長机1台分程,屋内（風除室含む）,ダイエースペース,"15,000","20,000",要確認,,,,,,,,,,,,
,マルエツ,マルエツ足立入谷,足立区入江1-26-15,長机1台分程,屋内（風除室含む）,ダイエースペース,"15,000","20,000",要確認,,,,,,,,,,,,
,マルエツ,マルエツ大泉学園,練馬区大泉学園5-6-27,長机1台分程,屋内（風除室含む）,グラスト,"25,000","30,000",要確認,,,,,,,,,,,,
,マルエツ,マルエツオレンジコート,新宿区大久保3-10-1,長机1台分程,屋外,場所とる,"20,000","25,000",要確認,,,,,,,,,,,,
,マルエツ,マルエツ梅屋敷,大田区蒲田1-1-7,長机1/2台分程,屋外,ダイエースペース,"15,000","20,000",要確認,,,,,,,,,,,,
,マルエツ,マルエツプチ小伝馬町駅前,中央区日本橋小伝馬町13-4,長机1台分程,屋内（風除室含む）,グラスト,"35,000","40,000",要確認,,,,,,,,,,,,
,マルエツ,マルエツプチ城山ヒルズ,港区虎ノ門4-1-17,長机1台分程,屋内（風除室含む）,ダイエースペース,"15,000","20,000",要確認,,,,,,,,,,,,
,マルエツ,マルエツプチ浜松町1丁目,港区浜松町1-3-1　浜離宮ザタワー,長机1/2台分程,屋内（風除室含む）,グラスト,"35,000","40,000",要確認,,,,,,,,,,,,
,マルエツ,リンコス六本木ヒルズ,港区六本木6-11-1,長机1/2台分程,屋内（風除室含む）,グラスト,"35,000","40,000",要確認,,,,,,,,,,,,
,マルエツ,リンコス高輪,港区高輪三丁目1-27-37,長机1台分程,屋外,ダイエースペース,"15,000","20,000",要確認,,,,,,,,,,,,
,マルエツ,マルエツ亀有,葛飾区亀有5-29-1,長机1台分程,屋内（風除室含む）,グラスト,"25,000","30,000",要確認,,,,,,,,,,,,
,マルエツ,マルエツ高田馬場,新宿区高田馬場3-23-1,長机1台分程,屋内（風除室含む）,ダイエースペース,"15,000","20,000",要確認,,,,,,,,,,,,
,マルエツ,マルエツ新田,大田区矢口1-19-1,長机1台分程,屋外,ダイエースペース,"15,000","20,000",要確認,,,,,,,,,,,,
,マルエツ,リンコス九段,千代田区九段北4-1-3,長机1台分程,屋外,グラスト,"35,000","40,000",要確認,,,,,,,,,,,,
,マルエツ,マルエツ菊川,墨田区菊川2-2-10,長机1台分程,屋外,ダイエースペース,"15,000","20,000",要確認,,,,,,,,,,,,
,マルエツ,マルエツ大森東,大田区大森東5-23-1,長机1台分程,屋外,ダイエースペース,"15,000","20,000",要確認,,,,,,,,,,,,
,マルエツ,マルエツ田柄,練馬区田柄5-10-1,長机1台分程,屋外,ダイエースペース,"15,000","20,000",要確認,,,,,,,,,,,,
,マルエツ,マルエツ伊興,足立区伊興2-21-20,長机1台分程,屋外,ダイエースペース,"15,000","20,000",要確認,,,,,,,,,,,,
,マルエツ,マルエツ佃,中央区佃2-2-8リバーシティ21G棟,長机1台分程,屋内（風除室含む）,ダイエースペース,"15,000","20,000",要確認,,,,,,,,,,,,
,マルエツ,リンコスリバーシティ,中央区佃1-11-8リバーシティ21ピアウエスト,長机1台分程,屋外,ダイエースペース,"15,000","20,000",要確認,,,,,,,,,,,,
,マルエツ,マルエツ新小岩,葛飾区東新小岩1-18-7,長机1台分程,屋内（風除室含む）,ダイエースペース,"15,000","20,000",要確認,,,,,,,,,,,,
,マルエツ,マルエツ国領,調布市国領町3-1-38,長机1台分程,屋内（風除室含む）,ダイエースペース,"15,000","20,000",要確認,,,,,,,,,,,,
,マルエツ,マルエツ戸倉,国分寺市戸倉4-45-2,長机1台分程,屋内（風除室含む）,ダイエースペース,"15,000","20,000",要確認,,,,,,,,,,,,
,マルエツ,マルエツ清瀬中里,清瀬市中里5-21-1,長机1台分程,屋内（風除室含む）,ダイエースペース,"15,000","20,000",要確認,,,,,,,,,,,,
,マルエツ,マルエツ田無西原,西東京市西原町3-3-14,長机1台分程,屋内（風除室含む）,グラスト,"35,000","40,000",要確認,,,,,,,,,,,,
,マルエツ,マルエツ唐木田駅前,多摩市唐木田1-1-17,長机1台分程,屋内（風除室含む）,ダイエースペース,"15,000","20,000",要確認,,,,,,,,,,,,
,マルエツ,マルエツ保谷住吉,西東京市住吉6-1-28,長机1台分程,屋外,ダイエースペース,"15,000","20,000",要確認,,,,,,,,,,,,
,マルエツ,マルエツ鶴川,町田市能ヶ谷1-7-5,長机1台分程,屋外,ダイエースペース,"15,000","20,000",要確認,,,,,,,,,,,,
,マルエツ,マルエツ町田鶴川,町田市大蔵町443,長机1台分程,屋内（風除室含む）,ダイエースペース,"15,000","20,000",要確認,,,,,,,,,,,,
,マルエツ,マルエツ飛田給,調布市飛田給１丁目７−４,長机2台分,屋外,ダイエースペース,"15,000","20,000",要確認,,,,,,,,,,,,
,マルエツ,マルエツ潮見,江東区潮見2丁目7-9,長机1台分程,,グラスト,"35,000","40,000",要確認,,,,確定後に区画が決定致します。,,,,,,,,
,マルエツ,マルエツ葛西クリーンタウン,江戸川区清新町1-3-6,長机1台分程,屋内（風除室含む）,ダイエースペース,"15,000","20,000",要確認,,,,,,,,,,,,
,マルエツ,マルエツ江戸川橋,新宿区水道町4-13,長机１台分程,屋内（風除室含む）,ダイエースペース,"15,000","20,000",要確認,,,,,,,,,,,,
,マルエツ,マルエツ板橋南町,板橋区南町21-1,長机1台分,屋内（風除室含む）,ダイエースペース,"15,000","20,000",要確認,,,,,,,,,,,,
,マルエツ,マルエツ成増南口,板橋区成増１丁目１４−１０,長机1台分程,屋外,グラスト,"25,000","30,000",要確認,,,,買取催事不可,,,,,,,,
,三井アウトレットパーク,三井アウトレットパーク多摩南大沢①　ファクトリーアウトレッツA街区1階南側エスカレーター下,八王子市南大沢1丁目600,約10.5㎡,屋内（風除室含む）,グラスト,"120,000","230,000",要確認,,,,,,,,,,,,
,三井アウトレットパーク,三井アウトレットパーク多摩南大沢②　ファクトリーアウトレッツA街区1階ガラスゲート前通路下,八王子市南大沢1丁目600,約20.0㎡,屋内（風除室含む）,グラスト,"110,000","220,000",要確認,,,,,,,,,,,,
,三井アウトレットパーク,三井アウトレットパーク多摩南大沢③　ファクトリーアウトレッツA街区1階北側共用部スペース前,八王子市南大沢1丁目600,約32.0㎡,屋内（風除室含む）,グラスト,"110,000","220,000",要確認,,,,,,,,,,,,
,三井アウトレットパーク,三井アウトレットパーク多摩南大沢④　ファクトリーアウトレッツB街区フェスティバルステージ,八王子市南大沢1丁目600,約27㎠,屋内（風除室含む）,グラスト,"110,000","220,000",要確認,,,,,,,,,,,,
,三井アウトレットパーク,三井アウトレットパーク多摩南大沢⑤　ファクトリーアウトレッツB街区キッチンコートA,八王子市南大沢1丁目600,約90㎡,屋内（風除室含む）,場所とる,"108,000","208,000",要確認,,,,,,,,,,,,
,三井アウトレットパーク,三井アウトレットパーク多摩南大沢⑥　ファクトリーアウトレッツVilla1階南側連絡通路,八王子市南大沢1丁目600,約24㎡,屋内（風除室含む）,場所とる,"108,000","208,000",要確認,,,,,,,,,,,,
,三井アウトレットパーク,三井アウトレットパーク多摩南大沢⑦　ファクトリーアウトレッツVilla1階中央エスカレーター下,八王子市南大沢1丁目600,約32㎡,屋内（風除室含む）,グラスト,"110,000","220,000",要確認,,,,,,,,,,,,
,三井アウトレットパーク,三井アウトレットパーク多摩南大沢⑧　ファクトリーアウトレッツVilla1階A駐車場入口,八王子市南大沢1丁目600,約10㎡,屋内（風除室含む）,グラスト,"110,000","220,000",要確認,,,,,,,,,,,,
,三井アウトレットパーク,三井アウトレットパーク多摩南大沢⑨　ファクトリーアウトレッツA街区2階キッズルーム前,八王子市南大沢1丁目600,約8.8㎡,屋内（風除室含む）,グラスト,"110,000","220,000",要確認,,,,,,,,,,,,
,三井アウトレットパーク,三井アウトレットパーク多摩南大沢⑩　フファクトリーアウトレッツA街区2階北側連絡通路,八王子市南大沢1丁目600,約15.0㎡,屋内（風除室含む）,グラスト,"110,000","220,000",要確認,,,,,,,,,,,,
,南砂町ショッピングセンター　スナモ,南砂町ショッピングセンタースナモ①　1階吹き抜けスペース,江東区新砂3-4-31,約113㎡,屋内（風除室含む）,グラスト,"490,000","490,000",要確認,,,,,,,,,,,,
,南砂町ショッピングセンター　スナモ,南砂町ショッピングセンタースナモ②　1階吹き抜け広場(ATM横),江東区新砂3-4-31,約7.6㎡,屋内（風除室含む）,グラスト,"120,000","120,000",要確認,,,,,,,,,,,,
,南砂町ショッピングセンター　スナモ,南砂町ショッピングセンタースナモ③　1階エントランス広場(屋外),江東区新砂3-4-31,約40㎡,屋内（風除室含む）,グラスト,"120,000","120,000",要確認,,,,,,,,,,,,
,南砂町ショッピングセンター　スナモ,南砂町ショッピングセンタースナモ④　2階AMERICAN HOLIC横,江東区新砂3-4-31,約42㎡,屋内（風除室含む）,グラスト,"240,000","240,000",要確認,,,,,,,,,,,,
,南砂町ショッピングセンター　スナモ,南砂町ショッピングセンタースナモ⑤　2階無印良品横,江東区新砂3-4-31,約40㎡,屋内（風除室含む）,グラスト,"120,000","120,000",要確認,,,,,,,,,,,,
,南砂町ショッピングセンター　スナモ,南砂町ショッピングセンタースナモ⑥　3階西松屋前,江東区新砂3-4-31,約40㎡,屋内（風除室含む）,グラスト,"120,000","120,000",要確認,,,,,,,,,,,,
,南砂町ショッピングセンター　スナモ,南砂町ショッピングセンタースナモ⑦　3階MDAYS横,江東区新砂3-4-31,約12.6㎡,屋内（風除室含む）,グラスト,"60,000","60,000",要確認,,,,,,,,,,,,
,ミヤシタパーク,ミヤシタパーク①　南2F ウェルカムテラス（屋外）,渋谷区神宮前６丁目２０−１０,約9.8㎡,屋外,グラスト,"250,000","490,000",要確認,,,,,,,,,,,,
,ミヤシタパーク,ミヤシタパーク②　南2F 吹き抜け広場（屋内）,渋谷区神宮前６丁目２０−１０,約56㎡,屋内（風除室含む）,グラスト,"480,000","960,000",要確認,,,,,,,,,,,,
,ミヤシタパーク,ミヤシタパーク③　北2F 中央スペース（半屋外）,渋谷区神宮前６丁目２０−１０,約6㎡,屋内（風除室含む）,グラスト,"180,000","300,000",要確認,,,,,,,,,,,,
,ミヤシタパーク,ミヤシタパーク④　北2F テラススペース（半屋外）,渋谷区神宮前６丁目２０−１０,約45.9㎡,屋内（風除室含む）,グラスト,"360,000","600,000",要確認,,,,,,,,,,,,
,メディアライン曙橋店,メディアライン曙橋,新宿区住吉町6-10,5.6㎡,屋内（風除室含む）,グラスト,"26,800","26,800",要確認,,,,,,,,,,,,
,ユナイテッド・シネマ,ユナイテッド・シネマとしまえん,練馬区練馬4-15-20,長机1～2個,屋内（風除室含む）,場所とる,"46,000","74,000",要確認,,,,毎月1日・水・金は別料金,,,,,,,,
,ユナイテッド・シネマ,ユナイテッド・シネマ豊洲,江東区豊洲2-4-9ららぽーと豊州内,長机1～2個,屋内（風除室含む）,場所とる,"50,000","90,000",要確認,,,,毎月1日・水・金は別料金,,,,,,,,
,ユニディ,ユニディ若葉台①　2F催事場,稲城市若葉台2-6,6.2㎡程度,屋内（風除室含む）,場所とる,"25,000","30,000",要確認,,,,商材により賃料変更,,,,,,,,
,ユニディ,ユニディ若葉台②　3F駐車場スペース,稲城市若葉台2-6,37.5㎡程度,屋外,場所とる,"15,000","17,000",要確認,,,,商材により賃料変更,,,,,,,,
,ユニディ,ユニディ狛江①　2Fエスカレーター前,狛江市和泉本町4-6-3,5.4㎡程度,屋内（風除室含む）,場所とる,"25,000","30,000",要確認,,,,商材により賃料変更,,,,,,,,
,ユニディ,ユニディ狛江②　1F催事場,狛江市和泉本町4-6-3,6㎡程度,屋内（風除室含む）,場所とる,"18,000","20,000",要確認,,,,商材により賃料変更,,,,,,,,
,ユニディ,ユニディ狛江③　駐車場スペース,狛江市和泉本町4-6-3,23㎡程度,屋外,場所とる,"15,000","17,000",要確認,,,,商材により賃料変更,,,,,,,,
,ヨークフーズ,ヨークフーズ梅島,足立区梅島2丁目31−26,長机1台～,,グラスト,"30,000","30,000",要確認,,,,【8.15.18.25.28日は土日祝料金】【3月.5月.8月.12月は賃料増額】,,,,,,,,
,ヨークフーズ,ヨークフーズ阿佐谷,杉並区阿佐谷北2-13-2,長机1台程度,屋内（風除室含む）,場所とる,"30,000","30,000",要確認,,,,【8.15.18.25.28日は土日祝料金】【3月.5月.8月.12月は賃料増額】,,,,,,,,
,ヨークフーズ,ヨークフーズ王子,北区王子1-23-5,90cm×90cm,屋内（風除室含む）,場所とる,"30,000","30,000",要確認,,,,【8.15.18.25.28日は土日祝料金】【3月.5月.8月.12月は賃料増額】,,,,,,,,
,ヨークフーズ,ヨークフーズ千住,足立区千住3-2-2,長机1台程度,屋内（風除室含む）,場所とる,"30,000","30,000",要確認,,,,【8.15.18.25.28日は土日祝料金】【3月.5月.8月.12月は賃料増額】,,,,,,,,
,ヨークフーズ,ヨークフーズ三ノ輪,荒川区南千住1-9-1,3坪程度坪程度,屋外,場所とる,"30,000","30,000",要確認,,,,【8.15.18.25.28日は土日祝料金】【3月.5月.8月.12月は賃料増額】,,,,,,,,
,ヨークマート,ヨークマート下板橋,板橋区板橋2丁目1-1,長机2台程度,,場所とる,"30,000","30,000",要確認,,,,【8.15.18.25.28日は土日祝料金】【3月.5月.8月.12月は賃料増額】,,,,,,,,
,ヨークマート,ヨークマート青戸,葛飾区青戸2丁目20-6,長机1台程度,,場所とる,"30,000","30,000",要確認,,,,【8.15.18.25.28日は土日祝料金】【3月.5月.8月.12月は賃料増額】,【8.15.18.25.28日は土日祝料金】【3月.5月.8月.12月は賃料増額】,【8.15.18.25.28日は土日祝料金】【3月.5月.8月.12月は賃料増額】,【8.15.18.25.28日は土日祝料金】【3月.5月.8月.12月は賃料増額】,【8.15.18.25.28日は土日祝料金】【3月.5月.8月.12月は賃料増額】,【8.15.18.25.28日は土日祝料金】【3月.5月.8月.12月は賃料増額】,【8.15.18.25.28日は土日祝料金】【3月.5月.8月.12月は賃料増額】,【8.15.18.25.28日は土日祝料金】【3月.5月.8月.12月は賃料増額】,【8.15.18.25.28日は土日祝料金】【3月.5月.8月.12月は賃料増額】
,ヨークマート,ヨークマート中町,世田谷区中町5丁目30-1,長机1.5台程度,,場所とる,"30,000","30,000",要確認,,,,【8.15.18.25.28日は土日祝料金】【3月.5月.8月.12月は賃料増額】,,,,,,,,
,ヨークマート,ヨークマート東砂,江東区東砂1-3-36,長机2台程度,,場所とる,"30,000","30,000",要確認,,,,【8.15.18.25.28日は土日祝料金】【3月.5月.8月.12月は賃料増額】,,,,,,,,
,ヨークフーズ,ヨークフーズ石神井,練馬区下石神井1-2-8,長机2台程度,,場所とる,"30,000","30,000",要確認,,,,【8.15.18.25.28日は土日祝料金】【3月.5月.8月.12月は賃料増額】,,,,,,,,
,ヨークフーズ,ヨークフーズ練馬平和台,練馬区早宮2丁目2-28,長机1～2台程度,,場所とる,"30,000","30,000",要確認,,,,【8.15.18.25.28日は土日祝料金】【3月.5月.8月.12月は賃料増額】,,,,,,,,
,ヨークフーズ,ヨークフーズ練馬高野台,練馬区高野台1丁目7-27 エミオ練馬高野台1F,約4㎡程度,,場所とる,"30,000","30,000",要確認,,,,【8.15.18.25.28日は土日祝料金】【3月.5月.8月.12月は賃料増額】,,,,,,,,
,ヨークフーズ,ヨークフーズ東小金井①　1Fエントランススペース,小金井市梶野町5-10-1,2.7坪程度坪程度,屋内（風除室含む）,場所とる,"40,000","40,000",要確認,,,,【8.15.18.25.28日は土日祝料金】【3月.5月.8月.12月は賃料増額】,,,,,,,,
,ヨークフーズ,ヨークフーズ東小金井②　1F店頭中央スペース,小金井市梶野町5-10-1,30㎡程度,屋外,場所とる,"30,000","30,000",要確認,,,,【8.15.18.25.28日は土日祝料金】【3月.5月.8月.12月は賃料増額】,,,,,,,,
,ヨークフーズ,ヨークフーズ東小金井③　1F店頭入口付近,小金井市梶野町5-10-1,約6㎡程度,屋外,場所とる,"30,000","30,000",要確認,,,,【8.15.18.25.28日は土日祝料金】【3月.5月.8月.12月は賃料増額】,,,,,,,,
,ヨークフーズ,ヨークフーズ東小金井④　1F店頭線路側スペース,小金井市梶野町5-10-1,28.25㎡程度,屋外,場所とる,"30,000","30,000",要確認,,,,【8.15.18.25.28日は土日祝料金】【3月.5月.8月.12月は賃料増額】,,,,,,,,
,ヨークフーズ,ヨークフーズ東小金井⑤　1F店頭駅側スペース,小金井市梶野町5-10-1,35㎡程度,屋外,場所とる,"30,000","30,000",要確認,,,,【8.15.18.25.28日は土日祝料金】【3月.5月.8月.12月は賃料増額】,,,,,,,,
,ヨークプライス,ヨークプライス西新井①　青果側入口,足立区興野1丁目12-7,長机1台程度台程度,,場所とる,"30,000","30,000",要確認,,,,【8.15.18.25.28日は土日祝料金】【3月.5月.8月.12月は賃料増額】,,,,,,,,
,ヨークプライス,ヨークプライス西新井②　2F共有スペース,足立区興野1丁目12-7,19㎡程度,,場所とる,"30,000","30,000",要確認,,,,【8.15.18.25.28日は土日祝料金】【3月.5月.8月.12月は賃料増額】,,,,,,,,
,ららぽーと,ららぽーと豊洲①　1階センターエントランス,江東区豊洲2-4-9,11m×6.5m,屋内（風除室含む）,グラスト,"285,000","560,000",要確認,,,,,,,,,,,,
,ららぽーと,ららぽーと豊洲②　1階ノースポートイベントスペース,江東区豊洲2-4-9,8.8m×5.3m,屋内（風除室含む）,グラスト,"275,000","550,000",要確認,,,,,,,,,,,,
,ららぽーと,ららぽーと豊洲③　1階メインステージ,江東区豊洲2-4-9,10m×5m,屋内（風除室含む）,グラスト,"275,000","550,000",要確認,,,,,,,,,,,,
,ららぽーと,ららぽーと豊洲④　1階サウスポートD,江東区豊洲2-4-9,約26.6㎡,屋内（風除室含む）,場所とる,"208,000","408,000",要確認,,,,,,,,,,,,
,ららぽーと,ららぽーと豊洲⑤　1階サウスポートAorB,江東区豊洲2-4-9,約17.5～24㎡,屋内（風除室含む）,場所とる,"158,000","258,000",要確認,,,,,,,,,,,,
,ららぽーと,ららぽーと豊洲⑥　センターポート3号機ESC下,江東区豊洲2-4-9,約17.2㎡,屋内（風除室含む）,グラスト,"165,000","275,000",要確認,,,,,,,,,,,,
,ららぽーと,ららぽーと豊洲⑦　サウスポート2階P1EV前orサウスポート3階P1EV前,江東区豊洲2-4-9,約11.2～16.0㎡,屋内（風除室含む）,場所とる,"158,000","275,000",要確認,,,,,,,,,,,,
,ららぽーと,ららぽーと豊洲⑧　1階サウスポートE,江東区豊洲2-4-9,約15.0㎡,屋内（風除室含む）,グラスト,"55,000","110,000",要確認,,,,,,,,,,,,
,ららぽーと,ららぽーと豊洲⑨　ノースポート1階2号機ESC横,江東区豊洲2-4-9,約12.6㎡,屋内（風除室含む）,グラスト,"165,000","275,000",要確認,,,,,,,,,,,,
,ららぽーと,ららぽーと豊洲⑩　センターポート P2EV前,江東区豊洲2-4-9,約6.6㎡,屋内（風除室含む）,グラスト,"165,000","275,000",要確認,,,,,,,,,,,,
,ららぽーと,ららぽーと豊洲⑪　総合案内所横イベントスペース,江東区豊洲2-4-9,"約6.8㎡""",屋内（風除室含む）,グラスト,"165,000","275,000",要確認,,,,,,,,,,,,
,ららぽーと,ららぽーと豊洲⑫　ノースポート2階2号機ESC横,江東区豊洲2-4-9,約3.7㎡,屋内（風除室含む）,グラスト,"110,000","220,000",要確認,,,,,,,,,,,,
,ららぽーと,ららぽーと豊洲⑬　1階サウスポートC,江東区豊洲2-4-9,約3.4㎡,屋内（風除室含む）,グラスト,"110,000","220,000",要確認,,,,,,,,,,,,
,ららぽーと,ららぽーと立川立飛①　2階 イベント広場・ステージ,立川市泉町935-1,約75.0㎡(W10.0m×D7.5m),屋内（風除室含む）,グラスト,"330,000","550,000",要確認,,,,,,,,,,,,
,ららぽーと,ららぽーと立川立飛②　1階 イベントスペース,立川市泉町935-1,約164.0㎡,屋内（風除室含む）,グラスト,"110,000","330,000",要確認,,,,,,,,,,,,
,ららぽーと,ららぽーと立川立飛③　3階 中央エスカレーター前,立川市泉町935-1,約24.0㎡(W4.0m×D6.0m),屋内（風除室含む）,グラスト,"88,000","220,000",要確認,,,,,,,,,,,,
,ららぽーと,ららぽーと立川立飛④　3階 エスカレーター前(モノレール側北),立川市泉町935-1,約22.5㎡(W4.5m×D5.0m),屋内（風除室含む）,グラスト,"88,000","220,000",要確認,,,,,,,,,,,,
,ららぽーと,ららぽーと立川立飛⑤　1階 吹き抜けスペース(立体駐車場側中央),立川市泉町935-1,"""	約12.25㎡(W3.5m×D3.5m)""",屋内（風除室含む）,グラスト,"88,000","220,000",要確認,,,,,,,,,,,,
,ららぽーと,ららぽーと立川立飛⑥　2階 吹き抜けスペース(立体駐車場側南or北),立川市泉町935-1,約11.0㎡(W5.5m×D2.0m),屋内（風除室含む）,グラスト,"88,000","220,000",要確認,,,,,,,,,,,,
,ららぽーと,ららぽーと立川立飛⑦　2階 吹き抜けスペース(モノレール側北),立川市泉町935-1,約11.0㎡(W5.5m×D2.0m),屋内（風除室含む）,グラスト,"88,000","220,000",要確認,,,,,,,,,,,,
,ららぽーと,ららぽーと立川立飛⑧　1階 テラリウム前 北側,立川市泉町935-1,約11.0㎡(W5.5m×D2.0m),屋内（風除室含む）,グラスト,"88,000","220,000",要確認,,,,,,,,,,,,
,ららぽーと,ららぽーと立川立飛⑨　1階 食料品エリア前,立川市泉町935-1,"""	約11㎡(W5.5m×D2.0m)""",屋内（風除室含む）,グラスト,"88,000","220,000",要確認,,,,,,,,,,,,
,ららぽーと,ららぽーと立川立飛⑩　1階 イベントスペース前,立川市泉町935-1,"""	約11.0㎡(W5.5m×D2.0m)""",屋内（風除室含む）,グラスト,"88,000","220,000",要確認,,,,,,,,,,,,
,ららぽーと,ららぽーと立川立飛⑪　1階 テラリウム前 南側,立川市泉町935-1,"""	約10.0㎡(W5.0m×D2.0m)""",屋内（風除室含む）,グラスト,"88,000","220,000",要確認,,,,,,,,,,,,
,ららぽーと,"ららぽーと立川立飛⑫　""	1階 公園広場入口前""",立川市泉町935-1,"""	約10.0㎡(W2.5m×D4.0m)""",屋内（風除室含む）,グラスト,"88,000","220,000",要確認,,,,,,,,,,,,
,ららテラス,ららテラス　HARUMI　FLAG,中央区晴海5-2-31,要確認,屋内（風除室含む）,場所とる,"48,000","88,000",要確認,,,,,,,,,,,,
,ららテラス,ららテラス　北綾瀬,足立区谷中4-8-1,9㎡程度,屋内（風除室含む）,場所とる,"58,000","108,000",要確認,,,,,,,,,,,,
,ルネサンス,スポーツクラブルネサンス光が丘,練馬区高松５－８ Ｊ．ＣＩＴＹビル１Ｆ,長机1~2台分程,屋内（風除室含む）,場所とる,"30,000","30,000",要確認,,,,月曜日定休日,,,,,,,,
,ルネサンス,スポーツクラブルネサンス三軒茶屋,世田谷区三軒茶屋２－２－１６,長机1~2台分程,屋内（風除室含む）,場所とる,"30,000","30,000",要確認,,,,月曜日定休日,,,,,,,,
,ルネサンス,スポーツクラブルネサンス仙川,調布市仙川町２－１９－６,長机1~2台分程,屋内（風除室含む）,場所とる,"30,000","30,000",要確認,,,,月曜日定休日,,,,,,,,
,ルネサンス,スポーツクラブルネサンス石神井公園,練馬区石神井町２－１４－１４,長机1~2台分程,屋内（風除室含む）,場所とる,"30,000","30,000",要確認,,,,金曜日定休日,,,,,,,,
,ルネサンス,スポーツクラブルネサンス東伏見,西東京市東伏見３－４－１ 東伏見STEP２２,長机1~2台分程,屋内（風除室含む）,場所とる,"30,000","30,000",要確認,,,,金曜日定休日,,,,,,,,
,ルネサンス,スポーツクラブルネサンス富士見台,練馬区貫井３－１２－３３,長机1~2台分程,屋内（風除室含む）,場所とる,"30,000","30,000",要確認,,,,金曜日定休日,,,,,,,,
,ルネサンス,スポーツクラブルネサンス東久留米,東久留米市本町３－３,長机1~2台分程,屋内（風除室含む）,場所とる,"30,000","30,000",要確認,,,,金曜日定休日・現在はコロナの影響で催事不可,,,,,,,,
,ルネサンス,スポーツクラブルネサンスひばりヶ丘,西東京市ひばりが丘北２－８－２３,長机1~2台分程,屋内（風除室含む）,場所とる,"30,000","30,000",要確認,,,,金曜日定休日,,,,,,,,
,ルネサンス,スポーツクラブルネサンス両国,墨田区両国２－１０－１４,長机1~2台分程,屋内（風除室含む）,場所とる,"30,000","30,000",要確認,,,,月曜日定休日,,,,,,,,
,ルネサンス,スポーツクラブルネサンス早稲田,豊島区高田１－１９－２４,長机1~2台分程,屋内（風除室含む）,場所とる,"30,000","30,000",要確認,,,,月曜日定休日,,,,,,,,
,ルネサンス,スポーツクラブ＆スパルネサンス経堂,世田谷区宮坂３－１－４５,長机1~2台分程,屋内（風除室含む）,場所とる,"30,000","30,000",要確認,,,,金曜日定休日,,,,,,,,
,ルネサンス,スポーツクラブ＆スパルネサンス国立,国立市東１－７－１,長机1~2台分程,屋内（風除室含む）,場所とる,"30,000","30,000",要確認,,,,金曜日定休日,,,,,,,,
,ルネサンス,スポーツクラブルネサンス西国分寺,国分寺市泉町２－９－２,長机1~2台分程,屋内（風除室含む）,場所とる,"30,000","30,000",要確認,,,,月曜日定休日,,,,,,,,
,ルネサンス,スポーツクラブ&スパルネサンス曳舟,墨田区京島１－４６－２,長机1~2台分程,屋内（風除室含む）,場所とる,"30,000","30,000",要確認,,,,月曜日定休日,,,,,,,,
,ルネサンス,スポーツクラブルネサンス北砂,江東区北砂２－１６－１,長机1~2台分程,屋内（風除室含む）,場所とる,"30,000","30,000",要確認,,,,木曜日定休日,,,,,,,,
,ルネサンス,スポーツクラブルネサンス青砥,葛飾区青戸6-2-1,長机1~2台分程,屋内（風除室含む）,場所とる,"30,000","30,000",要確認,,,,火曜日定休日,,,,,,,,
,ルネサンス,スポーツクラブルネサンス北千住,足立区千住旭町５－２,長机1~2台分程,屋内（風除室含む）,場所とる,"30,000","30,000",要確認,,,,火曜日・年末年始定休日,,,,,,,,
,ルネサンス,スポーツクラブルネサンス赤羽,北区赤羽西1-6-1 ﾊﾟﾙﾛｰﾄﾞⅡ･4F,長机1~2台分程,屋内（風除室含む）,場所とる,"30,000","30,000",要確認,,,,金曜日定休日,,,,,,,,
,ルネサンス,スポーツクラブ＆スパルネサンス亀戸,江東区亀戸2-1-1 2~4F,長机1~2台分程,屋内（風除室含む）,場所とる,"30,000","30,000",要確認,,,,金曜日定休日,,,,,,,,
,ルネサンス,ルネサンス多摩川,大田区矢口3-28-7,2m×3.6m㎡程度,屋内（風除室含む）,場所とる,"30,000","30,000",要確認,,,,,,,,,,,,
,ルネサンス,ルネサンス新宿24,新宿区歌舞伎町2-44-1,1.6m×2.4m㎡程度,屋内（風除室含む）,場所とる,"30,000","30,000",要確認,,,,,,,,,,,,
,ルネサンス,ルネサンス武蔵小金井24①　2Fスタジオ前,小金井市本町5丁目38-36,要確認,屋内（風除室含む）,場所とる,"30,000","30,000",要確認,,,,,,,,,,,,
,ルネサンス,ルネサンス武蔵小金井24②　2Fフロント付近催事場スペース,小金井市本町5丁目38-36,1.5m×2.0m程度,屋内（風除室含む）,場所とる,"30,000","30,000",要確認,,,,,,,,,,,,
,ルネサンス,OASIS　RAFEEL青山,港区北青山2-8-44 青山TEPIAビルB1,80cm×3m㎡程度,屋内（風除室含む）,場所とる,"30,000","30,000",要確認,,,,,,,,,,,,
,ルネサンス,ルネサンス聖路加ガーデン,中央区明石町8,3m×5m㎡程度,屋内（風除室含む）,場所とる,"30,000","30,000",要確認,,,,,,,,,,,,
,ルネサンス,ルネサンス金町駅前24,葛飾区金町6-9-5,1.5×2m㎡程度,屋内（風除室含む）,場所とる,"30,000","30,000",要確認,,,,,,,,,,,,
,ルネサンス,ルネサンス南大沢24,八王子市南大沢5-4,1.5m×3m,屋内（風除室含む）,場所とる,"30,000","30,000",要確認,,,,,,,,,,,,
,ルネサンス,ルネサンス十条24,北区上十条2-13-1,3m×5m,屋内（風除室含む）,場所とる,"30,000","30,000",要確認,,,,,,,,,,,,
,ルネサンス,ルネサンス本駒込24,文京区本駒込2-28-12,長机1~2台分程,屋内（風除室含む）,場所とる,"30,000","30,000",要確認,,,,,,,,,,,,
,ルネサンス,ルネサンス雪谷24,大田区北嶺町43番18号,2m×3m程度,屋内（風除室含む）,場所とる,"30,000","30,000",要確認,,,,,,,,,,,,
,ルネサンス,OASIS　RAFEEL恵比寿24Plus,渋谷区恵比寿1-8-12,1.5m×2.5m㎡程度,屋内（風除室含む）,場所とる,"30,000","30,000",要確認,,,,,,,,,,,,
,ルネサンス,ルネサンス赤塚24①　フロント前,板橋区赤塚新町2-6-2,1m×3m程度,屋内（風除室含む）,場所とる,"30,000","30,000",要確認,,,,,,,,,,,,
,ルネサンス,ルネサンス赤塚24②　ラウンジエリア,板橋区赤塚新町2-6-2,要確認,屋内（風除室含む）,場所とる,"30,000","30,000",要確認,,,,,,,,,,,,
,ロイヤルホームセンター,ロイヤルホームセンター足立鹿浜,足立区堀之内1丁目13−13,長机1～2台分程,屋内（風除室含む）,グラスト,"25,000","40,000",要確認,,,,,,,,,,,,
,ロイヤルホームセンター,ロイヤルホームセンター南千住,荒川区南千住4丁目1−4,長机1～2台分程,屋内（風除室含む）,グラスト,"25,000","40,000",要確認,,,,,,,,,,,,
,ロピア,ロピア八王子みなみ野,八王子市大船町1009,長机1～2台程,屋内（風除室含む）,グラスト,"42,000","42,000",要確認,,,,都度確認,,,,,,,,
,ロピア,ロピア小平,小平市上水本町4-22-1,長机1台程,屋内（風除室含む）,場所とる,"33,000","33,000",要確認,,,,土日祝は開催不可,,,,,,,,
,ロピア,ロピア平井島忠ホームズ,江戸川区平井6-1-38,長机1台程,屋内（風除室含む）,場所とる,"33,000","33,000",要確認,,,,,,,,,,,,
,綿半,綿半スーパーセンター東村山,東村山市恩多町 2-28,長机1～2台程,屋内（風除室含む）,グラスト,"46,000","52,000",要確認,,,,条件付き契約行為可,,,,,,,,
,綿半,綿半ホームエイド国分寺,国分寺市日吉町3-3-9,長机1～2台程,屋内（風除室含む）,グラスト,"56,000","62,000",要確認,,,,条件付き契約行為可,,,,,,,,
,ワンディショップふじ,新小岩第１,葛飾区新小岩1-42-8,12坪,屋内（風除室含む）,グラスト,"43,000","43,000",要確認,,,,,,,,,,,,
,ワンディショップふじ,小岩北口,江戸川区西小岩 1-24-1,約10坪,屋内（風除室含む）,グラスト,"44,200","44,200",要確認,,,,,,,,,,,,
,ワンデイショップふじ,ワンデイショップふじ小岩北口,江戸川区西小岩1-24-1,約10坪,屋内（風除室含む）,グラスト,"32,000","32,000",要確認,,,,,,,,,,,,
,羽田イノベーションシティ,羽田イノベーションシティ①　ルーフスクエア(屋根付き),大田区羽田空港１丁目１−４,約254㎡,屋外,グラスト,"960,000","1,440,000",要確認,,,,,,,,,,,,
,羽田イノベーションシティ,羽田イノベーションシティ②　プラザ(半屋外),大田区羽田空港１丁目１−４,464㎡,屋外,グラスト,"1,800,000","2,700,000",要確認,,,,,,,,,,,,
,㈱ティ・ジョイ,新宿バルト9,新宿区新宿3-1-26 新宿三丁目イーストビル9Ｆ,,屋内（風除室含む）,グラスト,"50,000","90,000",要確認,,,,都度確認,,,,,,,,
,㈱ティ・ジョイ,T・ジョイSEIBU大泉,練馬区東大泉2-34-1 オズスタジオシティ4F,3m×2m～6m×3m,屋内（風除室含む）,グラスト,"30,000","50,000",要確認,,,,,,,,,,,,
,久美堂本店,久美堂本店①　,町田市原町田６−１１−１０,2.2㎡,屋内（風除室含む）,グラスト,"28,900","33,100",要確認,,,,,,,,,,,,
,久美堂本店,久美堂本店①　,町田市原町田６−１１−１０,1.5㎡,屋内（風除室含む）,グラスト,"28,900","33,100",要確認,,,,,,,,,,,,
,久美堂本店,久美堂本店①　,町田市原町田６−１１−１０,4.5㎡,屋外,グラスト,"41,500","46,750",要確認,,,,,,,,,,,,
,京王多摩センターショッピングセンター,京王多摩センターショッピングセンター,多摩市落合1-10-1,2坪,屋内（風除室含む）,グラスト,"25,000","25,000",要確認,,,,,,,,,,,,
,京王八王子ショッピングセンター,京王八王子ショッピングセンター①　,八王子市明神町3-27-1,長机3台分程,屋内（風除室含む）,グラスト,"40,000","40,000",要確認,,,,,,,,,,,,
,京王八王子ショッピングセンター,京王八王子ショッピングセンター②　ピロティB面,八王子市明神町3-27-1,長机3台分程,屋内（風除室含む）,グラスト,"30,000","30,000",要確認,,,,,,,,,,,,
,京王八王子ショッピングセンター,京王八王子ショッピングセンター③　209区画,八王子市明神町3-27-1,33.95坪,屋内（風除室含む）,グラスト,"30,000","30,000",要確認,,,,,,,,,,,,
,京王高幡ショッピングセンター,京王高幡ショッピングセンター①　3階ジュピター前,日野市高幡116-10,2.7m×1.8m程度,屋内（風除室含む）,場所とる,"38,000","48,000",要確認,,,,,,,,,,,,
,京王高幡ショッピングセンター,京王高幡ショッピングセンター②　3階ドトール前,日野市高幡116-10,6m×3m程度,屋内（風除室含む）,場所とる,"28,000","33,000",要確認,,,,,,,,,,,,
,京王クラウン街笹塚,京王クラウン街笹塚,渋谷区笹塚1-56-18,9.9坪程度,屋外,場所とる,"68,000","68,000",要確認,,,,,,,,,,,,
,驚安堂,驚安堂福生,福生市加美平3-17-3,5㎡,屋外,グラスト,"23,000","23,000",要確認,,,,,,,,,,,,
,驚安堂,驚安堂あきる野①　屋内スペース,あきる野市小川東3-9-11,7㎡,屋内（風除室含む）,グラスト,"28,000","28,000",要確認,,,,,,,,,,,,
,驚安堂,驚安堂あきる野②　屋外店頭スペース,あきる野市小川東3-9-11,3㎡,屋外,グラスト,"18,000","18,000",要確認,,,,,,,,,,,,
,恵比寿ガーデンプレイス,恵比寿ガーデンプレイス①　時計広場,渋谷区恵比寿4丁目20番,約300㎡,屋内（風除室含む）,グラスト,"1,210,000","1,210,000",要確認,,,,都度確認,,,,,,,,
,恵比寿ガーデンプレイス,恵比寿ガーデンプレイス②　センター広場,渋谷区恵比寿4丁目20番,約325㎡,屋内（風除室含む）,グラスト,"1,800,000","1,800,000",要確認,,,,都度確認,,,,,,,,
,経堂テラスガーデン,経堂テラスガーデン①　三角広場,世田谷区宮坂3-1-42,約50坪,屋内（風除室含む）,グラスト,"120,000","180,000",要確認,,,,,,,,,,,,
,経堂テラスガーデン,経堂テラスガーデン②　スポーツクラブビル前,世田谷区宮坂3-1-42,約21.2坪,屋内（風除室含む）,グラスト,"120,000","180,000",要確認,,,,,,,,,,,,
,山下書店,山下書店世田谷,世田谷区若林4丁目20-8,長机1台分程,屋外,グラスト,"25,750","25,750",要確認,,,,,,,,,,,,
,若葉ケヤキモール,若葉ケヤキモール,立川市若葉町1-7-1,約14坪,屋外,場所とる,"55,000","55,000",要確認,,,,,,,,,,,,
,秋葉原UDX,秋葉原UDX①　サボニウス広場,千代田区外神田4-14-1,約165㎡,屋内（風除室含む）,グラスト,"370,000","370,000",実施不可,,,,,,,,,,,,
,秋葉原UDX,秋葉原UDX②　UDXアキバ広場,千代田区外神田4-14-1,約450㎡,屋内（風除室含む）,グラスト,"360,000","360,000",実施不可,,,,,,,,,,,,
,新宿アイランドタワー,新宿アイランドタワー,新宿区西新宿６丁目５−１,長机1～2台分程,屋内（風除室含む）,グラスト,"90,000","90,000",要確認,,,,"電気代5,000円/日",,,,,,,,
,成城コルティ,成城コルティ①　2FプラザA区画,世田谷区成城6-5-34,88㎡,屋内（風除室含む）,グラスト,"270,000","330,000",要確認,,,,,,,,,,,,
,成城コルティ,成城コルティ②　1FOdakyu OXエントランス横,世田谷区成城6-5-34,約2坪,屋内（風除室含む）,グラスト,"120,000","180,000",要確認,,,,,,,,,,,,
,西友,西友清瀬,清瀬市元町1-4-5,長机1台分程,屋内（風除室含む）,場所とる,"25,000","25,000",要確認,,,,,,,,,,,,
,西友,西友吉祥寺,武蔵野市吉祥寺本町1-12-10,長机1.5台分,屋内（風除室含む）,グラスト,"45,000","45,000",要確認,,,,,,,,,,,,
,西友,西友成増,板橋区成増3-11-3,長机1台分程,屋内（風除室含む）,グラスト,"32,000","32,000",要確認,,,,,,,,,,,,
,西友,西友足立島根,足立区島根３丁目２０−１８,長机1台分程,屋内（風除室含む）,グラスト,"30,000","30,000",要確認,,,,,,,,,,,,
,西友,西友練馬,練馬区練馬１丁目３−１０,長机1台分程,屋内（風除室含む）,グラスト,"32,000","32,000",要確認,,,,買取催事不可,,,,,,,,
,西友,西友巣鴨,豊島区巣鴨２丁目６−１,20㎡程度,屋内（風除室含む）,グラスト,"20,000","30,000",要確認,,,,,,,,,,,,
,西友,西友大井町,品川区東大井５丁目１８−１,長机1台分程,屋内（風除室含む）,グラスト,"42,000","42,000",要確認,,,,,,,,,,,,
,西友,西友豊玉南,練馬区豊玉南２丁目２４−５,長机1台分程,屋内（風除室含む）,グラスト,"30,000","30,000",要確認,,,,,,,,,,,,
,西友,リヴィンオズ大泉,練馬区東大泉２丁目１０−１１,長机1台分程,屋内（風除室含む）,グラスト,"32,000","32,000",要確認,,,,,,,,,,,,
,西友,西友関町,練馬区関町南４丁目２０−１９,長机1台分程,屋内（風除室含む）,グラスト,"30,000","30,000",要確認,,,,,,,,,,,,
,西友,西友南葛西,江戸川区南葛西５丁目６−２,長机1台分程,屋内（風除室含む）,場所とる,"20,000","20,000",要確認,,,,,,,,,,,,
,西友,西友阿佐ヶ谷,杉並区阿佐谷北１丁目５−６,長机1台分程,屋外,グラスト,"32,000","32,000",要確認,,,,,,,,,,,,
,西友,西友蓮根坂下,板橋区坂下２丁目２３−１,長机1台分程,屋内（風除室含む）,グラスト,"30,000","30,000",要確認,,,,,,,,,,,,
,西友,西友高野台,練馬区高野台１丁目２０−１,長机1台分程,屋外,場所とる,"25,000","25,000",要確認,,,,,,,,,,,,
,西友,西友江戸川中央,江戸川区中央１丁目７−１４,長机1台分程,屋外,場所とる,"25,000","25,000",要確認,,,,,,,,,,,,
,西友,西友加賀鹿浜,足立区加賀１丁目３,長机1台分程,屋外,グラスト,"30,000","30,000",要確認,,,,,,,,,,,,
,西友,西友羽村,羽村市五ノ神1丁目8-14,20㎡程度,屋内（風除室含む）,場所とる,"25,000","25,000",要確認,,,,,,,,,,,,
,西友,西友下高井戸,世田谷区松原3丁目41-5,6㎡程度,屋内（風除室含む）,場所とる,"25,000","45,000",要確認,,,,,,,,,,,,
,西友,西友河辺,青梅市河辺町10丁目9-1,6㎡程度,屋内（風除室含む）,場所とる,"25,000","25,000",要確認,,,,,,,,,,,,
,西友,西友花小金井,小平市花小金井1丁目2-23,6㎡程度,屋内（風除室含む）,場所とる,"25,000","25,000",要確認,,,,,,,,,,,,
,西友,西友吉祥寺,武蔵野市吉祥寺本町1丁目12-10,長机1台程度,屋外,場所とる,"31,000","31,000",要確認,,,,,,,,,,,,
,西友,西友錦糸町,墨田区江東橋4丁目27-14,6.6㎡程度,屋内（風除室含む）,場所とる,"27,000","55,000",要確認,,,,,,,,,,,,
,西友,西友国分寺,国分寺市本町2丁目10-2,14㎡程度,屋内（風除室含む）,場所とる,"25,000","25,000",要確認,,,,,,,,,,,,
,西友,西友浅草ROX食品館,台東区浅草1丁目25-15,要確認,屋内（風除室含む）,場所とる,"27,000","27,000",要確認,,,,,,,,,,,,
,西友,西友東大和①　1Fレジ前,小平市小川町1丁目396-1,2.16㎡程度,屋内（風除室含む）,場所とる,"15,000","15,000",要確認,,,,,,,,,,,,
,西友,西友東大和②　1F入口前軒先,小平市小川町1丁目396-1,1.8㎡程,屋外,場所とる,"15,000","15,000",要確認,,,,,,,,,,,,
,西友,西友東大和③　1F入口横,小平市小川町1丁目396-1,5.76㎡程度,屋内（風除室含む）,場所とる,"15,000","15,000",要確認,,,,,,,,,,,,
,西友,西友東大和④　1F入口横催事スペース,小平市小川町1丁目396-1,6.6㎡程度,屋内（風除室含む）,場所とる,"15,000","15,000",要確認,,,,,,,,,,,,
,赤羽アピレ,赤羽アピレ①　1階イベントスペース①,北区赤羽西1丁目5−1,114㎡,屋内（風除室含む）,グラスト,"30,000","30,000",要確認,,,,,,,,,,,,
,赤羽アピレ,赤羽アピレ②　1階イベントスペース②,北区赤羽西1丁目5−1,47㎡,屋内（風除室含む）,グラスト,"30,000","30,000",要確認,,,,,,,,,,,,
,赤羽アピレ,赤羽アピレ③　地下1階イベントスペース,北区赤羽西1丁目5−1,7㎡,屋内（風除室含む）,グラスト,"30,000","30,000",要確認,,,,,,,,,,,,
,赤羽アピレ,赤羽アピレ④　3階イベントスペース,北区赤羽西1丁目5−1,53㎡,屋内（風除室含む）,グラスト,"30,000","30,000",要確認,,,,,,,,,,,,
,大学,東邦大学(大森キャンパス),大田区大森西5-21-16,長机＋α程度のスペース,,グラスト,都度確認,都度確認,要確認,,,,契約行為不可,,,,,,,,
,大学,青山学院大学(青山キャンパス),渋谷区渋谷4-4-25,長机＋α程度のスペース,,グラスト,,,要確認,,,,契約行為不可,,,,,,,,
,大学,亜細亜大学,武蔵野市境5-24-10,長机＋α程度のスペース,,グラスト,,,要確認,,,,契約行為不可,,,,,,,,
,大学,桜美林大学(町田キャンパス),町田市常盤町3758,長机＋α程度のスペース,,グラスト,都度確認,都度確認,要確認,,,,契約行為不可,,,,,,,,
,大学,お茶の水女子大学,文京区大塚2-1-1,長机＋α程度のスペース,,グラスト,都度確認,都度確認,要確認,,,,契約行為不可,,,,,,,,
,大学,学習院大学,豊島区目白1-5-1,長机＋α程度のスペース,,グラスト,都度確認,都度確認,要確認,,,,契約行為不可,,,,,,,,
,大学,慶應義塾大学(三田キャンパス),港区三田2-15-45,長机＋α程度のスペース,,グラスト,,,要確認,,,,契約行為不可,,,,,,,,
,大学,工学院大学(八王子キャンパス),八王子市中野町2665-1,長机＋α程度のスペース,,グラスト,都度確認,都度確認,要確認,,,,契約行為不可,,,,,,,,
,大学,國學院大学(渋谷キャンパス),渋谷区東4-10-28,長机＋α程度のスペース,,グラスト,,,要確認,,,,契約行為不可,,,,,,,,
,大学,国士舘大学(世田谷キャンパス),世田谷区世田谷4-28-1,長机＋α程度のスペース,,グラスト,都度確認,都度確認,要確認,,,,契約行為不可,,,,,,,,
,大学,駒沢女子大学,稲城市坂浜238,長机＋α程度のスペース,,グラスト,都度確認,都度確認,要確認,,,,契約行為不可,,,,,,,,
,大学,駒澤大学(駒沢キャンパス),世田谷区駒沢1-23-1,長机＋α程度のスペース,,グラスト,都度確認,都度確認,要確認,,,,契約行為不可,,,,,,,,
,大学,実践女子大学(日野キャンパス),日野市大坂上4-1-1,長机＋α程度のスペース,,グラスト,都度確認,都度確認,要確認,,,,契約行為不可,,,,,,,,
,大学,実践女子大学(渋谷キャンパス),渋谷区東1-1-49,長机＋α程度のスペース,,グラスト,,,要確認,,,,契約行為不可,,,,,,,,
,大学,上智大学(四谷キャンパス),千代田区紀尾井町7-1,長机＋α程度のスペース,,グラスト,,,要確認,,,,契約行為不可,,,,,,,,
,大学,昭和女子大学,世田谷区太子堂1-7,長机＋α程度のスペース,,グラスト,都度確認,都度確認,要確認,,,,契約行為不可,,,,,,,,
,大学,白百合女子大学,調布市緑ヶ丘1-25,長机＋α程度のスペース,,グラスト,,,要確認,,,,契約行為不可,,,,,,,,
,大学,成蹊大学,武蔵野市吉祥寺北町3-3-1,長机＋α程度のスペース,,グラスト,,,要確認,,,,契約行為不可,,,,,,,,
,大学,成城大学,世田谷区成城6-1-20,長机＋α程度のスペース,,グラスト,都度確認,都度確認,要確認,,,,契約行為不可,,,,,,,,
,大学,創価大学,八王子市丹木町1-236,長机＋α程度のスペース,,グラスト,都度確認,都度確認,要確認,,,,契約行為不可,,,,,,,,
,大学,大正大学,豊島区西巣鴨3-20-1,長机＋α程度のスペース,,グラスト,都度確認,都度確認,要確認,,,,契約行為不可,,,,,,,,
,大学,拓殖大学(八王子国際キャンパス),八王子市館町815-1,長机＋α程度のスペース,,グラスト,都度確認,都度確認,要確認,,,,契約行為不可,,,,,,,,
,大学,拓殖大学(文京キャンパス),文京区小日向3-4-14,長机＋α程度のスペース,,グラスト,都度確認,都度確認,要確認,,,,契約行為不可,,,,,,,,
,大学,玉川大学,町田市玉川学園6-1-1,長机＋α程度のスペース,,グラスト,都度確認,都度確認,要確認,,,,契約行為不可,,,,,,,,
,大学,多摩美術大学(八王子キャンパス),八王子市鑓水2-1723,長机＋α程度のスペース,,グラスト,都度確認,都度確認,要確認,,,,契約行為不可,,,,,,,,
,大学,中央大学(後楽園キャンパス),文京区春日1-13-27,長机＋α程度のスペース,,グラスト,都度確認,都度確認,要確認,,,,契約行為不可,,,,,,,,
,大学,中央大学(多摩キャンパス),八王子市東中野742-1,長机＋α程度のスペース,,グラスト,都度確認,都度確認,要確認,,,,契約行為不可,,,,,,,,
,大学,東京学芸大学,小金井市貫井北町4-1-1,長机＋α程度のスペース,,グラスト,都度確認,都度確認,要確認,,,,契約行為不可,,,,,,,,
,大学,東京家政学院大学(千代田三番町キャンパス),千代田区三番町22,長机＋α程度のスペース,,グラスト,,,要確認,,,,契約行為不可,,,,,,,,
,大学,東京家政学院大学(町田キャンパス),町田市相原町2600,長机＋α程度のスペース,,グラスト,都度確認,都度確認,要確認,,,,契約行為不可,,,,,,,,
,大学,東京工科大学(八王子キャンパス),八王子市片倉町1404-1,長机＋α程度のスペース,,グラスト,都度確認,都度確認,要確認,,,,契約行為不可,,,,,,,,
,大学,東京工業大学(大岡山キャンパス),目黒区大岡山2-12-1,長机＋α程度のスペース,,グラスト,,,要確認,,,,契約行為不可,,,,,,,,
,大学,東京女子大学,杉並区善福寺2-6-1,長机＋α程度のスペース,,グラスト,都度確認,都度確認,要確認,,,,契約行為不可,,,,,,,,
,大学,東京大学(駒場キャンパス),目黒区駒場4-6-1,長机＋α程度のスペース,,グラスト,,,要確認,,,,契約行為不可,,,,,,,,
,大学,東京大学(本郷キャンパス),文京区本郷7-3-1,長机＋α程度のスペース,,グラスト,都度確認,都度確認,要確認,,,,契約行為不可,,,,,,,,
,大学,東京都市大学(世田谷キャンパス),世田谷区玉堤1-28-1,長机＋α程度のスペース,,グラスト,都度確認,都度確認,要確認,,,,契約行為不可,,,,,,,,
,大学,東京農業大学(世田谷キャンパス),世田谷区桜丘1-1-1,長机＋α程度のスペース,,グラスト,都度確認,都度確認,要確認,,,,契約行為不可,,,,,,,,
,大学,東京理科大学(神楽坂キャンパス),新宿区神楽坂1-3,長机＋α程度のスペース,,グラスト,都度確認,都度確認,要確認,,,,契約行為不可,,,,,,,,
,大学,日本女子大学,文京区目白台2-8-1,長机＋α程度のスペース,,グラスト,都度確認,都度確認,要確認,,,,契約行為不可,,,,,,,,
,大学,日本大学(江古田キャンパス),練馬区旭丘2-42-1,長机＋α程度のスペース,,グラスト,都度確認,都度確認,要確認,,,,契約行為不可,,,,,,,,
,大学,日本大学(桜上水キャンパス),世田谷区桜上水3-25-40,長机＋α程度のスペース,,グラスト,都度確認,都度確認,要確認,,,,契約行為不可,,,,,,,,
,大学,日本大学(祖師谷キャンパス),世田谷区砧5-2-1,長机＋α程度のスペース,,グラスト,都度確認,都度確認,要確認,,,,契約行為不可,,,,,,,,
,大学,明治大学(和泉キャンパス),杉並区永福1-9-1,長机＋α程度のスペース,,グラスト,都度確認,都度確認,要確認,,,,契約行為不可,,,,,,,,
,大学,明治大学(駿河台キャンパス),千代田区神田駿河台1-1,長机＋α程度のスペース,,グラスト,,,要確認,,,,契約行為不可,,,,,,,,
,大学,明星大学,日野市程久保2-1-1,長机＋α程度のスペース,,グラスト,都度確認,都度確認,要確認,,,,契約行為不可,,,,,,,,
,大学,立教大学(池袋キャンパス),豊島区西池袋3-34-1,長机＋α程度のスペース,,グラスト,都度確認,都度確認,要確認,,,,契約行為不可,,,,,,,,
,大学,早稲田大学(戸山キャンパス),新宿区戸山1-24-1,長机＋α程度のスペース,,グラスト,都度確認,都度確認,要確認,,,,契約行為不可,,,,,,,,
,大学,早稲田大学(西早稲田キャンパス),新宿区大久保3-4-1,長机＋α程度のスペース,,グラスト,都度確認,都度確認,要確認,,,,契約行為不可,,,,,,,,
,大学,早稲田大学(早稲田キャンパス),新宿区西早稲田1-6-1,長机＋α程度のスペース,,グラスト,都度確認,都度確認,要確認,,,,契約行為不可,,,,,,,,
,大東京綜合卸売センター,大東京綜合卸売センター,府中市矢崎町4−1,32㎡,屋内（風除室含む）,グラスト,"20,000","20,000",要確認,,,,水曜日、日曜日、祝日は申請不可,,,,,,,,
,調布アミックスビル,調布アミックスビル,調布市小島町一丁目35番地5,長机4～5台分,屋外,場所とる,"40,000","80,000",要確認,,,,電源無し,,,,,,,,
,東急ストア,東急ストア大森,大田区大森北１丁目６−１６ アトレ大森,長机1台分程,屋内（風除室含む）,グラスト,"50,000","50,000",要確認,,,,,,,,,,,,
,東急ストア,東急ストアフードステーション旗の台,品川区旗の台5-5-6,長机1台分程,屋外,場所とる,"45,000","45,000",要確認,,,,,,,,,,,,
,東急スポーツオアシス,東急スポーツオアシス聖路加ガーデン,中央区明石町８ 聖路加タワー B2F,長机1～2台分,屋内（風除室含む）,グラスト,"45,000","45,000",要確認,,,,,,,,,,,,
,東急スポーツオアシス,東急スポーツオアシス十条24Plus,北区上十条2-13-1 ガーデニアビル2F,長机1～2台分,屋内（風除室含む）,グラスト,"35,000","35,000",要確認,,,,,,,,,,,,
,東急スポーツオアシス,東急スポーツオアシス本駒込,文京区本駒込2-28-12,長机1～2台分,屋内（風除室含む）,グラスト,"35,000","35,000",要確認,,,,,,,,,,,,
,東急スポーツオアシス,東急スポーツオアシス雪谷24Plus,大田区北嶺町43-18,長机1～2台分,屋内（風除室含む）,グラスト,"35,000","35,000",要確認,,,,,,,,,,,,
,東急スポーツオアシス,東急スポーツオアシス赤塚24Plus,板橋区赤塚新町2-6-2,長机1～2台分,屋内（風除室含む）,グラスト,"35,000","35,000",要確認,,,,,,,,,,,,
,東急プラザ,東急プラザ蒲田,東京都大田区西蒲田7-69-1,約28㎡程度,屋内（風除室含む）,場所とる,"48,000","48,000",要確認,,,,,,,,,,,,
,東急プラザ,東急プラザ渋谷,渋谷区道玄坂1-2-3 渋谷フクラス 内,約16㎡程度,屋内（風除室含む）,場所とる,"105,000","105,000",要確認,,,,,,,,,,,,
,八雲堂書店,八雲堂書店①　2階スペース,目黒区中根１丁目３−３,2.5㎡,屋内（風除室含む）,グラスト,"21,825","21,825",要確認,,,,,,,,,,,,
,八雲堂書店,八雲堂書店②　1階スペース,目黒区中根１丁目３−３,0.5㎡,屋内（風除室含む）,グラスト,"11,300","11,300",要確認,,,,,,,,,,,,
,不二屋書店,不二屋書店,目黒区自由が丘2-11-3,1.8㎡,屋外,グラスト,"41,000","46,250",要確認,,,,,,,,,,,,
,文雄堂書店,文雄堂書店,練馬区関町北2-27-12,2.4㎡,屋内（風除室含む）,グラスト,"23,650","23,650",要確認,,,,,,,,,,,,
,明屋書店,中野ブロードウェイ,中野区中野5丁目52番地15中野ブロードウェイ3F,1.0㎡,屋内（風除室含む）,グラスト,"22,600","25,750",要確認,,,,,,,,,,,,
,明昭館書店,明昭館書店,品川区戸越2-1-4,2.0㎡,屋内（風除室含む）,グラスト,"35,750","41,000",要確認,,,,備品貸出不可,,,,,,,,
,両国駅,両国駅①　3番線ホーム,墨田区横網一丁目,約275.1㎡,屋外,グラスト,"600,000","600,000",要確認,,,,,,,,,,,,
,両国駅,両国駅②　ステーションギャラリー,墨田区横網一丁目,約165.54㎡,屋内（風除室含む）,グラスト,"300,000","300,000",要確認,,,,,,,,,,,,
,恋ヶ窪ショッピングセンター,恋ヶ窪ショッピングセンター①　1階入口前,国分寺市東恋ケ窪５丁目６,"2,2㎡",屋内（風除室含む）,自由市場,"19,000","24,000",要確認,無,無,有,,,,,,,,,
,恋ヶ窪ショッピングセンター,恋ヶ窪ショッピングセンター②　1階屋内駅側催事スペース,国分寺市東恋ケ窪５丁目６,"5,3㎡",屋内（風除室含む）,自由市場,"20,000","20,000",要確認,無,無,無,,,,,,,,,
,ライフ,ライフ南千住店,東京都荒川区南千住6-43-13,,屋内（風除室含む）,ライフ,"40,000","40,000",実施可能,,,,,,,,,,,,
,ライフ,ライフ東日暮里店,東京都荒川区東日暮里4-36-20,,屋内（風除室含む）,ライフ,"40,000","40,000",実施可能,,,,通信催事実施経歴なし。催事場所含め営業側で現地確認必須,,,,,,,,
,ライフ,ライフ新御徒町店,東京都台東区小島2-8-7,,,ライフ,"40,000","40,000",実施可能,,,,,,,,,,,,
,ライフ,ライフ浅草店,東京都台東区西浅草3-18-17,,,ライフ,"40,000","40,000",実施不可,,,,,,,,,,,,
,ライフ,ライフ竹の塚店,東京都足立区西伊興4-1-22,,,ライフ,"40,000","40,000",実施不可,,,,,,,,,,,,
,ライフ,ライフ扇大橋駅前店,東京都足立区扇2-26-1,,,ライフ,要確認,要確認,実施不可,,,,店舗規模がそこまで大きくない為過去に催事実施経験がなし。開催は恐らく可能だが実施場所含めて確認は必須,,,,,,,,
,ライフ,ライフ大谷田店,東京都足立区大谷田5-18-11,,屋内（風除室含む）,ライフ,"40,000","40,000",実施可能,,,,催事場所は要相談,,,,,,,,
,ライフ,ライフ奥戸街道店,東京都葛飾区奥戸2-14-25,,,ライフ,"40,000","40,000",実施可能,,,,,,,,,,,,
,ライフ,ライフ葛飾鎌倉店,東京都葛飾区鎌倉1-14-7,,,ライフ,"40,000","40,000",実施可能,,,,,,,,,,,,
,ライフ,ライフ水元店,東京都葛飾区水元2-11-5,,,ライフ,"40,000","40,000",実施可能,,,,,,,,,,,,
,ライフ,ライフ葛飾白鳥店,東京都葛飾区白鳥3-27-8,,,ライフ,"40,000","40,000",実施可能,,,,催事場所は要相談,,,,,,,,
,ライフ,ライフ菊川店,東京都墨田区菊川1-18-5,,,ライフ,"40,000","40,000",実施可能,,,,長机2本分くらいのスペース。交渉によっては他スペースでの催事実施も可能,,,,,,,,
,ライフ,ライフ錦糸町駅前店,東京都墨田区錦糸2-2-1,,,ライフ,"40,000","40,000",実施不可,,,,,,,,,,,,
,ライフ,ライフ東向島店,東京都墨田区東向島4-3-7,,,ライフ,"40,000","40,000",実施可能,,,,,,,,,,,,
,ライフ,ライフ鹿骨店,東京都江戸川区鹿骨1-42-3,,,ライフ,"40,000","40,000",実施可能,,,,,,,,,,,,
,ライフ,ライフ西小岩店,東京都江戸川区西小岩3-35-20,,,ライフ,"40,000","40,000",実施可能,,,,,,,,,,,,
,ライフ,ライフ船堀店,東京都江戸川区船堀7-20-22,,,ライフ,"40,000","40,000",実施不可,,,,机おけるスペースがなく立ちでの接客のみ,,,,,,,,
,ライフ,ライフ本一色店,東京都江戸川区本一色1-26-4,,,ライフ,"40,000","40,000",実施可能,,,,,,,,,,,,
,ライフ,ライフ東砂店,東京都江東区東砂2-12-31,,,ライフ,"40,000","40,000",実施不可,,,,通信催事実績はないため要確認,,,,,,,,
,ライフ,ライフ豊洲店,東京都江東区豊洲4-11-６,,,ライフ,"40,000","40,000",実施可能,,,,,,,,,,,,
,ライフ,ライフ武蔵小山店,東京都品川区小山2-7-14,,,ライフ,"40,000","40,000",実施不可,,,,,,,,,,,,
,ライフ,ライフ大崎百反通店,東京都品川区大崎4-13-2,,,ライフ,"40,000","40,000",実施不可,,,,,,,,,,,,
,ライフ,ライフ鵜の木店,東京都大田区鵜の木3-24-2,,,ライフ,"50,000","50,000",実施不可,,,,店舗規模が小さい為実施できるが集客はないとのこと,,,,,,,,
,ライフ,ライフ上池台店,東京都大田区上池台4-40-5,,,ライフ,"50,000","50,000",実施不可,,,,通信催事実績ない為、実施場所含めて現地確認必須。,,,,,,,,
,ライフ,ライフ西蒲田店,東京都大田区西蒲田7-51-15,,,ライフ,"40,000","40,000",実施可能,,,,,,,,,,,,
,ライフ,ライフ大森中店,東京都大田区大森中1-21-7,,,ライフ,"40,000","40,000",実施不可,,,,,,,,,,,,
,ライフ,ライフ大森南店,東京都大田区大森南2-15-4,,,ライフ,"40,000","40,000",実施不可,,,,,,,,,,,,
,ライフ,ライフ東馬込店,東京都大田区東馬込2-16-4,,,ライフ,"40,000","40,000",実施不可,,,,,,,,,,,,
,ライフ,ライフ笹塚店,東京都渋谷区笹塚1-57-10,,,ライフ,"40,000","40,000",実施不可,,,,,,,,,,,,
,ライフ,ライフ渋谷東店,東京都渋谷区東1-26-22,,,ライフ,"40,000","40,000",実施不可,,,,,,,,,,,,
,ライフ,ライフ経堂店,東京都世田谷区経堂5-32-6,,,ライフ,"40,000","40,000",実施可能,,,,AGで全キャリア入店経験有。,,,,,,,,
,ライフ,ライフ若松河田駅前店,東京都新宿区若松町28-5,,,ライフ,"40,000","40,000",実施可能,,,,,,,,,,,,
,ライフ,ライフ市谷薬王寺店,東京都新宿区市谷薬王寺町80-1,,,ライフ,"40,000","40,000",実施不可,,,,,,,,,,,,
,ライフ,ライフ東中野店,東京都中野区東中野3-9-7,,,ライフ,"50,000","50,000",実施可能,,,,2023年9月よりリニューアルオープンしたが催事は可能。場所も以前と同じ,,,,,,,,
,ライフ,ライフ南台店,東京都中野区南台2-51-7,,,ライフ,"40,000","40,000",実施不可,,,,,,,,,,,,
,ライフ,ライフ西荻窪店,東京都杉並区西荻北5-8-22,,,ライフ,"40,000","40,000",実施可能,,,,出店から1年未満の店舗はライフ社内ルールで実施不可。1年経ったあとなら申請可能(2023年9月以降)。ただし初入店する際は提案書が必須,,,,,,,,
,ライフ,ライフ新大塚店,東京都豊島区南大塚2-3-15,,,ライフ,"40,000","40,000",実施不可,,,,,,,,,,,,
,ライフ,ライフ落合南長崎駅前店,東京都豊島区南長崎4-5-20,,,ライフ,"40,000","40,000",実施不可,,,,,,,,,,,,
,ライフ,ライフ千川駅前店,東京都豊島区要町3-45-4,,,ライフ,"40,000","40,000",実施不可,,,,,,,,,,,,
,ライフ,ライフ板橋店,東京都板橋区板橋4-6-1,,,ライフ,"40,000","40,000",実施不可,,,,,,,,,,,,
,ライフ,ライフ仲宿店,東京都板橋区仲宿47-11,,屋外,ライフ,"40,000","40,000",実施不可,,,,屋外での開催。時期によってはライフの催事入る,,,,,,,,
,ライフ,ライフ赤塚店,東京都板橋区赤塚1-16-12,,,ライフ,"50,000","50,000",実施不可,,,,催事開催実績が店舗がない為実施可否の確認が必須,,,,,,,,
,ライフ,ライフ前野町店,東京都板橋区前野町1-20-18,,,ライフ,"40,000","40,000",実施不可,,,,,,,,,,,,
,ライフ,ライフ新桜台駅前店,東京都練馬区栄町46-11,,,ライフ,"40,000","40,000",実施可能,,,,,,,,,,,,
,ライフ,ライフ西大泉店,東京都練馬区西大泉3-16-20,,,ライフ,"40,000","40,000",実施可能,,,,,,,,,,,,
,ライフ,ライフ石神井台店,東京都練馬区石神井台2-6-8,,,ライフ,"40,000","40,000",実施可能,,,,,,,,,,,,
,ライフ,ライフ石神井公園店,東京都練馬区石神井町4-3-2,,,ライフ,"40,000","40,000",実施不可,,,,,,,,,,,,
,ライフ,ライフ練馬中村北店,東京都練馬区中村北2-3-3,,,ライフ,"40,000","40,000",実施不可,,,,,,,,,,,,
,ライフ,ライフ土支田店,東京都練馬区土支田2-30-14,,,ライフ,"40,000","40,000",実施可能,,,,,,,,,,,,
,ライフ,ライフ大泉学園駅前店,東京都練馬区東大泉5-43-1,,屋内（風除室含む）,ライフ,"40,000","40,000",実施不可,,,,ドコモで催事実績有,,,,,,,,
,ライフ,ライフ平和台店,東京都練馬区北町6-10-1,,,ライフ,"40,000","40,000",実施不可,,,,区画狭い,,,,,,,,
,ライフ,ライフ氷川台店,東京都練馬区氷川台3-8-15,,屋内（風除室含む）,ライフ,"40,000","40,000",実施不可,,,,区画狭い＆auで実績でなかった。※4日間で0台,,,,,,,,
,ライフ,ライフ府中中河原店,東京都府中市住吉町1-84-1,1階入口(長机2本)かB1F(長机1本),,ライフ,"40,000","40,000",実施可能,,,,通信催事実績は過去なし。催事場所に関してもこちら側で希望は出せる。集客は地下1F(食品売場)の方が多い,,,,,,,,
,ライフ,ライフ神田和泉町店,東京都千代田区神田和泉町2-13,,,,"40,000","40,000",実施可能,,,,,,,,,,,,
,ライフ,ライフ東尾久店,東京都荒川区東尾久6-18-10,,,,"40,000","40,000",実施不可,,,,,,,,,,,,
,ライフ,ライフビオラルパルコヤ上野店,東京都台東区上野3-24-6パルコヤ上野店地下１階,,,,"40,000","40,000",実施不可,,,,,,,,,,,,
,ライフ,ライフ本郷三丁目駅前店,東京都文京区本郷4-37-12,,,,"40,000","40,000",実施不可,,,,,,,,,,,,
,ライフ,ライフアクトピア北赤羽店,東京都北区赤羽北2-31-22,,,,"40,000","40,000",実施不可,,,,,,,,,,,,
,ライフ,ライフ北赤羽店,東京都北区浮間3-2-9,,,,"40,000","40,000",実施不可,,,,,,,,,,,,
,ライフ,ライフ江北駅前店,東京都足立区西新井本町2-31-20,,,,"40,000","40,000",実施不可,,,,,,,,,,,,
,ライフ,ライフポンテポルタ千住店,東京都足立区千住橋戸町1-13,,,,"40,000","40,000",実施不可,,,,,,,,,,,,
,ライフ,ライフ六日町店,東京都足立区六町4-3-1,,,,"40,000","40,000",実施可能,,,,,,,,,,,,
,ライフ,ライフ奥戸店,東京都葛飾区奥戸3-23-19,,,,"40,000","40,000",実施不可,,,,,,,,,,,,
,ライフ,ライフセントラルスクエア押上駅前店,東京都墨田区押上1-10-3,,,,"40,000","40,000",実施不可,,,,,,,,,,,,
,ライフ,ライフ篠崎店,東京都江戸川区篠崎町7-27-1,,,,"40,000","40,000",実施可能,,,,,,,,,,,,
,ライフ,ライフ瑞江店,東京都江戸川区瑞江2-2-1,,,,"40,000","40,000",実施不可,,,,,,,,,,,,
,ライフ,ライフ深川猿江店,東京都江東区猿江2-16-8,,,,"40,000","40,000",実施可能,,,,,,,,,,,,
,ライフ,ライフ亀戸店,東京都江東区亀戸9-24-17,,,,"40,000","40,000",実施可能,,,,,,,,,,,,
,ライフ,ライフカメイドクロック店,東京都江東区亀戸6-31-6カメイドクロック地下1階,,,,"40,000","40,000",実施不可,,,,,,,,,,,,
,ライフ,ライフ大崎ニューシティ店,東京都品川区大崎1-6-4 5号館,,,,"40,000","40,000",実施不可,,,,,,,,,,,,
,ライフ,ライフ東五反田店,東京都品川区東五反田2-19-6,,,,"40,000","40,000",実施不可,,,,,,,,,,,,
,ライフ,ライフドラッグプラス品川御殿山店,東京都品川区北品川5-4-1,,,,"40,000","40,000",実施不可,,,,,,,,,,,,
,ライフ,ライフ京急蒲田駅前店,東京都大田区蒲田4-10-14あすとウィズ,,,,"40,000","40,000",実施不可,,,,,,,,,,,,
,ライフ,ライフマチノマ大森店,東京都大田区大森西3-1-38マチノマ大森ビル内1F,,,,"40,000","40,000",実施不可,,,,,,,,,,,,
,ライフ,ライフ幡ヶ谷店,東京都渋谷区恵比寿4-20-7 恵比寿ガーデンプレイス　センタープラザB2,,,,"40,000","40,000",実施不可,,,,,,,,,,,,
,ライフ,ライフ中目黒店,東京都目黒区上目黒3-8-7,,,,"40,000","40,000",実施不可,,,,,,,,,,,,
,ライフ,ライフ目黒大橋店,東京都目黒区大橋1-5-1,,,,"40,000","40,000",実施不可,,,,,,,,,,,,
,ライフ,ライフ千歳烏山店,東京都世田谷区南烏山5-32-1,,,,"40,000","40,000",実施不可,,,,,,,,,,,,
,ライフ,ライフ桜新町店,東京都世田谷区桜新町2丁目23番1号,,,,"40,000","40,000",実施不可,,,,,,,,,,,,
,ライフ,ライフビオラル下北沢店,東京都世田谷区北沢2-21-22「tefu」lounge1階,,,,"40,000","40,000",実施不可,,,,,,,,,,,,
,ライフ,ライフコモレ四谷店,東京都新宿区四谷1-6-1　地下1階,,,,"40,000","40,000",実施不可,,,,,,,,,,,,
,ライフ,ライフビオラル新宿マルイ店,東京都新宿区新宿3-30-13新宿マルイ本館地下1階,,,,"40,000","40,000",実施不可,,,,,,,,,,,,
,ライフ,ライフ中野新井店,東京都中野区新井3-8-12,,,,"40,000","40,000",実施不可,,,,,,,,,,,,
,ライフ,ライフ中野坂上店,東京都中野区中央1-36-3,,,,"40,000","40,000",実施可能,,,,,,,,,,,,
,ライフ,ライフ中野駅前店,東京都中野区中野5-33-13,,,,"40,000","40,000",実施不可,,,,,,,,,,,,
,ライフ,ライフココネリ練馬駅前店,東京都練馬区練馬1-17-1,,,,"40,000","40,000",実施不可,,,,,,,,,,,,
,ライフ,ライフムスブ田町店,東京都港区芝浦3-1-21 msb Tamachi 田町ステーションタワーＳ棟　1階,,,,"40,000","40,000",実施不可,,,,,,,,,,,,
,ライフ,ライフビオラルマルイ吉祥寺店,東京都武蔵野市吉祥寺南町１－７－１(丸井吉祥寺店1階),,,,"40,000","40,000",実施不可,,,,,,,,,,,,
,ライフ,ライフキテラタウン調布店,東京都調布市菊野台1-33-3,,,,"40,000","40,000",実施不可,,,,,,,,,,,,
,ライフ,ライフ東府中店,東京都府中市若松町2-1-10,,,,"40,000","40,000",実施不可,,,,,,,,,,,,
,ライフ,ライフ梅島駅前店,東京都足立区梅島1-13-12,,,,"40,000","40,000",実施不可,,,,,,,,,,,,
,ライフ,ライフ池袋三丁目店,東京都豊島区池袋3－1-1-101,,,,"40,000","40,000",実施不可,,,,,,,,,,,,
,カスミ,フードスクエアカスミバイユー江戸川松江店,東京都江戸川区松江1-13-2,,,スペースラボ,,,実施不可,,,,,,,,,,,,
,カスミ,カスミフードスクエアオリナス錦糸町店,東京都墨田区太平4-1-5,,,スペースラボ,,,実施不可,,,,,,,,,,,,
,カスミ,カスミフードスクエア板橋前野町店,東京都板橋区前野町3-20-1,,,スペースラボ,,,実施不可,,,,,,,,,,,,
,オザム,スーパーオザム八王子諏訪店,東京都八王子市諏訪町499,青果側入り口横,屋内（風除室含む）,スペースラボ,"22,000","22,000",実施可能,,,,,,,,,,,,
,オザム,スーパーオザム日の出店,東京都西多摩郡日の出町平井2043,店頭軒下,屋外,スペースラボ,"22,000","22,000",実施可能,,,,,,,,,,,,
,オザム,スーパーオザム下里店,東京都東久留米市下里5-9-8,店頭軒下,屋外,スペースラボ,"22,000","22,000",実施可能,,,,,,,,,,,,
,オザム,オザムバリュー野上店,東京都青梅市野上町2-1-6,店頭軒下,屋外,スペースラボ,"22,000","22,000",実施可能,,,,,,,,,,,,
,オザム,スーパーオザム東綾瀬店,東京都足立区東綾瀬1-26-5,店頭軒下,屋外,スペースラボ,"22,000","22,000",実施可能,,,,,,,,,,,,
,オザム,スーパーオザム村山店,東京都武蔵村山市本町2-80-6,店頭軒下,屋外,スペースラボ,"22,000","22,000",実施可能,,,,,,,,,,,,
,オザム,オザムバリュー羽村店,東京都羽村市神明台4-2-1,店頭軒下(宝くじ売り場側),屋外,スペースラボ,"22,000","22,000",実施可能,,,,,,,,,,,,
,オザム,スーパーオザム栄町店,東京都羽村市栄町2-9-7,休憩スペース,屋内（風除室含む）,スペースラボ,"22,000","22,000",実施不可,,,,,,,,,,,,
,オザム,オザムバリュー新町店,東京都青梅市新町2-34-1,店頭軒下,屋外,スペースラボ,"22,000","22,000",実施可能,,,,,,,,,,,,
,オザム,オザムバリュー牛浜店,東京都福生市牛浜118-1,風除室,屋内（風除室含む）,スペースラボ,"22,000","22,000",実施不可,,,,,,,,,,,,
,オザム,スーパーオザム秋川店,東京都あきる野市秋川6-16-9,風除室,屋内（風除室含む）,スペースラボ,"22,000","22,000",実施可能,,,,,,,,,,,,
,オザム,スーパーオザム美住町店,東京都東村山市美住町1-20-1,風除室,屋内（風除室含む）,スペースラボ,"22,000","22,000",実施可能,,,,,,,,,,,,
,オザム,スーパーオザムラーレ東村山店,東京都東村山市久米川町3-1-4,青果側店頭軒下,屋外,スペースラボ,"22,000","22,000",実施可能,,,,,,,,,,,,
,オザム,スーパーオザム友田店,東京都青梅市友田町5-350,道路側入口風除室,屋内（風除室含む）,スペースラボ,"22,000","22,000",実施可能,,,,,,,,,,,,
,オザム,スーパーオザム青梅今寺店,東京都青梅市今寺5-13-3,イートインコーナー一画,屋内（風除室含む）,スペースラボ,"22,000","22,000",実施可能,,,,,,,,,,,,
,オザム,スーパーオザム大楽寺店,東京都八王子市大楽寺町285,レジ付近サッカー台横,屋内（風除室含む）,スペースラボ,"22,000","22,000",実施可能,,,,,,,,,,,,
,オザム,スーパーオザム河辺店,東京都青梅市河辺町7-8-1,青果側入り口付近空きテナント,屋内（風除室含む）,スペースラボ,"22,000","22,000",実施可能,,,,,,,,,,,,
,オザム,スーパーオザムラーレ青梅新町店,東京都青梅市新町9-2016-14,イートインコーナー前,屋内（風除室含む）,スペースラボ,"22,000","22,000",実施可能,,,,,,,,,,,,
,オザム,スーパーオザムラーレ青梅新町店,東京都青梅市新町9-2016-15,道路側入口風除室,屋内（風除室含む）,スペースラボ,"22,000","22,000",実施可能,,,,,,,,,,,,
,オザム,スーパーオザム昭島拝島店,東京都昭島市拝島町3丁目15,軒下,屋外,スペースラボ,"22,000","22,000",実施可能,,,,,,,,,,,,
,オザム,スーパーオザム足立保木間店,東京都足立区保木間1-22-3,風除室※日曜日不可,屋内（風除室含む）,スペースラボ,"22,000","22,000",実施可能,,,,,,,,,,,,
,オザム,スーパーオザム新町店,東京都青梅市新町6-1-1,風除室①,屋外,スペースラボ,"22,000","22,000",実施可能,,,,,,,,,,,,
,オザム,スーパーオザム新町店,東京都青梅市新町6-1-2,風除室②,屋内（風除室含む）,スペースラボ,"22,000","22,000",実施可能,,,,,,,,,,,,
,オザム,スーパーオザム小作店,東京都羽村市羽加美1-10-3,店頭軒下,屋外,スペースラボ,"22,000","22,000",実施可能,,,,,,,,,,,,
,オザム,スーパーオザム保谷店,東京都西東京市保谷町1-1-11,エレベーターホール,屋内（風除室含む）,スペースラボ,"22,000","22,000",実施可能,,,,,,,,,,,,
,オザム,スーパーオザム調布多摩川店,東京都調布市多摩川2-29-52,風除室,屋内（風除室含む）,スペースラボ,"22,000","22,000",実施可能,,,,,,,,,,,,
,オザム,スーパーオザム末広店,東京都青梅市新町3-15-1,風除室,屋内（風除室含む）,スペースラボ,"22,000","22,000",実施可能,,,,,,,,,,,,
,オザム,スーパーオザム代継店,東京都あきる野市下代継289,店頭軒下,屋外,スペースラボ,"22,000","22,000",実施可能,,,,,,,,,,,,
,イオン,イオン練馬店,東京都練馬区光が丘5-1-1,要相談,屋内（風除室含む）,スペースラボ,要相談,要相談,,,,,都度申請※決裁の都合上、開催日の1か月前締め切り/回答まで1週間前後,,,,,,,,
,イオン,イオン西新井店①　1F 駅反対側出入口前,東京都足立区梅島3-32-7,3㎡ / 1坪,屋内（風除室含む）,スペースラボ,要相談,要相談,,,,,都度申請※決裁の都合上、開催日の2か月前締め切り/回答まで1週間前後,,,,,,,,
,イオン,イオン西新井店②　1F 鮮魚アオキ側店頭入り口(店外軒下),東京都足立区梅島3-32-7,3㎡ / 1坪,屋外,スペースラボ,要相談,要相談,,,,,都度申請※決裁の都合上、開催日の2か月前締め切り/回答まで1週間前後,,,,,,,,
,イオン,イオン西新井店③　1F 西新井駅側店頭入り口(店外軒下),東京都足立区梅島3-32-7,4㎡ / 1坪,屋外,スペースラボ,要相談,要相談,,,,,都度申請※決裁の都合上、開催日の2か月前締め切り/回答まで1週間前後,,,,,,,,
,イオン,イオン西新井店④　店頭外スペース　,東京都足立区梅島3-32-7,要確認,屋外,ダイエースペース,"20,000","30,000",,,,,,,,,,,,,
,イオン,イオン東雲店①　1F サービスカウンター前,東京都江東区東雲1-9-10,20㎡ / 6坪,屋内（風除室含む）,スペースラボ,要相談,要相談,,,,,都度申請※決裁の都合上、開催日の1か月前締め切り/回答まで1週間前後,,,,,,,,
,イオン,イオン東雲店②　2F 晴海通り側入口,東京都江東区東雲1-9-10,11㎡ / 3坪,屋内（風除室含む）,スペースラボ,要相談,要相談,,,,,都度申請※決裁の都合上、開催日の1か月前締め切り/回答まで1週間前後,,,,,,,,
,イオン,イオン東雲店③　2F フードコート前,東京都江東区東雲1-9-10,11㎡ / 3坪,屋内（風除室含む）,スペースラボ,要相談,要相談,,,,,都度申請※決裁の都合上、開催日の1か月前締め切り/回答まで1週間前後,,,,,,,,
,イオン,イオン東雲店④　1F 不二家前,東京都江東区東雲1-9-10,要確認,屋内（風除室含む）,ダイエースペース,"50,000","50,000",,,,,,,,,,,,,
,イオン,ザ・ビッグ昭島　1Fエスカレーター前,東京都昭島市宮沢町５００-１,要確認,屋内（風除室含む）,ダイエースペース,"25,000","30,000",,,,,,,,,,,,,
,イオン,イオン葛西店①　4F上りエスカレーター前,東京都江戸川区西葛西３丁目９-１９,.6ｍ×3.0ｍ（3.2坪）,屋内（風除室含む）,ダイエースペース,"25,000","30,000",,,,,,,,,,,,,
,イオン,イオン葛西店②　1Fバーガーキング前,東京都江戸川区西葛西３丁目９-１９,2.2ｍ×1.8ｍ（1.2坪）,屋内（風除室含む）,ダイエースペース,"30,000","35,000",,,,,,,,,,,,,
,イオンスタイル,イオンスタイル碑文谷店　店内①,東京都目黒区碑文谷４丁目１－１,要確認,屋内（風除室含む）,ダイエースペース,"30,000","30,000",,,,,,,,,,,,,
,イオンスタイル,イオンスタイル碑文谷店　店内②,東京都目黒区碑文谷４丁目１－１,要確認,屋内（風除室含む）,ダイエースペース,"30,000","30,000",,,,,,,,,,,,,
,イオンスタイル,イオンスタイル碑文谷店　店外,東京都目黒区碑文谷４丁目１－１,要確認,屋外,ダイエースペース,"30,000","30,000",,,,,,,,,,,,,
,イオンスタイル,イオンスタイル南砂店　南側入り口付近,東京都江東区南砂6-7-15,要確認,屋内（風除室含む）,ダイエースペース,"30,000","50,000",,,,,,,,,,,,,
,イオンスタイル,イオンスタイル品川シーサイド　オーバルガーデン側入口　風除室,東京都品川区東品川４丁目１２-５,要確認,屋内（風除室含む）,ダイエースペース,"30,000","50,000",,,,,,,,,,,,,
,イオンスタイル,イオンスタイル板橋前野町　北側入口　風除室,東京都板橋区前野町４丁目２１-２２,要確認,屋内（風除室含む）,ダイエースペース,"20,000","30,000",,,,,,,,,,,,,
,イオンスタイル,イオンスタイル河辺　店内スペース,東京都青梅市河辺町１０丁目７-１,要確認,屋内（風除室含む）,ダイエースペース,"20,000","25,000",,,,,,,,,,,,,
,イオンスタイル,イオンスタイル赤羽　店内スペース,東京都北区神谷3-12-1,要確認,屋内（風除室含む）,ダイエースペース,"30,000","40,000",,,,,,,,,,,,,
,イオンスタイル,イオンフードスタイル小平　1Fドムドム前　店頭軒下,東京都小平市小川東町2-12-1,1.5ｍ×2.7ｍ（1.2坪）,屋外,ダイエースペース,"15,000","20,000",,,,,,,,,,,,,
,イオンスタイル,イオンフードスタイル船堀　店内スペース,東京都江戸川区船堀１丁目１-５１,要確認,屋内（風除室含む）,ダイエースペース,"20,000","30,000",,,,,,,,,,,,,
,イオンスタイル,イオンフードスタイル八王子　店頭外スペース,東京都八王子市横山町４,要確認,屋外,ダイエースペース,"15,000","20,000",,,,,,,,,,,,,
,ダイエー,ダイエー西台店　店頭外スペース,東京都板橋区蓮根３丁目８−１２,要確認,屋外,ダイエースペース,"20,000","30,000",要確認,,,,設備・什器は要事前打ち合わせ,,,,,,,,
,ダイエー,ダイエー町田店　店内スペース,東京都町田市原町田3-2-8,要確認,屋内（風除室含む）,ダイエースペース,"15,000","20,000",要確認,,,,電源等事前打ち合わせ時に確認下さい,,,,,,,,
,ダイエー,ダイエー高田店,東京都東京都豊島区高田1-3-3,要確認,屋外,ダイエースペース,"15,000","20,000",要確認,,,,事前に打合せ願います,,,,,,,,
,ダイエー,グルメシティ糀谷店,東京都大田区西糀谷２丁目２５−１ 2Ｆ,要確認,屋内（風除室含む）,ダイエースペース,"15,000","20,000",要確認,,,,電源等事前打ち合わせ時に確認下さい,,,,,,,,
,ダイエー,グルメシティ多摩店　メイン入口横　,東京都多摩市永山４丁目２-１,要確認,屋内（風除室含む）,ダイエースペース,"15,000","20,000",要確認,,,,電源あり,,,,,,,,
,ダイエー,グルメシティ鶴川緑山店　店頭軒下,東京都町田市三輪緑山1-2-2,要確認,屋外,ダイエースペース,"10,000","15,000",要確認,,,,電源あり,,,,,,,,
,ダイエー,グルメシティ成瀬台店　右側入口風除室,東京都町田市成瀬台３丁目６,要確認,屋内（風除室含む）,ダイエースペース,"10,000","15,000",要確認,,,,電源あり,,,,,,,,
,ダイエー,ダイエー豊洲店①　店内スペース,東京都江東区豊洲5-1-6,要確認,屋内（風除室含む）,ダイエースペース,"15,000","20,000",要確認,,,,電源等事前打ち合わせ時に確認下さい,,,,,,,,
,ダイエー,ダイエー豊洲店②　店外スペース,東京都江東区豊洲5-1-6,要確認,屋外,ダイエースペース,"15,000","20,000",要確認,,,,要事前打ち合わせ,,,,,,,,
,マルエツ,マルエツ二子玉川,世田谷区玉川３丁目３９−３０ トライダント翠耀館,要確認,屋外,ダイエースペース,"15,000","20,000",要確認,,,,,,,,,,,,
,マルエツ,マルエツ一之江駅前,江戸川区一之江8丁目13番9号,要確認,屋内（風除室含む）,ダイエースペース,"15,000","20,000",要確認,,,,,,,,,,,,
,マルエツ,マルエツ千歳船橋①　店内,世田谷区船橋一丁目9-21,要確認,屋内（風除室含む）,ダイエースペース,"15,000","20,000",要確認,,,,,,,,,,,,
,マルエツ,マルエツ千歳船橋②　店外,世田谷区船橋一丁目9-21,要確認,屋外,ダイエースペース,"15,000","20,000",要確認,,,,,,,,,,,,
,ピーコック,ピーコック阿佐ヶ谷店　正面入り口前アーケード下,東京都杉並区阿佐谷南1-32-10,要確認,屋外,ダイエースペース,"15,000","20,000",要確認,,,,電源あり,,,,,,,,
,ピーコック,ピーコック東小金井店　正面入り口横,東京都小金井市中町2-23-23,要確認,屋外,ダイエースペース,"15,000","20,000",要確認,,,,電源あり,,,,,,,,
,ピーコック,ピーコック桜新町店　正面入り口　風除室,東京都世田谷区新町2-37-12,要確認,屋内（風除室含む）,ダイエースペース,"15,000","20,000",要確認,,,,電源あり,,,,,,,,
,ピーコック,ピーコック国立弁天通り店　店内スペース,東京都立川市栄町1-36-1,要確認,屋内（風除室含む）,ダイエースペース,"15,000","20,000",要確認,,,,,,,,,,,,
,ピーコック,ピーコック久我山店　正面入り口横,東京都杉並区久我山4-2-6,要確認,屋外,ダイエースペース,"15,000","20,000",要確認,,,,,,,,,,,,
,ピーコック,ピーコック高野台店　正面入り口　風除室,東京都練馬区高野台1-7-17,要確認,屋内（風除室含む）,ダイエースペース,"15,000","20,000",要確認,,,,,,,,,,,,
,ピーコック,ピーコック井荻店　パン屋側入り口,東京都杉並区下井草5-18-8,要確認,屋内（風除室含む）,ダイエースペース,"15,000","20,000",要確認,,,,,,,,,,,,
,ピーコック,ピーコック都立家政店　レジ後ろ柱前,東京都中野区鷺宮1-17-3,要確認,屋内（風除室含む）,ダイエースペース,"15,000","20,000",要確認,,,,,,,,,,,,
,ピーコック,ピーコック玉川上水店　CD機となり,東京都立川市柏町4-1-2,要確認,屋内（風除室含む）,ダイエースペース,"15,000","20,000",要確認,,,,,,,,,,,,
,ピーコック,ピーコック文京グリーンコート店　正面入り口　風除室,東京都文京区本駒込2-28-10,要確認,屋内（風除室含む）,ダイエースペース,"15,000","20,000",要確認,,,,,,,,,,,,
,ピーコック,ピーコック目白店　正面入り口　上り階段前,東京都新宿区下落合3-14-21,要確認,屋内（風除室含む）,ダイエースペース,"15,000","20,000",要確認,,,,,,,,,,,,
,ピーコック,ピーコック高田馬場店　入口付近,東京都新宿区高田馬場1-28-7,要確認,屋内（風除室含む）,ダイエースペース,"15,000","20,000",要確認,,,,,,,,,,,,
,ピーコック,ピーコック聖蹟桜ヶ丘オーパ店　1F正面入り口,東京都多摩市関戸4丁目72番,要確認,屋内（風除室含む）,ダイエースペース,"15,000","20,000",要確認,,,,,,,,,,,,
,仙川湯けむりの里,仙川湯けむりの里,調布市若葉町2-11-2,長机1台程度,屋内（風除室含む）,場所とる,"23,000","28,000",要確認,,,,,,,,,,,,
,コーナン,ビーバートザン経堂377,世田谷区経堂4丁目42-10,要確認,,場所とる,"30,000","30,000",要確認,,,,金額・場所は都度変更,,,,,,,,
,コーナンPRO,ビーバープロ町田木曽638,町田市木曽西3丁目26-7,要確認,,場所とる,"30,000","30,000",要確認,,,,金額・場所は都度変更,,,,,,,,
,SHIBUYA109,SHIBUYA109①　２階COCOSPOT,渋谷区道玄坂2-29-1,2.98㎡程度,屋内（風除室含む）,場所とる,"208,000","308,000",要確認,,,,,,,,,,,,
,SHIBUYA109,SHIBUYA109②　1階店頭イベントスペース,渋谷区道玄坂2-29-1,44㎡程度,屋内（風除室含む）,場所とる,"608,000","958,000",要確認,,,,,,,,,,,,
,テルマー湯,テルマー湯新宿① 1Fロッカー入口,新宿区歌舞伎町1-1-2,長机2台程度,屋内（風除室含む）,場所とる,"20,000","20,000",要確認,,,,,,,,,,,,
,テルマー湯,テルマー湯新宿② 4Fジュースバー前,新宿区歌舞伎町1-1-2,長机2台程度,屋内（風除室含む）,場所とる,"20,000","20,000",要確認,,,,,,,,,,,,
,テルマー湯,テルマー湯新宿 ③地下2F喫煙所前,新宿区歌舞伎町1-1-2,長机2台程度,屋内（風除室含む）,場所とる,"20,000","20,000",要確認,,,,,,,,,,,,
,テルマー湯,テルマー湯　西麻布,港区西麻布1-7-2,長机1台程度,屋内（風除室含む）,場所とる,"20,000","20,000",要確認,,,,,,,,,,,,
,天然温泉ロテン・ガーデン,天然温泉ロテン・ガーデン,町田市相原町358,長机1台程度,屋内（風除室含む）,場所とる,"10,000","10,000",要確認,,,,,,,,,,,,
,ニトリ,ニトリ狛江ショッピングセンター,狛江市岩戸南2-4-3,4坪程度,屋内（風除室含む）,場所とる,"48,000","88,000",要確認,,,,最低5ｍの延長コード必要（養生必須）,,,,,,,,
,NAS,NAS西日暮里①　2F催事場スペース,荒川区西日暮里5-20-1,長机1～2台程度,屋内（風除室含む）,場所とる,"30,000","30,000",要確認,,,,,,,,,,,,
,NAS,NAS西日暮里②　5F催事場スペース,荒川区西日暮里5-20-1,長机1台程度,屋内（風除室含む）,場所とる,"30,000","30,000",要確認,,,,,,,,,,,,
,NAS,NAS大崎,品川区大崎2-1-3,長机1～2台程度,屋内（風除室含む）,場所とる,"30,000","30,000",要確認,,,,,,,,,,,,
,NAS,Wellness　＆　Spa　CLUB芝浦アイランド,港区芝浦4-20-3,長机1～2台程度,屋内（風除室含む）,場所とる,"30,000","30,000",要確認,,,,,,,,,,,,
,NAS,NAS町屋,荒川区荒川6-4-9,長机1～2台程度,屋内（風除室含む）,場所とる,"30,000","30,000",要確認,,,,,,,,,,,,
,NAS,NASリバーシティ21　（大川端）,中央区佃2-2-9,長机1～2台程度,屋内（風除室含む）,場所とる,"30,000","30,000",要確認,,,,,,,,,,,,
,NAS,NAS若葉台,稲城市若葉台2-1-1 フレスポ若葉台EAST3F,長机1～2台程度,屋内（風除室含む）,場所とる,"30,000","30,000",要確認,,,,,,,,,,,,
,NAS,NAS聖蹟桜ヶ丘,多摩市関戸1-7-5 京王聖蹟桜ヶ丘ショッピングセンターC館3F,長机1～2台程度,屋内（風除室含む）,場所とる,"30,000","30,000",要確認,,,,,,,,,,,,
,NAS,NAS光が丘,練馬区光が丘5-1-1 光が丘IMA イマミセ5F,長机1～2台程度,屋内（風除室含む）,場所とる,"30,000","30,000",要確認,,,,,,,,,,,,
,NAS,NAS永山,多摩市諏訪2-12,長机1～2台程度,屋内（風除室含む）,場所とる,"30,000","30,000",要確認,,,,,,,,,,,,
,NAS,NAS吉祥寺,武蔵野市吉祥寺南町1-27-1,長机1～2台程度,屋内（風除室含む）,場所とる,"30,000","30,000",要確認,,,,,,,,,,,,
,NAS,NAS芦花公園,世田谷区南烏山1-10-22,長机1～2台程度,屋内（風除室含む）,場所とる,"30,000","30,000",要確認,,,,,,,,,,,,
,NAS,NAS高尾,八王子市東浅川町550-1 イーアス高尾2F,長机1～2台程度,屋内（風除室含む）,場所とる,"30,000","30,000",要確認,,,,,,,,,,,,
,NAS,NAS篠崎,江戸川区篠崎町2-6-21,長机1～2台程度,屋内（風除室含む）,場所とる,"30,000","30,000",要確認,,,,,,,,,,,,
,NAS,NAS西葛西,江戸川区西葛西6-15-24,長机1～2台程度,屋内（風除室含む）,場所とる,"30,000","30,000",要確認,,,,,,,,,,,,
,NAS,NASキッズユニバーシティ文京,文京区千駄木3-50-2 FT文京1F,長机1～2台程度,屋内（風除室含む）,場所とる,"30,000","30,000",要確認,,,,,,,,,,,,
,NAS,NASキッズユニバーシティ三鷹,三鷹市下連雀8-4-11 三鷹リバティ1F,長机1～2台程度,屋内（風除室含む）,場所とる,"30,000","30,000",要確認,,,,,,,,,,,,
,ホットヨガスタジオ美温,ホットヨガスタジオ美温　東京オペラシティ,新宿区西新宿3-20-2 東京オペラシティ1F,長机1～2台程度,屋内（風除室含む）,場所とる,"30,000","30,000",要確認,,,,,,,,,,,,
,ホットヨガスタジオ美温,ホットヨガスタジオ美温　三鷹,三鷹市下連雀3-27-13 正栄ビル2F,長机1～2台程度,屋内（風除室含む）,場所とる,"30,000","30,000",要確認,,,,,,,,,,,,
,LICOPA,LICOPA東大和①　1F中央エスカレーター脇,東大和市桜が丘2-142-1,要確認,屋内（風除室含む）,場所とる,"58,000","108,000",要確認,,,,,,,,,,,,
,LICOPA,LICOPA東大和②　東大和入口,東大和市桜が丘2-142-1,要確認,屋内（風除室含む）,場所とる,"58,000","108,000",要確認,,,,,,,,,,,,
,郵便局,中野サンクォーレ内郵便局10,中野区中野4-3-1,長机1台程度,屋内（風除室含む）,場所とる,"15,000","15,000",要確認,,,,,,,,,,,,
,郵便局,練馬中村郵便局30,練馬区中村北3-15-5,長机1台程度,屋内（風除室含む）,場所とる,"15,000","15,000",要確認,,,,,,,,,,,,
,郵便局,板橋大山郵便局40,板橋区大山西町52-12,長机1台程度,屋内（風除室含む）,場所とる,"10,000","10,000",要確認,,,,,,,,,,,,
,郵便局,上石神井郵便局50,練馬区上石神井1-13-19,長机1台程度,屋内（風除室含む）,場所とる,"15,000","15,000",要確認,,,,,,,,,,,,
,郵便局,八王子横山町郵便局70,八王子市横山町10-19,長机1台程度,屋内（風除室含む）,場所とる,"15,000","15,000",要確認,,,,,,,,,,,,
,郵便局,大久野郵便局80,日の出町大久野1177,長机1台程度,屋内（風除室含む）,場所とる,"10,000","10,000",要確認,,,,,,,,,,,,
,郵便局,元八王子郵便局90,八王子市大楽寺町408,長机1台程度,屋内（風除室含む）,場所とる,"15,000","15,000",要確認,,,,,,,,,,,,
,郵便局,港芝浦郵便局100,港区芝浦3-4-17,長机1台程度,屋内（風除室含む）,場所とる,"15,000","15,000",要確認,,,,,,,,,,,,
,郵便局,大森北六郵便局110,大田区大森北6-2-11,長机1台程度,屋内（風除室含む）,場所とる,"10,000","10,000",要確認,,,,,,,,,,,,
,郵便局,目黒東山一郵便局120,目黒区東山1-1-1,長机1台程度,屋内（風除室含む）,場所とる,"15,000","15,000",要確認,,,,,,,,,,,,
,郵便局,世田谷桜新町郵便局130,世田谷区桜新町1-14-23,長机1台程度,屋内（風除室含む）,場所とる,"15,000","15,000",要確認,,,,,,,,,,,,
,郵便局,東松原駅前郵便局140,世田谷区松原5-4-11,長机1台程度,屋内（風除室含む）,場所とる,"10,000","10,000",要確認,,,,,,,,,,,,
,郵便局,高円寺中央通郵便局170,杉並区高円寺南4-2-6,長机1台程度,屋内（風除室含む）,場所とる,"10,000","10,000",要確認,,,,,,,,,,,,
,郵便局,大森東四郵便局180,大田区大森東4-37-10,長机1台程度,屋内（風除室含む）,場所とる,"15,000","15,000",要確認,,,,,,,,,,,,
,郵便局,鷺ノ宮駅前郵便局190,中野区鷺宮4-34-8,長机1台程度,屋内（風除室含む）,場所とる,"15,000","15,000",要確認,,,,,,,,,,,,
,郵便局,板橋中丸郵便局210,板橋区中丸町17-14,長机1台程度,屋内（風除室含む）,場所とる,"10,000","10,000",要確認,,,,,,,,,,,,
,郵便局,豊島千早郵便局230,豊島区千早2-2-8,長机1台程度,屋内（風除室含む）,場所とる,"10,000","10,000",要確認,,,,,,,,,,,,
,郵便局,赤羽西四郵便局240,北区赤羽西4-44-1,長机1台程度,屋内（風除室含む）,場所とる,"15,000","15,000",要確認,,,,,,,,,,,,
,郵便局,江戸川鹿骨郵便局260,江戸川区鹿骨5-14-12,長机1台程度,屋内（風除室含む）,場所とる,"10,000","10,000",要確認,,,,,,,,,,,,
,郵便局,八王子明神町郵便局270,八王子市明神町4-2-2-105,長机1台程度,屋内（風除室含む）,場所とる,"15,000","15,000",要確認,,,,,,,,,,,,
,郵便局,吉祥寺本町郵便局280,武蔵野市吉祥寺本町2-31-15,長机1台程度,屋内（風除室含む）,場所とる,"10,000","10,000",要確認,,,,,,,,,,,,
,郵便局,葛飾堀切郵便局300,葛飾区堀切4-11-2,長机1台程度,屋内（風除室含む）,場所とる,"15,000","15,000",要確認,,,,,,,,,,,,
,郵便局,阿佐谷南三郵便局330,杉並区阿佐谷南3-13-6,長机1台程度,屋内（風除室含む）,場所とる,"10,000","10,000",要確認,,,,,,,,,,,,
,郵便局,品川戸越郵便局340,品川区戸越4-9-17,長机1台程度,屋内（風除室含む）,場所とる,"15,000","15,000",要確認,,,,,,,,,,,,
,郵便局,池ノ上駅前郵便局360,世田谷区代沢2-42-11,長机1台程度,屋内（風除室含む）,場所とる,"15,000","15,000",要確認,,,,,,,,,,,,
,郵便局,世田谷九品仏郵便局380,世田谷区奥沢8-15-9,長机1台程度,屋内（風除室含む）,場所とる,"15,000","15,000",要確認,,,,,,,,,,,,
,郵便局,目黒南三郵便局390,目黒区南3-3-11,長机1台程度,屋内（風除室含む）,場所とる,"10,000","10,000",要確認,,,,,,,,,,,,
,郵便局,中野上高田一郵便局400,中野区上高田1-35-3,長机1台程度,屋内（風除室含む）,場所とる,"10,000","10,000",要確認,,,,,,,,,,,,
,郵便局,東中野郵便局410,中野区東中野5-11-11,長机1台程度,屋内（風除室含む）,場所とる,"10,000","10,000",要確認,,,,,,,,,,,,
,郵便局,高円寺北三郵便局420,杉並区高円寺北3-10-6,長机1台程度,屋内（風除室含む）,場所とる,"15,000","15,000",要確認,,,,,,,,,,,,
,郵便局,西荻窪郵便局430,杉並区西荻北2-13-5,長机1台程度,屋内（風除室含む）,場所とる,"15,000","15,000",要確認,,,,,,,,,,,,
,郵便局,豊島長崎郵便局470,豊島区長崎1-16-16,長机1台程度,屋内（風除室含む）,場所とる,"10,000","10,000",要確認,,,,,,,,,,,,
,郵便局,板橋志村郵便局480,板橋区志村1-12-27,長机1台程度,屋内（風除室含む）,場所とる,"15,000","15,000",要確認,,,,,,,,,,,,
,郵便局,中板橋郵便局490,板橋区中板橋13-8,長机1台程度,屋内（風除室含む）,場所とる,"15,000","15,000",要確認,,,,,,,,,,,,
,郵便局,板橋成増郵便局500,板橋区成増1-28-10,長机1台程度,屋内（風除室含む）,場所とる,"15,000","15,000",要確認,,,,,,,,,,,,
,郵便局,東十条郵便局510,北区東十条4-13-9,長机1台程度,屋内（風除室含む）,場所とる,"10,000","10,000",要確認,,,,,,,,,,,,
,郵便局,赤羽北二郵便局520,北区赤羽北2-13-16,長机1台程度,屋内（風除室含む）,場所とる,"10,000","10,000",要確認,,,,,,,,,,,,
,郵便局,葛西仲町郵便局550,江戸川区東葛西7-19-16,長机1台程度,屋内（風除室含む）,場所とる,"15,000","15,000",要確認,,,,,,,,,,,,
,郵便局,八王子子安郵便局560,八王子市子安町4-6-14,長机1台程度,屋内（風除室含む）,場所とる,"15,000","15,000",要確認,,,,,,,,,,,,
,郵便局,西秋留郵便局580,あきる野市油平99-7,長机1台程度,屋内（風除室含む）,場所とる,"10,000","10,000",要確認,,,,,,,,,,,,
,郵便局,吉野郵便局590,青梅市梅郷3-777-1,長机1台程度,屋内（風除室含む）,場所とる,"10,000","10,000",要確認,,,,,,,,,,,,
,郵便局,丸の内センタービル内郵便局610,千代田区丸の内1-6-1,長机1台程度,屋内（風除室含む）,場所とる,"15,000","15,000",要確認,,,,,,,,,,,,
,郵便局,田園調布郵便局630,大田区南雪谷2-21-1,長机1台程度,屋内（風除室含む）,場所とる,"20,000","20,000",要確認,,,,,,,,,,,,
,郵便局,山王グランドビル内郵便局670,千代田区永田町2-14-2,長机1台程度,屋内（風除室含む）,場所とる,"15,000","15,000",要確認,,,,,,,,,,,,
,郵便局,吉祥寺東町郵便局680,武蔵野市吉祥寺東町3-3-4,長机1台程度,屋内（風除室含む）,場所とる,"10,000","10,000",要確認,,,,,,,,,,,,
,郵便局,千鳥町駅前郵便局690,大田区千鳥1-16-17,長机1台程度,屋内（風除室含む）,場所とる,"10,000","10,000",要確認,,,,,,,,,,,,
,郵便局,大田西糀谷三郵便局700,大田区西糀谷3-20-2,長机1台程度,屋内（風除室含む）,場所とる,"10,000","10,000",要確認,,,,,,,,,,,,
,郵便局,目黒五本木郵便局710,目黒区五本木1-22-5,長机1台程度,屋内（風除室含む）,場所とる,"10,000","10,000",要確認,,,,,,,,,,,,
,郵便局,世田谷上馬一郵便局720,世田谷区上馬1-15-14,長机1台程度,屋内（風除室含む）,場所とる,"10,000","10,000",要確認,,,,,,,,,,,,
,郵便局,西友荻窪郵便局730,杉並区上荻1-9-1西友荻窪店7階,長机1台程度,屋内（風除室含む）,場所とる,"15,000","15,000",要確認,,,,,,,,,,,,
,郵便局,新宿下落合三郵便局740,新宿区下落合3-18-5,長机1台程度,屋内（風除室含む）,場所とる,"15,000","15,000",要確認,,,,,,,,,,,,
,郵便局,豊島南長崎六郵便局750,豊島区南長崎6-9-12,長机1台程度,屋内（風除室含む）,場所とる,"10,000","10,000",要確認,,,,,,,,,,,,
,郵便局,板橋常盤台郵便局760,板橋区常盤台1-30-9,長机1台程度,屋内（風除室含む）,場所とる,"15,000","15,000",要確認,,,,,,,,,,,,
,郵便局,足立中居郵便局780,足立区千住中居町17-24,長机1台程度,屋内（風除室含む）,場所とる,"15,000","15,000",要確認,,,,,,,,,,,,
,郵便局,千住竜田郵便局790,足立区千住龍田町20-9,長机1台程度,屋内（風除室含む）,場所とる,"10,000","10,000",要確認,,,,,,,,,,,,
,郵便局,江戸川東小松川郵便局810,江戸川区東小松川1-12-23,長机1台程度,屋内（風除室含む）,場所とる,"10,000","10,000",要確認,,,,,,,,,,,,
,郵便局,葛飾青戸郵便局830,葛飾青戸郵便局830,長机1台程度,屋内（風除室含む）,場所とる,"15,000","15,000",要確認,,,,,,,,,,,,
,郵便局,八王子中野上町郵便局840,八王子市中野上町1-32-13,長机1台程度,屋内（風除室含む）,場所とる,"10,000","10,000",要確認,,,,,,,,,,,,
,郵便局,吉祥寺南町郵便局850,武蔵野市吉祥寺南町5-1-7,長机1台程度,屋内（風除室含む）,場所とる,"10,000","10,000",要確認,,,,,,,,,,,,
,郵便局,国会内郵便局870,千代田区永田町1-7-1,長机1台程度,屋内（風除室含む）,場所とる,"15,000","15,000",要確認,,,,,,,,,,,,
,郵便局,蒲田安方郵便局880,大田区多摩川1-10-4,長机1台程度,屋内（風除室含む）,場所とる,"10,000","10,000",要確認,,,,,,,,,,,,
,郵便局,大田久が原郵便局890,大田区久が原2-24-1,長机1台程度,屋内（風除室含む）,場所とる,"10,000","10,000",要確認,,,,,,,,,,,,
,郵便局,大田萩中郵便局900,大田区萩中2-8-13,長机1台程度,屋内（風除室含む）,場所とる,"15,000","15,000",要確認,,,,,,,,,,,,
,郵便局,田園調布本町郵便局910,大田区田園調布本町25-21,長机1台程度,屋内（風除室含む）,場所とる,"10,000","10,000",要確認,,,,,,,,,,,,
,郵便局,大田羽田郵便局920,大田区羽田4-4-27,長机1台程度,屋内（風除室含む）,場所とる,"15,000","15,000",要確認,,,,,,,,,,,,
,郵便局,世田谷若林四郵便局930,世田谷区若林4-3-9,長机1台程度,屋内（風除室含む）,場所とる,"10,000","10,000",要確認,,,,,,,,,,,,
,郵便局,世田谷野沢郵便局940,世田谷区野沢3-39-10,長机1台程度,屋内（風除室含む）,場所とる,"10,000","10,000",要確認,,,,,,,,,,,,
,郵便局,千歳船橋駅前郵便局950,世田谷区船橋1-3-3,長机1台程度,屋内（風除室含む）,場所とる,"15,000","15,000",要確認,,,,,,,,,,,,
,郵便局,志村橋郵便局970,板橋区坂下3-25-2,長机1台程度,屋内（風除室含む）,場所とる,"10,000","10,000",要確認,,,,,,,,,,,,
,郵便局,足立本木一郵便局1000,足立区本木1-1-12,長机1台程度,屋内（風除室含む）,場所とる,"10,000","10,000",要確認,,,,,,,,,,,,
,郵便局,墨田八広四郵便局1020,墨田区八広4-51-3,長机1台程度,屋内（風除室含む）,場所とる,"10,000","10,000",要確認,,,,,,,,,,,,
,郵便局,三鷹上連雀郵便局1040,三鷹市上連雀9-42-24,長机1台程度,屋内（風除室含む）,場所とる,"10,000","10,000",要確認,,,,,,,,,,,,
,郵便局,立川富士見郵便局1050,立川市富士見町1-12-5,長机1台程度,屋内（風除室含む）,場所とる,"10,000","10,000",要確認,,,,,,,,,,,,
,郵便局,町田西郵便局1060,町田市小山町4275-2,長机1台程度,屋内（風除室含む）,場所とる,"15,000","15,000",要確認,,,,,,,,,,,,
,郵便局,品川西大井五郵便局1090,品川区西大井5-15-9,長机1台程度,屋内（風除室含む）,場所とる,"10,000","10,000",要確認,,,,,,,,,,,,
,郵便局,目黒原町郵便局1100,目黒区洗足1-11-20,長机1台程度,屋内（風除室含む）,場所とる,"10,000","10,000",要確認,,,,,,,,,,,,
,郵便局,世田谷明大前郵便局1110,世田谷区松原1-38-12,長机1台程度,屋内（風除室含む）,場所とる,"15,000","15,000",要確認,,,,,,,,,,,,
,郵便局,杉並下井草郵便局1120,杉並区下井草3-30-14,長机1台程度,屋内（風除室含む）,場所とる,"15,000","15,000",要確認,,,,,,,,,,,,
,郵便局,豊島高松郵便局1130,豊島区高松1-11-13,長机1台程度,屋内（風除室含む）,場所とる,"15,000","15,000",要確認,,,,,,,,,,,,
,郵便局,中十条郵便局1150,北区中十条2-12-4,長机1台程度,屋内（風除室含む）,場所とる,"10,000","10,000",要確認,,,,,,,,,,,,
,郵便局,練馬関町郵便局1160,練馬区関町北2-3-4,長机1台程度,屋内（風除室含む）,場所とる,"15,000","15,000",要確認,,,,,,,,,,,,
,郵便局,足立柳原郵便局1170,足立区柳原1-9-14,長机1台程度,屋内（風除室含む）,場所とる,"10,000","10,000",要確認,,,,,,,,,,,,
,郵便局,江戸川一之江郵便局1200,江戸川区一之江4-6-15,長机1台程度,屋内（風除室含む）,場所とる,"10,000","10,000",要確認,,,,,,,,,,,,
,郵便局,江戸川船堀郵便局1210,江戸川区船堀2-21-9,長机1台程度,屋内（風除室含む）,場所とる,"15,000","15,000",要確認,,,,,,,,,,,,
,郵便局,神代郵便局1220,調布市西つつじケ丘3-37-4,長机1台程度,屋内（風除室含む）,場所とる,"15,000","15,000",要確認,,,,,,,,,,,,
,郵便局,忠生郵便局1230,町田市忠生3-7-24,長机1台程度,屋内（風除室含む）,場所とる,"15,000","15,000",要確認,,,,,,,,,,,,
,郵便局,大崎駅西口郵便局1240,品川区大崎2-11-1大崎ウィズタワー3階,長机1台程度,屋内（風除室含む）,場所とる,"15,000","15,000",要確認,,,,,,,,,,,,
,郵便局,目黒緑が丘郵便局1250,目黒区緑が丘1-19-6,長机1台程度,屋内（風除室含む）,場所とる,"10,000","10,000",要確認,,,,,,,,,,,,
,郵便局,目黒四郵便局1260,目黒区目黒4-9-14,長机1台程度,屋内（風除室含む）,場所とる,"10,000","10,000",要確認,,,,,,,,,,,,
,郵便局,大田北千束郵便局1270,大田区北千束2-14-9,長机1台程度,屋内（風除室含む）,場所とる,"10,000","10,000",要確認,,,,,,,,,,,,
,郵便局,大田鵜の木郵便局1280,大田区鵜の木2-3-1,長机1台程度,屋内（風除室含む）,場所とる,"10,000","10,000",要確認,,,,,,,,,,,,
,郵便局,大田西糀谷二郵便局1290,大田区西糀谷2-21-20,長机1台程度,屋内（風除室含む）,場所とる,"10,000","10,000",要確認,,,,,,,,,,,,
,郵便局,世田谷代沢郵便局1300,世田谷区代沢5-30-4,長机1台程度,屋内（風除室含む）,場所とる,"15,000","15,000",要確認,,,,,,,,,,,,
,郵便局,板橋赤塚新町郵便局1330,板橋区赤塚新町1-25-10,長机1台程度,屋内（風除室含む）,場所とる,"15,000","15,000",要確認,,,,,,,,,,,,
,郵便局,府中八幡宿郵便局1340,府中市八幡町1-13-1,長机1台程度,屋内（風除室含む）,場所とる,"10,000","10,000",要確認,,,,,,,,,,,,
,郵便局,南郵便局1350,町田市南町田1-6-6,長机1台程度,屋内（風除室含む）,場所とる,"10,000","10,000",要確認,,,,,,,,,,,,
,郵便局,大田東雪谷五郵便局1370,大田区東雪谷5-9-3,長机1台程度,屋内（風除室含む）,場所とる,"15,000","15,000",要確認,,,,,,,,,,,,
,郵便局,大森南二郵便局1380,大田区大森南2-4-7,長机1台程度,屋内（風除室含む）,場所とる,"10,000","10,000",要確認,,,,,,,,,,,,
,郵便局,大田西六郷郵便局1390,大田区西六郷1-19-15,長机1台程度,屋内（風除室含む）,場所とる,"10,000","10,000",要確認,,,,,,,,,,,,
,郵便局,東玉川郵便局1400,世田谷区東玉川1-40-11,長机1台程度,屋内（風除室含む）,場所とる,"10,000","10,000",要確認,,,,,,,,,,,,
,郵便局,中野本町五郵便局1420,中野区本町5-33-11,長机1台程度,屋内（風除室含む）,場所とる,"10,000","10,000",要確認,,,,,,,,,,,,
,郵便局,上十条四郵便局1440,北区上十条4-17-8,長机1台程度,屋内（風除室含む）,場所とる,"10,000","10,000",要確認,,,,,,,,,,,,
,郵便局,荒川汐入郵便局1470,荒川区南千住8-4-5-118,長机1台程度,屋内（風除室含む）,場所とる,"15,000","15,000",要確認,,,,,,,,,,,,
,郵便局,新宿西落合郵便局1480,新宿区西落合1-21-17,長机1台程度,屋内（風除室含む）,場所とる,"15,000","15,000",要確認,,,,,,,,,,,,
,郵便局,昭島玉川郵便局1490,昭島市玉川町3-23-1,長机1台程度,屋内（風除室含む）,場所とる,"10,000","10,000",要確認,,,,,,,,,,,,
,郵便局,保谷東伏見郵便局1500,西東京市東伏見6-6-15,長机1台程度,屋内（風除室含む）,場所とる,"10,000","10,000",要確認,,,,,,,,,,,,
,郵便局,調布上石原郵便局1510,調布市上石原1-25-10,長机1台程度,屋内（風除室含む）,場所とる,"15,000","15,000",要確認,,,,,,,,,,,,
,郵便局,青梅住江町郵便局1520,青梅市住江町61-1,長机1台程度,屋内（風除室含む）,場所とる,"10,000","10,000",要確認,,,,,,,,,,,,
,郵便局,江戸川篠崎郵便局1540,江戸川区篠崎町3-25-1,長机1台程度,屋内（風除室含む）,場所とる,"10,000","10,000",要確認,,,,,,,,,,,,
,郵便局,西小岩一郵便局1550,江戸川区西小岩1-15-6,長机1台程度,屋内（風除室含む）,場所とる,"10,000","10,000",要確認,,,,,,,,,,,,
,郵便局,江戸川松島郵便局1560,江戸川区松島3-2-3,長机1台程度,屋内（風除室含む）,場所とる,"10,000","10,000",要確認,,,,,,,,,,,,
,郵便局,中野南台郵便局1570,中野区南台3-37-8,長机1台程度,屋内（風除室含む）,場所とる,"10,000","10,000",要確認,,,,,,,,,,,,
,郵便局,大田東馬込郵便局1580,大田区東馬込1-12-2,長机1台程度,屋内（風除室含む）,場所とる,"10,000","10,000",要確認,,,,,,,,,,,,
,郵便局,青梅上町郵便局1590,青梅市上町371,長机1台程度,屋内（風除室含む）,場所とる,"10,000","10,000",要確認,,,,,,,,,,,,
,郵便局,豊島千川駅前郵便局1600,豊島区要町3-11-4,長机1台程度,屋内（風除室含む）,場所とる,"15,000","15,000",要確認,,,,,,,,,,,,
,郵便局,杉並浜田山郵便局1610,杉並区浜田山3-36-18,長机1台程度,屋内（風除室含む）,場所とる,"15,000","15,000",要確認,,,,,,,,,,,,
,郵便局,杉並桜上水郵便局1620,杉並区下高井戸1-23-9,長机1台程度,屋内（風除室含む）,場所とる,"15,000","15,000",要確認,,,,,,,,,,,,
,郵便局,杉並久我山郵便局1640,杉並区久我山3-18-12,長机1台程度,屋内（風除室含む）,場所とる,"15,000","15,000",要確認,,,,,,,,,,,,
,郵便局,お花茶屋駅前郵便局1660,葛飾区宝町2-34-13-113,長机1台程度,屋内（風除室含む）,場所とる,"15,000","15,000",要確認,,,,,,,,,,,,
,郵便局,葛飾水元郵便局1670,葛飾区東水元3-4-18,長机1台程度,屋内（風除室含む）,場所とる,"10,000","10,000",要確認,,,,,,,,,,,,
,郵便局,目黒八雲四郵便局1680,目黒区八雲4-20-14,長机1台程度,屋内（風除室含む）,場所とる,"10,000","10,000",要確認,,,,,,,,,,,,
,郵便局,練馬桜台二郵便局1690,練馬区桜台2-17-13,長机1台程度,屋内（風除室含む）,場所とる,"10,000","10,000",要確認,,,,,,,,,,,,
,郵便局,扇大橋駅前郵便局1710,足立区扇1-21-6,長机1台程度,屋内（風除室含む）,場所とる,"10,000","10,000",要確認,,,,,,,,,,,,
,郵便局,足立西竹の塚郵便局1720,足立区西竹の塚2-4-17,長机1台程度,屋内（風除室含む）,場所とる,"15,000","15,000",要確認,,,,,,,,,,,,
,郵便局,世田谷上野毛郵便局1730,世田谷区上野毛1-34-15,長机1台程度,屋内（風除室含む）,場所とる,"10,000","10,000",要確認,,,,,,,,,,,,
,郵便局,原町田郵便局1740,町田市原町田3-7-11,長机1台程度,屋内（風除室含む）,場所とる,"15,000","15,000",要確認,,,,,,,,,,,,
,郵便局,三鷹下連雀郵便局1750,三鷹市下連雀1-11-6,長机1台程度,屋内（風除室含む）,場所とる,"10,000","10,000",要確認,,,,,,,,,,,,
,郵便局,八王子並木町郵便局1760,八王子市並木町12-10,長机1台程度,屋内（風除室含む）,場所とる,"10,000","10,000",要確認,,,,,,,,,,,,
,郵便局,吉祥寺本町二郵便局1770,武蔵野市吉祥寺本町2-26-1,長机1台程度,屋内（風除室含む）,場所とる,"15,000","15,000",要確認,,,,,,,,,,,,
,郵便局,江東豊洲郵便局1780,江東区豊洲3-2-20豊洲フロント1F,長机1台程度,屋内（風除室含む）,場所とる,"15,000","15,000",要確認,,,,,,,,,,,,
,郵便局,葛飾奥戸郵便局1800,葛飾区奥戸3-28-9,長机1台程度,屋内（風除室含む）,場所とる,"10,000","10,000",要確認,,,,,,,,,,,,
,郵便局,東大和南街郵便局1810,東大和市南街5-64-9,長机1台程度,屋内（風除室含む）,場所とる,"15,000","15,000",要確認,,,,,,,,,,,,
,郵便局,港港南郵便局1830,港区港南2-4-13,長机1台程度,屋内（風除室含む）,場所とる,"15,000","15,000",要確認,,,,,,,,,,,,
,郵便局,尾山台駅前郵便局1840,世田谷区等々力5-5-12,長机1台程度,屋内（風除室含む）,場所とる,"15,000","15,000",要確認,,,,,,,,,,,,
,郵便局,品川南大井郵便局1860,品川区南大井4-11-3,長机1台程度,屋内（風除室含む）,場所とる,"10,000","10,000",要確認,,,,,,,,,,,,
,郵便局,江東東砂郵便局1870,江東区東砂3-1-12,長机1台程度,屋内（風除室含む）,場所とる,"10,000","10,000",要確認,,,,,,,,,,,,
,郵便局,神田錦町郵便局1880,千代田区神田錦町1-17-4,長机1台程度,屋内（風除室含む）,場所とる,"15,000","15,000",要確認,,,,,,,,,,,,
,郵便局,新橋四郵便局1890,港区新橋4-30-6,長机1台程度,屋内（風除室含む）,場所とる,"15,000","15,000",要確認,,,,,,,,,,,,
,郵便局,六本木ヒルズ郵便局1910,港区六本木6-10-1六本木ヒルズ森タワー6階,長机1台程度,屋内（風除室含む）,場所とる,"15,000","15,000",要確認,,,,,,,,,,,,
,郵便局,台東三筋郵便局1930,台東区三筋2-7-11,長机1台程度,屋内（風除室含む）,場所とる,"15,000","15,000",要確認,,,,,,,,,,,,
,郵便局,品川二葉郵便局1970,品川区二葉2-4-20,長机1台程度,屋内（風除室含む）,場所とる,"10,000","10,000",要確認,,,,,,,,,,,,
,郵便局,品川小山三郵便局1980,品川区小山3-8-1,長机1台程度,屋内（風除室含む）,場所とる,"15,000","15,000",要確認,,,,,,,,,,,,
,郵便局,世田谷瀬田郵便局1990,世田谷区玉川台2-10-4,長机1台程度,屋内（風除室含む）,場所とる,"10,000","10,000",要確認,,,,,,,,,,,,
,郵便局,新宿中落合郵便局2010,新宿区中落合3-16-14,長机1台程度,屋内（風除室含む）,場所とる,"10,000","10,000",要確認,,,,,,,,,,,,
,郵便局,東池袋郵便局2020,豊島区東池袋5-10-8,長机1台程度,屋内（風除室含む）,場所とる,"10,000","10,000",要確認,,,,,,,,,,,,
,郵便局,武蔵関駅前郵便局2030,練馬区関町北4-6-11,長机1台程度,屋内（風除室含む）,場所とる,"15,000","15,000",要確認,,,,,,,,,,,,
,郵便局,荒川町屋郵便局2040,荒川区町屋1-19-9,長机1台程度,屋内（風除室含む）,場所とる,"15,000","15,000",要確認,,,,,,,,,,,,
,郵便局,荒川東尾久四郵便局2050,荒川区東尾久4-21-6,長机1台程度,屋内（風除室含む）,場所とる,"10,000","10,000",要確認,,,,,,,,,,,,
,郵便局,江戸川小松川郵便局2060,江戸川区小松川3-11-1,長机1台程度,屋内（風除室含む）,場所とる,"10,000","10,000",要確認,,,,,,,,,,,,
,郵便局,足立関原郵便局2070,足立区関原2-37-16,長机1台程度,屋内（風除室含む）,場所とる,"10,000","10,000",要確認,,,,,,,,,,,,
,郵便局,霞が関ビル内郵便局2100,千代田区霞が関3-2-5霞が関ビルディング3階,長机1台程度,屋内（風除室含む）,場所とる,"15,000","15,000",要確認,,,,,,,,,,,,
,郵便局,深川郵便局2110,江東区東陽4-4-2,長机1台程度,屋内（風除室含む）,場所とる,"30,000","30,000",要確認,,,,,,,,,,,,
,郵便局,四谷駅前郵便局2130,新宿区四谷1-6-1,長机1台程度,屋内（風除室含む）,場所とる,"20,000","20,000",要確認,,,,,,,,,,,,
,郵便局,西麻布郵便局2150,港区西麻布1-13-14,長机1台程度,屋内（風除室含む）,場所とる,"15,000","15,000",要確認,,,,,,,,,,,,
,郵便局,本郷四郵便局2160,文京区本郷4-2-5,長机1台程度,屋内（風除室含む）,場所とる,"15,000","15,000",要確認,,,,,,,,,,,,
,郵便局,台東清川郵便局2170,台東区清川1-28-4,長机1台程度,屋内（風除室含む）,場所とる,"15,000","15,000",要確認,,,,,,,,,,,,
,郵便局,墨田江東橋郵便局2180,墨田区江東橋1-7-19,長机1台程度,屋内（風除室含む）,場所とる,"15,000","15,000",要確認,,,,,,,,,,,,
,郵便局,大森駅前郵便局2200,大田区大森北1-29-11,長机1台程度,屋内（風除室含む）,場所とる,"15,000","15,000",要確認,,,,,,,,,,,,
,郵便局,品川中延五郵便局2210,品川区中延5-5-1,長机1台程度,屋内（風除室含む）,場所とる,"15,000","15,000",要確認,,,,,,,,,,,,
,郵便局,品川不動前郵便局2220,品川区西五反田4-29-15,長机1台程度,屋内（風除室含む）,場所とる,"15,000","15,000",要確認,,,,,,,,,,,,
,郵便局,新代田駅前郵便局2230,世田谷区代田5-29-7,長机1台程度,屋内（風除室含む）,場所とる,"10,000","10,000",要確認,,,,,,,,,,,,
,郵便局,中野本町三郵便局2240,中野区本町3-31-10,長机1台程度,屋内（風除室含む）,場所とる,"15,000","15,000",要確認,,,,,,,,,,,,
,郵便局,新宿上落合郵便局2260,新宿区上落合2-23-14,長机1台程度,屋内（風除室含む）,場所とる,"10,000","10,000",要確認,,,,,,,,,,,,
,郵便局,北豊島三郵便局2280,北区豊島3-17-20,長机1台程度,屋内（風除室含む）,場所とる,"10,000","10,000",要確認,,,,,,,,,,,,
,郵便局,北小岩六郵便局2300,江戸川区北小岩6-9-12,長机1台程度,屋内（風除室含む）,場所とる,"15,000","15,000",要確認,,,,,,,,,,,,
,郵便局,玉川学園前郵便局2310,町田市玉川学園2-10-11,長机1台程度,屋内（風除室含む）,場所とる,"10,000","10,000",要確認,,,,,,,,,,,,
,郵便局,増戸郵便局2330,あきる野市伊奈1044-4,長机1台程度,屋内（風除室含む）,場所とる,"10,000","10,000",要確認,,,,,,,,,,,,
,郵便局,渋谷本町五郵便局2340,渋谷区本町5-43-4,長机1台程度,屋内（風除室含む）,場所とる,"10,000","10,000",要確認,,,,,,,,,,,,
,郵便局,東神田郵便局2360,千代田区東神田2-4-5,長机1台程度,屋内（風除室含む）,場所とる,"15,000","15,000",要確認,,,,,,,,,,,,
,郵便局,台東聖天前郵便局2370,台東区浅草6-34-8,長机1台程度,屋内（風除室含む）,場所とる,"10,000","10,000",要確認,,,,,,,,,,,,
,郵便局,中央新川郵便局2380,中央区新川1-9-11,長机1台程度,屋内（風除室含む）,場所とる,"15,000","15,000",要確認,,,,,,,,,,,,
,郵便局,大森西六郵便局2400,大田区大森西6-14-10,長机1台程度,屋内（風除室含む）,場所とる,"15,000","15,000",要確認,,,,,,,,,,,,
,郵便局,西早稲田一郵便局2420,新宿区西早稲田1-8-22,長机1台程度,屋内（風除室含む）,場所とる,"15,000","15,000",要確認,,,,,,,,,,,,
,郵便局,日本橋浜町郵便局2430,中央区日本橋浜町3-25-10,長机1台程度,屋内（風除室含む）,場所とる,"15,000","15,000",要確認,,,,,,,,,,,,
,郵便局,王子郵便局2440,北区王子6-2-28,長机1台程度,屋内（風除室含む）,場所とる,"20,000","20,000",要確認,,,,,,,,,,,,
,郵便局,新宿神楽坂郵便局2460,新宿区神楽坂4-1,長机1台程度,屋内（風除室含む）,場所とる,"15,000","15,000",要確認,,,,,,,,,,,,
,郵便局,台東千束郵便局2470,台東区千束1-16-9,長机1台程度,屋内（風除室含む）,場所とる,"10,000","10,000",要確認,,,,,,,,,,,,
,郵便局,南池袋郵便局2490,豊島区南池袋1-21-10,長机1台程度,屋内（風除室含む）,場所とる,"15,000","15,000",要確認,,,,,,,,,,,,
,郵便局,江東亀戸郵便局2500,江東区亀戸3-62-12,長机1台程度,屋内（風除室含む）,場所とる,"15,000","15,000",要確認,,,,,,,,,,,,
,郵便局,大森東一郵便局2510,大田区大森東1-9-17,長机1台程度,屋内（風除室含む）,場所とる,"15,000","15,000",要確認,,,,,,,,,,,,
,郵便局,両国郵便局2520,中央区東日本橋2-27-12,長机1台程度,屋内（風除室含む）,場所とる,"15,000","15,000",要確認,,,,,,,,,,,,
,郵便局,新宿郵便局2530,新宿区西新宿1-8-8,長机1台程度,屋内（風除室含む）,場所とる,"30,000","30,000",要確認,,,,,,,,,,,,
,郵便局,押上駅前郵便局2550,墨田区業平4-17-12,長机1台程度,屋内（風除室含む）,場所とる,"15,000","15,000",要確認,,,,,,,,,,,,
,郵便局,墨田菊川郵便局2560,墨田区菊川3-8-7,長机1台程度,屋内（風除室含む）,場所とる,"15,000","15,000",要確認,,,,,,,,,,,,
,郵便局,玉川郵便局2570,世田谷区等々力8-22-1,長机1台程度,屋内（風除室含む）,場所とる,"20,000","20,000",要確認,,,,,,,,,,,,
,郵便局,江東亀戸六郵便局2590,江東区亀戸6-42-3,長机1台程度,屋内（風除室含む）,場所とる,"15,000","15,000",要確認,,,,,,,,,,,,
,郵便局,江東牡丹郵便局2600,江東区牡丹3-8-3,長机1台程度,屋内（風除室含む）,場所とる,"15,000","15,000",要確認,,,,,,,,,,,,
,郵便局,江東大島郵便局2610,江東区大島8-22-8,長机1台程度,屋内（風除室含む）,場所とる,"15,000","15,000",要確認,,,,,,,,,,,,
,郵便局,新宿大久保郵便局2620,新宿区大久保2-13-10,長机1台程度,屋内（風除室含む）,場所とる,"15,000","15,000",要確認,,,,,,,,,,,,
,郵便局,西日暮里郵便局2630,荒川区西日暮里1-60-3,長机1台程度,屋内（風除室含む）,場所とる,"10,000","10,000",要確認,,,,,,,,,,,,
,郵便局,荒川西尾久三郵便局2640,荒川区西尾久3-25-18,長机1台程度,屋内（風除室含む）,場所とる,"10,000","10,000",要確認,,,,,,,,,,,,
,郵便局,蔵前郵便局2650,台東区蔵前2-15-6,長机1台程度,屋内（風除室含む）,場所とる,"10,000","10,000",要確認,,,,,,,,,,,,
,郵便局,三鷹井の頭郵便局2660,三鷹市井の頭5-3-29,長机1台程度,屋内（風除室含む）,場所とる,"10,000","10,000",要確認,,,,,,,,,,,,
,郵便局,立川錦郵便局2670,立川市錦町1-11-10,長机1台程度,屋内（風除室含む）,場所とる,"15,000","15,000",要確認,,,,,,,,,,,,
,郵便局,飯田橋郵便局2690,千代田区富士見2-10-2,長机1台程度,屋内（風除室含む）,場所とる,"20,000","20,000",要確認,,,,,,,,,,,,
,郵便局,板橋南常盤台郵便局2710,板橋区南常盤台1-20-4,長机1台程度,屋内（風除室含む）,場所とる,"10,000","10,000",要確認,,,,,,,,,,,,
,郵便局,新目白通郵便局2720,新宿区下落合4-1-12,長机1台程度,屋内（風除室含む）,場所とる,"10,000","10,000",要確認,,,,,,,,,,,,
,郵便局,新宿住吉郵便局2730,新宿区住吉町2-13,長机1台程度,屋内（風除室含む）,場所とる,"15,000","15,000",要確認,,,,,,,,,,,,
,郵便局,池袋駅前郵便局2780,豊島区東池袋1-17-1,長机1台程度,屋内（風除室含む）,場所とる,"15,000","15,000",要確認,,,,,,,,,,,,
,郵便局,森下町郵便局2790,江東区森下1-12-6,長机1台程度,屋内（風除室含む）,場所とる,"15,000","15,000",要確認,,,,,,,,,,,,
,郵便局,墨田両国三郵便局2800,墨田区両国3-7-3,長机1台程度,屋内（風除室含む）,場所とる,"15,000","15,000",要確認,,,,,,,,,,,,
,郵便局,本所一郵便局2820,墨田区本所1-25-7,長机1台程度,屋内（風除室含む）,場所とる,"10,000","10,000",要確認,,,,,,,,,,,,
,郵便局,池袋本町郵便局2850,豊島区池袋本町4-4-14,長机1台程度,屋内（風除室含む）,場所とる,"10,000","10,000",要確認,,,,,,,,,,,,
,郵便局,東秋留郵便局2860,あきる野市二宮2306-7,長机1台程度,屋内（風除室含む）,場所とる,"10,000","10,000",要確認,,,,,,,,,,,,
,郵便局,城東郵便局2870,江東区大島3-15-2,長机1台程度,屋内（風除室含む）,場所とる,"20,000","20,000",要確認,,,,,,,,,,,,
,郵便局,秋葉原UDX内郵便局2880,千代田区外神田4-14-1秋葉原UDXビル1階,長机1台程度,屋内（風除室含む）,場所とる,"15,000","15,000",要確認,,,,,,,,,,,,
,郵便局,江戸川平井郵便局2900,江戸川区平井4-8-24,長机1台程度,屋内（風除室含む）,場所とる,"15,000","15,000",要確認,,,,,,,,,,,,
,郵便局,江東北砂七郵便局2910,江東区北砂7-5-15,長机1台程度,屋内（風除室含む）,場所とる,"10,000","10,000",要確認,,,,,,,,,,,,
,郵便局,墨田横川郵便局2920,墨田区横川4-7-3,長机1台程度,屋内（風除室含む）,場所とる,"10,000","10,000",要確認,,,,,,,,,,,,
,郵便局,新宿天神郵便局2930,新宿区天神町22-3,長机1台程度,屋内（風除室含む）,場所とる,"15,000","15,000",要確認,,,,,,,,,,,,
,郵便局,清瀬松山郵便局2940,清瀬市松山3-1-27,長机1台程度,屋内（風除室含む）,場所とる,"10,000","10,000",要確認,,,,,,,,,,,,
,郵便局,中央浜町一郵便局2960,中央区日本橋浜町1-5-1,長机1台程度,屋内（風除室含む）,場所とる,"15,000","15,000",要確認,,,,,,,,,,,,
,郵便局,羽田空港郵便局2970,大田区羽田空港3-3-2第一旅客ターミナルビル1階,長机1台程度,屋内（風除室含む）,場所とる,"15,000","15,000",要確認,,,,,,,,,,,,
,郵便局,墨田緑町郵便局2990,墨田区緑1-14-12,長机1台程度,屋内（風除室含む）,場所とる,"10,000","10,000",要確認,,,,,,,,,,,,
,郵便局,北田端新町郵便局3020,北区田端新町2-14-8,長机1台程度,屋内（風除室含む）,場所とる,"10,000","10,000",要確認,,,,,,,,,,,,
,郵便局,足立宮城郵便局3030,足立区宮城1-12-19,長机1台程度,屋内（風除室含む）,場所とる,"10,000","10,000",要確認,,,,,,,,,,,,
,郵便局,北豊島二郵便局3070,北区豊島2-1-9,長机1台程度,屋内（風除室含む）,場所とる,"10,000","10,000",要確認,,,,,,,,,,,,
,郵便局,大田池上六郵便局3080,大田区池上6-38-9,長机1台程度,屋内（風除室含む）,場所とる,"15,000","15,000",要確認,,,,,,,,,,,,
,郵便局,板橋坂下郵便局3090,板橋区坂下1-16-10,長机1台程度,屋内（風除室含む）,場所とる,"10,000","10,000",要確認,,,,,,,,,,,,
,郵便局,浅草四郵便局3110,台東区浅草4-42-1,長机1台程度,屋内（風除室含む）,場所とる,"10,000","10,000",要確認,,,,,,,,,,,,
,郵便局,大山駅前郵便局3140,板橋区大山東町16-6,長机1台程度,屋内（風除室含む）,場所とる,"15,000","15,000",要確認,,,,,,,,,,,,
,郵便局,江戸川中央郵便局3150,江戸川区中央2-24-3,長机1台程度,屋内（風除室含む）,場所とる,"10,000","10,000",要確認,,,,,,,,,,,,
,郵便局,富士見台駅前郵便局3160,中野区上鷺宮4-16-1,長机1台程度,屋内（風除室含む）,場所とる,"15,000","15,000",要確認,,,,,,,,,,,,
,郵便局,東浅草郵便局3170,台東区東浅草1-21-6,長机1台程度,屋内（風除室含む）,場所とる,"10,000","10,000",要確認,,,,,,,,,,,,
,郵便局,荒川東尾久二郵便局3180,荒川区東尾久2-40-2,長机1台程度,屋内（風除室含む）,場所とる,"10,000","10,000",要確認,,,,,,,,,,,,
,郵便局,西ヶ原四郵便局3190,北区西ケ原4-1-3,長机1台程度,屋内（風除室含む）,場所とる,"10,000","10,000",要確認,,,,,,,,,,,,
,郵便局,大田仲六郷郵便局3220,大田区仲六郷2-9-11,長机1台程度,屋内（風除室含む）,場所とる,"10,000","10,000",要確認,,,,,,,,,,,,
,郵便局,国領駅前郵便局3240,調布市国領町1-43-7,長机1台程度,屋内（風除室含む）,場所とる,"15,000","15,000",要確認,,,,,,,,,,,,
,郵便局,赤羽西六郵便局3250,北区赤羽西6-17-13,長机1台程度,屋内（風除室含む）,場所とる,"10,000","10,000",要確認,,,,,,,,,,,,
,郵便局,杉並宮前三郵便局3260,杉並区宮前3-31-20,長机1台程度,屋内（風除室含む）,場所とる,"10,000","10,000",要確認,,,,,,,,,,,,
,郵便局,板橋大谷口郵便局3280,板橋区大谷口上町49-8,長机1台程度,屋内（風除室含む）,場所とる,"10,000","10,000",要確認,,,,,,,,,,,,
,郵便局,神田駅前郵便局3290,千代田区神田多町2-2-6,長机1台程度,屋内（風除室含む）,場所とる,"15,000","15,000",要確認,,,,,,,,,,,,
,郵便局,江東亀戸一郵便局3300,江東区亀戸1-17-6,長机1台程度,屋内（風除室含む）,場所とる,"15,000","15,000",要確認,,,,,,,,,,,,
,郵便局,台東竜泉郵便局3310,台東区竜泉3-9-6,長机1台程度,屋内（風除室含む）,場所とる,"10,000","10,000",要確認,,,,,,,,,,,,
,郵便局,豊島南大塚郵便局3320,豊島区南大塚1-48-7,長机1台程度,屋内（風除室含む）,場所とる,"15,000","15,000",要確認,,,,,,,,,,,,
,郵便局,大田洗足郵便局3330,大田区上池台2-31-8,長机1台程度,屋内（風除室含む）,場所とる,"10,000","10,000",要確認,,,,,,,,,,,,
,郵便局,大田南六郷一郵便局3350,大田区南六郷1-15-19,長机1台程度,屋内（風除室含む）,場所とる,"10,000","10,000",要確認,,,,,,,,,,,,
,郵便局,世田谷太子堂郵便局3360,世田谷区太子堂3-18-3,長机1台程度,屋内（風除室含む）,場所とる,"10,000","10,000",要確認,,,,,,,,,,,,
,郵便局,中野丸山郵便局3370,中野区丸山1-2-6,長机1台程度,屋内（風除室含む）,場所とる,"10,000","10,000",要確認,,,,,,,,,,,,
,郵便局,葛飾堀切八郵便局3380,葛飾区堀切8-1-7,長机1台程度,屋内（風除室含む）,場所とる,"10,000","10,000",要確認,,,,,,,,,,,,
,郵便局,西巣鴨一郵便局3400,豊島区西巣鴨1-9-3,長机1台程度,屋内（風除室含む）,場所とる,"15,000","15,000",要確認,,,,,,,,,,,,
,郵便局,八坂駅前郵便局3410,東村山市栄町3-10-22,長机1台程度,屋内（風除室含む）,場所とる,"15,000","15,000",要確認,,,,,,,,,,,,
,郵便局,杉並西荻北郵便局3430,杉並区西荻北4-31-2,長机1台程度,屋内（風除室含む）,場所とる,"10,000","10,000",要確認,,,,,,,,,,,,
,郵便局,江東北砂五郵便局3440,江東区北砂5-19-25コスモウィル大島101,長机1台程度,屋内（風除室含む）,場所とる,"10,000","10,000",要確認,,,,,,,,,,,,
,郵便局,墨田石原郵便局3450,墨田区石原3-25-6,長机1台程度,屋内（風除室含む）,場所とる,"15,000","15,000",要確認,,,,,,,,,,,,
,郵便局,飯田橋駅東口郵便局3460,新宿区下宮比町3-2,長机1台程度,屋内（風除室含む）,場所とる,"15,000","15,000",要確認,,,,,,,,,,,,
,郵便局,足立新田郵便局3480,足立区新田2-12-8,長机1台程度,屋内（風除室含む）,場所とる,"10,000","10,000",要確認,,,,,,,,,,,,
,郵便局,練馬二郵便局3490,練馬区練馬2-21-7,長机1台程度,屋内（風除室含む）,場所とる,"10,000","10,000",要確認,,,,,,,,,,,,
,郵便局,板橋中台郵便局3500,板橋区中台1-34-7,長机1台程度,屋内（風除室含む）,場所とる,"15,000","15,000",要確認,,,,,,,,,,,,
,郵便局,葛飾東四つ木郵便局3520,葛飾区東四つ木3-47-5,長机1台程度,屋内（風除室含む）,場所とる,"10,000","10,000",要確認,,,,,,,,,,,,
,郵便局,墨田八広三郵便局3530,墨田区八広3-32-16,長机1台程度,屋内（風除室含む）,場所とる,"10,000","10,000",要確認,,,,,,,,,,,,
,郵便局,大崎三郵便局3540,品川区大崎3-20-12,長机1台程度,屋内（風除室含む）,場所とる,"10,000","10,000",要確認,,,,,,,,,,,,
,郵便局,武蔵野中町郵便局3560,武蔵野市中町1-30-6,長机1台程度,屋内（風除室含む）,場所とる,"15,000","15,000",要確認,,,,,,,,,,,,
,郵便局,柳沢駅前郵便局3570,西東京市保谷町3-10-16,長机1台程度,屋内（風除室含む）,場所とる,"15,000","15,000",要確認,,,,,,,,,,,,
,郵便局,ひばりが丘郵便局3580,西東京市谷戸町3-25-3,長机1台程度,屋内（風除室含む）,場所とる,"15,000","15,000",要確認,,,,,,,,,,,,
,郵便局,板橋蓮根郵便局3600,板橋区蓮根2-31-10,長机1台程度,屋内（風除室含む）,場所とる,"15,000","15,000",要確認,,,,,,,,,,,,
,郵便局,杉並堀ノ内郵便局3610,杉並区堀ノ内1-12-6,長机1台程度,屋内（風除室含む）,場所とる,"10,000","10,000",要確認,,,,,,,,,,,,
,郵便局,葛飾鎌倉郵便局3620,葛飾区鎌倉4-10-7,長机1台程度,屋内（風除室含む）,場所とる,"10,000","10,000",要確認,,,,,,,,,,,,
,郵便局,南小岩五郵便局3630,江戸川区南小岩5-3-17,長机1台程度,屋内（風除室含む）,場所とる,"10,000","10,000",要確認,,,,,,,,,,,,
,郵便局,目黒八雲二郵便局3640,目黒区八雲2-24-18,長机1台程度,屋内（風除室含む）,場所とる,"10,000","10,000",要確認,,,,,,,,,,,,
,郵便局,三鷹新川郵便局3650,三鷹市新川6-3-10,長机1台程度,屋内（風除室含む）,場所とる,"15,000","15,000",要確認,,,,,,,,,,,,
,郵便局,小平ブリヂストン前郵便局3660,小平市小川東町1-22-12,長机1台程度,屋内（風除室含む）,場所とる,"10,000","10,000",要確認,,,,,,,,,,,,
,郵便局,福生牛浜郵便局3670,福生市熊川987,長机1台程度,屋内（風除室含む）,場所とる,"10,000","10,000",要確認,,,,,,,,,,,,
,郵便局,江東南砂六郵便局3680,江東区南砂6-10-10,長机1台程度,屋内（風除室含む）,場所とる,"10,000","10,000",要確認,,,,,,,,,,,,
,郵便局,江東亀戸七郵便局3690,江東区亀戸7-38-5,長机1台程度,屋内（風除室含む）,場所とる,"10,000","10,000",要確認,,,,,,,,,,,,
,郵便局,目黒碑文谷二郵便局3700,目黒区碑文谷2-5-8,長机1台程度,屋内（風除室含む）,場所とる,"10,000","10,000",要確認,,,,,,,,,,,,
,郵便局,新蒲田二郵便局3710,大田区新蒲田2-17-7,長机1台程度,屋内（風除室含む）,場所とる,"10,000","10,000",要確認,,,,,,,,,,,,
,郵便局,世田谷四郵便局3720,世田谷区世田谷4-16-11,長机1台程度,屋内（風除室含む）,場所とる,"10,000","10,000",要確認,,,,,,,,,,,,
,郵便局,練馬春日郵便局3740,練馬区春日町6-2-6,長机1台程度,屋内（風除室含む）,場所とる,"15,000","15,000",要確認,,,,,,,,,,,,
,郵便局,荒川五郵便局3750,荒川区荒川5-11-12,長机1台程度,屋内（風除室含む）,場所とる,"15,000","15,000",要確認,,,,,,,,,,,,
,郵便局,荒川町屋五郵便局3760,荒川区町屋5-6-5,長机1台程度,屋内（風除室含む）,場所とる,"10,000","10,000",要確認,,,,,,,,,,,,
,郵便局,杉並上高井戸郵便局3770,杉並区上高井戸1-30-50,長机1台程度,屋内（風除室含む）,場所とる,"10,000","10,000",要確認,,,,,,,,,,,,
,郵便局,世田谷砧郵便局3830,世田谷区砧3-17-4,長机1台程度,屋内（風除室含む）,場所とる,"15,000","15,000",要確認,,,,,,,,,,,,
,郵便局,杉並西永福郵便局3840,杉並区浜田山3-6-1,長机1台程度,屋内（風除室含む）,場所とる,"10,000","10,000",要確認,,,,,,,,,,,,
,郵便局,練馬氷川台郵便局3850,練馬区氷川台4-49-1,長机1台程度,屋内（風除室含む）,場所とる,"15,000","15,000",要確認,,,,,,,,,,,,
,郵便局,葛飾青戸四郵便局3860,葛飾区青戸4-28-13,長机1台程度,屋内（風除室含む）,場所とる,"10,000","10,000",要確認,,,,,,,,,,,,
,郵便局,府中美好郵便局3870,府中市美好町2-12-5,長机1台程度,屋内（風除室含む）,場所とる,"10,000","10,000",要確認,,,,,,,,,,,,
,郵便局,青梅長淵郵便局3880,青梅市長淵4-1366ハイム21,長机1台程度,屋内（風除室含む）,場所とる,"10,000","10,000",要確認,,,,,,,,,,,,
,郵便局,小平駅前郵便局3900,小平市美園町1-6-1,長机1台程度,屋内（風除室含む）,場所とる,"15,000","15,000",要確認,,,,,,,,,,,,
,郵便局,目黒三田郵便局3910,目黒区三田2-4-10,長机1台程度,屋内（風除室含む）,場所とる,"10,000","10,000",要確認,,,,,,,,,,,,
,郵便局,大田西馬込郵便局3920,大田区西馬込2-3-8,長机1台程度,屋内（風除室含む）,場所とる,"10,000","10,000",要確認,,,,,,,,,,,,
,郵便局,大田萩中三郵便局3930,大田区萩中3-23-3,長机1台程度,屋内（風除室含む）,場所とる,"10,000","10,000",要確認,,,,,,,,,,,,
,郵便局,世田谷赤堤二郵便局3940,世田谷区赤堤2-44-8,長机1台程度,屋内（風除室含む）,場所とる,"10,000","10,000",要確認,,,,,,,,,,,,
,郵便局,杉並富士見ヶ丘郵便局3950,杉並区久我山5-1-22,長机1台程度,屋内（風除室含む）,場所とる,"15,000","15,000",要確認,,,,,,,,,,,,
,郵便局,田端郵便局3960,北区田端5-7-11,長机1台程度,屋内（風除室含む）,場所とる,"10,000","10,000",要確認,,,,,,,,,,,,
,郵便局,板橋常盤台三郵便局3970,板橋区常盤台3-16-11,長机1台程度,屋内（風除室含む）,場所とる,"10,000","10,000",要確認,,,,,,,,,,,,
,郵便局,足立椿郵便局4000,足立区椿2-18-15,長机1台程度,屋内（風除室含む）,場所とる,"10,000","10,000",要確認,,,,,,,,,,,,
,郵便局,板橋坂下一郵便局4010,板橋区坂下1-3-1,長机1台程度,屋内（風除室含む）,場所とる,"10,000","10,000",要確認,,,,,,,,,,,,
,郵便局,杉並成田西郵便局4030,杉並区成田西1-29-5,長机1台程度,屋内（風除室含む）,場所とる,"10,000","10,000",要確認,,,,,,,,,,,,
,郵便局,目黒東山二郵便局4040,目黒区東山2-15-17,長机1台程度,屋内（風除室含む）,場所とる,"10,000","10,000",要確認,,,,,,,,,,,,
,郵便局,大田矢口三郵便局4050,大田区矢口3-7-12,長机1台程度,屋内（風除室含む）,場所とる,"10,000","10,000",要確認,,,,,,,,,,,,
,郵便局,八王子台町郵便局4060,八王子市台町4-46-3,長机1台程度,屋内（風除室含む）,場所とる,"15,000","15,000",要確認,,,,,,,,,,,,
,郵便局,三鷹大沢郵便局4070,三鷹市大沢2-2-12,長机1台程度,屋内（風除室含む）,場所とる,"10,000","10,000",要確認,,,,,,,,,,,,
,郵便局,三鷹下連雀四郵便局4080,三鷹市下連雀4-18-14,長机1台程度,屋内（風除室含む）,場所とる,"15,000","15,000",要確認,,,,,,,,,,,,
,郵便局,小金井東町郵便局4090,小金井市東町4-12-2,長机1台程度,屋内（風除室含む）,場所とる,"10,000","10,000",要確認,,,,,,,,,,,,
,郵便局,板橋成増ヶ丘郵便局4110,板橋区成増3-13-1,長机1台程度,屋内（風除室含む）,場所とる,"15,000","15,000",要確認,,,,,,,,,,,,
,郵便局,武蔵野桜堤郵便局4120,武蔵野市桜堤1丁目8-2,長机1台程度,屋内（風除室含む）,場所とる,"10,000","10,000",要確認,,,,,,,,,,,,
,郵便局,練馬平和台郵便局4170,練馬区平和台4-21-12,長机1台程度,屋内（風除室含む）,場所とる,"10,000","10,000",要確認,,,,,,,,,,,,
,郵便局,東小岩一郵便局4190,江戸川区東小岩1-13-1,長机1台程度,屋内（風除室含む）,場所とる,"10,000","10,000",要確認,,,,,,,,,,,,
,郵便局,東京大学内郵便局4200,文京区本郷7-3-1,長机1台程度,屋内（風除室含む）,場所とる,"10,000","10,000",要確認,,,,,,,,,,,,
,郵便局,国立西郵便局4210,国立市西1-8-34,長机1台程度,屋内（風除室含む）,場所とる,"15,000","15,000",要確認,,,,,,,,,,,,
,郵便局,世田谷弦巻郵便局4240,世田谷区弦巻2-33-15,長机1台程度,屋内（風除室含む）,場所とる,"10,000","10,000",要確認,,,,,,,,,,,,
,郵便局,練馬立野郵便局4260,練馬区立野町8-7,長机1台程度,屋内（風除室含む）,場所とる,"10,000","10,000",要確認,,,,,,,,,,,,
,郵便局,練馬東大泉四郵便局4270,練馬区東大泉4-31-8,長机1台程度,屋内（風除室含む）,場所とる,"10,000","10,000",要確認,,,,,,,,,,,,
,郵便局,足立東和郵便局4280,足立区東和4-8-5,長机1台程度,屋内（風除室含む）,場所とる,"10,000","10,000",要確認,,,,,,,,,,,,
,郵便局,足立仲町郵便局4290,足立区千住仲町19-13,長机1台程度,屋内（風除室含む）,場所とる,"15,000","15,000",要確認,,,,,,,,,,,,
,郵便局,板橋徳丸郵便局4320,板橋区徳丸2-28-9,長机1台程度,屋内（風除室含む）,場所とる,"10,000","10,000",要確認,,,,,,,,,,,,
,郵便局,練馬高野台郵便局4330,練馬区高野台5-39-11,長机1台程度,屋内（風除室含む）,場所とる,"10,000","10,000",要確認,,,,,,,,,,,,
,郵便局,三鷹台郵便局4340,三鷹市井の頭1-29-14,長机1台程度,屋内（風除室含む）,場所とる,"10,000","10,000",要確認,,,,,,,,,,,,
,郵便局,府中北山郵便局4350,府中市北山町2-8-11,長机1台程度,屋内（風除室含む）,場所とる,"10,000","10,000",要確認,,,,,,,,,,,,
,郵便局,花小金井駅前郵便局4360,小平市花小金井1-9-13-101,長机1台程度,屋内（風除室含む）,場所とる,"15,000","15,000",要確認,,,,,,,,,,,,
,郵便局,世田谷上祖師谷郵便局4370,世田谷区上祖師谷7-16-8,長机1台程度,屋内（風除室含む）,場所とる,"10,000","10,000",要確認,,,,,,,,,,,,
,郵便局,上池袋郵便局4380,豊島区上池袋1-9-8,長机1台程度,屋内（風除室含む）,場所とる,"10,000","10,000",要確認,,,,,,,,,,,,
,郵便局,赤羽台郵便局4410,北区赤羽台2-4-51,長机1台程度,屋内（風除室含む）,場所とる,"10,000","10,000",要確認,,,,,,,,,,,,
,郵便局,板橋徳丸三郵便局4420,板橋区徳丸3-10-8,長机1台程度,屋内（風除室含む）,場所とる,"10,000","10,000",要確認,,,,,,,,,,,,
,郵便局,世田谷桜上水五郵便局4430,世田谷区桜上水5-6-20,長机1台程度,屋内（風除室含む）,場所とる,"10,000","10,000",要確認,,,,,,,,,,,,
,郵便局,三鷹井口郵便局4450,三鷹市井口1-25-9,長机1台程度,屋内（風除室含む）,場所とる,"10,000","10,000",要確認,,,,,,,,,,,,
,郵便局,練馬下石神井通郵便局4470,練馬区上石神井3-9-1,長机1台程度,屋内（風除室含む）,場所とる,"10,000","10,000",要確認,,,,,,,,,,,,
,郵便局,足立島根郵便局4480,足立区島根2-19-13,長机1台程度,屋内（風除室含む）,場所とる,"15,000","15,000",要確認,,,,,,,,,,,,
,郵便局,足立綾瀬郵便局4490,足立区綾瀬4-31-10,長机1台程度,屋内（風除室含む）,場所とる,"10,000","10,000",要確認,,,,,,,,,,,,
,郵便局,葛飾堀切一郵便局4500,葛飾区堀切1-42-10,長机1台程度,屋内（風除室含む）,場所とる,"10,000","10,000",要確認,,,,,,,,,,,,
,郵便局,板橋赤塚郵便局4520,板橋区赤塚6-40-11,長机1台程度,屋内（風除室含む）,場所とる,"10,000","10,000",要確認,,,,,,,,,,,,
,郵便局,芦花公園駅前郵便局4550,世田谷区南烏山1-12-17,長机1台程度,屋内（風除室含む）,場所とる,"15,000","15,000",要確認,,,,,,,,,,,,
,郵便局,杉並井草郵便局4570,杉並区井草2-26-7,長机1台程度,屋内（風除室含む）,場所とる,"10,000","10,000",要確認,,,,,,,,,,,,
,郵便局,八王子富士見郵便局4580,八王子市富士見町4-1,長机1台程度,屋内（風除室含む）,場所とる,"10,000","10,000",要確認,,,,,,,,,,,,
,郵便局,豊田駅前郵便局4590,日野市豊田4-24-11,長机1台程度,屋内（風除室含む）,場所とる,"10,000","10,000",要確認,,,,,,,,,,,,
,郵便局,八王子千人町郵便局4610,八王子市千人町4-6-4,長机1台程度,屋内（風除室含む）,場所とる,"10,000","10,000",要確認,,,,,,,,,,,,
,郵便局,高円寺駅前郵便局4620,杉並区高円寺北2-20-7,長机1台程度,屋内（風除室含む）,場所とる,"15,000","15,000",要確認,,,,,,,,,,,,
,郵便局,墨田四郵便局4630,墨田区墨田4-50-1,長机1台程度,屋内（風除室含む）,場所とる,"10,000","10,000",要確認,,,,,,,,,,,,
,郵便局,世田谷八幡山郵便局4640,世田谷区八幡山1-12-8,長机1台程度,屋内（風除室含む）,場所とる,"10,000","10,000",要確認,,,,,,,,,,,,
,郵便局,足立青井郵便局4650,足立区青井6-22-10,長机1台程度,屋内（風除室含む）,場所とる,"10,000","10,000",要確認,,,,,,,,,,,,
,郵便局,世田谷粕谷郵便局4660,世田谷区粕谷4-13-14,長机1台程度,屋内（風除室含む）,場所とる,"15,000","15,000",要確認,,,,,,,,,,,,
,郵便局,代々木五郵便局4670,渋谷区代々木5-55-6,長机1台程度,屋内（風除室含む）,場所とる,"10,000","10,000",要確認,,,,,,,,,,,,
,郵便局,練馬中村二郵便局4680,練馬区中村2-5-10,長机1台程度,屋内（風除室含む）,場所とる,"10,000","10,000",要確認,,,,,,,,,,,,
,郵便局,保谷富士町郵便局4710,西東京市富士町4-5-23,長机1台程度,屋内（風除室含む）,場所とる,"15,000","15,000",要確認,,,,,,,,,,,,
,郵便局,西小岩四郵便局4720,江戸川区西小岩4-4-8,長机1台程度,屋内（風除室含む）,場所とる,"10,000","10,000",要確認,,,,,,,,,,,,
,郵便局,葛飾区役所内郵便局4740,葛飾区立石5-13-1,長机1台程度,屋内（風除室含む）,場所とる,"15,000","15,000",要確認,,,,,,,,,,,,
,郵便局,足立西加平郵便局4760,足立区青井4-45-6,長机1台程度,屋内（風除室含む）,場所とる,"10,000","10,000",要確認,,,,,,,,,,,,
,郵便局,杉並善福寺郵便局4770,杉並区善福寺1-4-5,長机1台程度,屋内（風除室含む）,場所とる,"10,000","10,000",要確認,,,,,,,,,,,,
,郵便局,武蔵野関前郵便局4780,武蔵野市関前5-9-2,長机1台程度,屋内（風除室含む）,場所とる,"10,000","10,000",要確認,,,,,,,,,,,,
,郵便局,武蔵野境南郵便局4790,武蔵野市境南町3-18-13,長机1台程度,屋内（風除室含む）,場所とる,"10,000","10,000",要確認,,,,,,,,,,,,
,郵便局,八王子北野郵便局4820,八王子市打越町344-4,長机1台程度,屋内（風除室含む）,場所とる,"15,000","15,000",要確認,,,,,,,,,,,,
,郵便局,町田木曽郵便局4830,町田市木曽東3-33-13,長机1台程度,屋内（風除室含む）,場所とる,"15,000","15,000",要確認,,,,,,,,,,,,
,郵便局,国分寺南郵便局4840,国分寺市南町3-13-3,長机1台程度,屋内（風除室含む）,場所とる,"15,000","15,000",要確認,,,,,,,,,,,,
,郵便局,武蔵大和駅前郵便局4860,東大和市清水3-799,長机1台程度,屋内（風除室含む）,場所とる,"10,000","10,000",要確認,,,,,,,,,,,,
,郵便局,練馬貫井郵便局4870,練馬区貫井5-10-4,長机1台程度,屋内（風除室含む）,場所とる,"10,000","10,000",要確認,,,,,,,,,,,,
,郵便局,練馬大泉学園郵便局4880,練馬区大泉学園町6-11-44,長机1台程度,屋内（風除室含む）,場所とる,"10,000","10,000",要確認,,,,,,,,,,,,
,郵便局,練馬高野台駅前郵便局4890,練馬区高野台1-7-3,長机1台程度,屋内（風除室含む）,場所とる,"15,000","15,000",要確認,,,,,,,,,,,,
,郵便局,葛飾青戸三郵便局4910,葛飾区青戸3-12-16,長机1台程度,屋内（風除室含む）,場所とる,"10,000","10,000",要確認,,,,,,,,,,,,
,郵便局,板橋西台郵便局4930,板橋区西台3-18-11,長机1台程度,屋内（風除室含む）,場所とる,"10,000","10,000",要確認,,,,,,,,,,,,
,郵便局,大田東嶺町郵便局4950,大田区東嶺町3-13,長机1台程度,屋内（風除室含む）,場所とる,"10,000","10,000",要確認,,,,,,,,,,,,
,郵便局,中野北郵便局4960,中野区丸山1-28-10,長机1台程度,屋内（風除室含む）,場所とる,"20,000","20,000",要確認,,,,,,,,,,,,
,郵便局,成城郵便局4970,世田谷区成城8-30-25,長机1台程度,屋内（風除室含む）,場所とる,"20,000","20,000",要確認,,,,,,,,,,,,
,郵便局,三鷹郵便局4980,三鷹市野崎1-1-2,長机1台程度,屋内（風除室含む）,場所とる,"20,000","20,000",要確認,,,,,,,,,,,,
,郵便局,小平郵便局4990,小平市小川東町5-16-1,長机1台程度,屋内（風除室含む）,場所とる,"20,000","20,000",要確認,,,,,,,,,,,,
,郵便局,東久留米団地内郵便局5000,東久留米市上の原1-4-11-101,長机1台程度,屋内（風除室含む）,場所とる,"15,000","15,000",要確認,,,,,,,,,,,,
,郵便局,新宿馬場下郵便局5010,新宿区馬場下町61,長机1台程度,屋内（風除室含む）,場所とる,"15,000","15,000",要確認,,,,,,,,,,,,
,郵便局,世田谷桜丘三郵便局5030,世田谷区桜丘3-28-2,長机1台程度,屋内（風除室含む）,場所とる,"10,000","10,000",要確認,,,,,,,,,,,,
,郵便局,江戸川西一之江郵便局5070,江戸川区西一之江3-17-18,長机1台程度,屋内（風除室含む）,場所とる,"10,000","10,000",要確認,,,,,,,,,,,,
,郵便局,練馬高松郵便局5080,練馬区高松6-7-9,長机1台程度,屋内（風除室含む）,場所とる,"10,000","10,000",要確認,,,,,,,,,,,,
,郵便局,練馬南大泉五郵便局5090,練馬区南大泉5-21-24,長机1台程度,屋内（風除室含む）,場所とる,"10,000","10,000",要確認,,,,,,,,,,,,
,郵便局,下石神井三郵便局5100,練馬区下石神井3-7-1,長机1台程度,屋内（風除室含む）,場所とる,"10,000","10,000",要確認,,,,,,,,,,,,
,郵便局,江東北砂三郵便局5110,江東区北砂3-20-9,長机1台程度,屋内（風除室含む）,場所とる,"10,000","10,000",要確認,,,,,,,,,,,,
,郵便局,足立東綾瀬郵便局5130,足立区東綾瀬1-18-17,長机1台程度,屋内（風除室含む）,場所とる,"15,000","15,000",要確認,,,,,,,,,,,,
,郵便局,足立東和二郵便局5140,足立区東和2-15-16,長机1台程度,屋内（風除室含む）,場所とる,"10,000","10,000",要確認,,,,,,,,,,,,
,郵便局,新宿保健会館内郵便局5150,新宿区市谷砂土原町1-2,長机1台程度,屋内（風除室含む）,場所とる,"15,000","15,000",要確認,,,,,,,,,,,,
,郵便局,板橋幸町郵便局5160,板橋区幸町37-2,長机1台程度,屋内（風除室含む）,場所とる,"10,000","10,000",要確認,,,,,,,,,,,,
,郵便局,葛飾西亀有郵便局5170,葛飾区西亀有3-39-12,長机1台程度,屋内（風除室含む）,場所とる,"10,000","10,000",要確認,,,,,,,,,,,,
,郵便局,大田東糀谷郵便局5180,大田区東糀谷1-19-18,長机1台程度,屋内（風除室含む）,場所とる,"10,000","10,000",要確認,,,,,,,,,,,,
,郵便局,国際基督教大学内郵便局5210,三鷹市大沢3-10-2,長机1台程度,屋内（風除室含む）,場所とる,"10,000","10,000",要確認,,,,,,,,,,,,
,郵便局,小金井緑町郵便局5220,小金井市緑町2-2-12,長机1台程度,屋内（風除室含む）,場所とる,"10,000","10,000",要確認,,,,,,,,,,,,
,郵便局,小金井貫井北郵便局5230,小金井市貫井北町2-19-3,長机1台程度,屋内（風除室含む）,場所とる,"10,000","10,000",要確認,,,,,,,,,,,,
,郵便局,調布仙川郵便局5250,調布市仙川町1-20-16,長机1台程度,屋内（風除室含む）,場所とる,"15,000","15,000",要確認,,,,,,,,,,,,
,郵便局,調布小島郵便局5260,調布市多摩川5-8-3,長机1台程度,屋内（風除室含む）,場所とる,"10,000","10,000",要確認,,,,,,,,,,,,
,郵便局,足立江北四郵便局5270,足立区江北4-2-4,長机1台程度,屋内（風除室含む）,場所とる,"15,000","15,000",要確認,,,,,,,,,,,,
,郵便局,府中紅葉丘郵便局5280,府中市紅葉丘3-37-2,長机1台程度,屋内（風除室含む）,場所とる,"10,000","10,000",要確認,,,,,,,,,,,,
,郵便局,府中中河原郵便局5290,府中市住吉町2-11-11,長机1台程度,屋内（風除室含む）,場所とる,"10,000","10,000",要確認,,,,,,,,,,,,
,郵便局,田無西原郵便局5310,西東京市西原町5-4-17,長机1台程度,屋内（風除室含む）,場所とる,"10,000","10,000",要確認,,,,,,,,,,,,
,郵便局,東村山市役所前郵便局5320,東村山市本町4-7,長机1台程度,屋内（風除室含む）,場所とる,"10,000","10,000",要確認,,,,,,,,,,,,
,郵便局,保谷駅前郵便局5330,西東京市下保谷4-15-11,長机1台程度,屋内（風除室含む）,場所とる,"10,000","10,000",要確認,,,,,,,,,,,,
,郵便局,田無芝久保郵便局5340,西東京市芝久保町1-3-1,長机1台程度,屋内（風除室含む）,場所とる,"10,000","10,000",要確認,,,,,,,,,,,,
,郵便局,清瀬野塩郵便局5350,清瀬市野塩1-194-3,長机1台程度,屋内（風除室含む）,場所とる,"15,000","15,000",要確認,,,,,,,,,,,,
,郵便局,虎ノ門郵便局5360,港区虎ノ門1-7-12,長机1台程度,屋内（風除室含む）,場所とる,"20,000","20,000",要確認,,,,,,,,,,,,
,郵便局,中野野方五郵便局5370,中野区野方5-3-1,長机1台程度,屋内（風除室含む）,場所とる,"15,000","15,000",要確認,,,,,,,,,,,,
,郵便局,中野鷺宮五郵便局5380,中野区鷺宮5-23-8,長机1台程度,屋内（風除室含む）,場所とる,"15,000","15,000",要確認,,,,,,,,,,,,
,郵便局,八王子左入郵便局5390,八王子市宇津木町798-1,長机1台程度,屋内（風除室含む）,場所とる,"10,000","10,000",要確認,,,,,,,,,,,,
,郵便局,石神井公園駅前郵便局5400,練馬区石神井町3-25-11,長机1台程度,屋内（風除室含む）,場所とる,"15,000","15,000",要確認,,,,,,,,,,,,
,郵便局,足立北郵便局5420,足立区竹の塚3-9-20,長机1台程度,屋内（風除室含む）,場所とる,"15,000","15,000",要確認,,,,,,,,,,,,
,郵便局,足立花畑五郵便局5430,足立区花畑5-12-82,長机1台程度,屋内（風除室含む）,場所とる,"15,000","15,000",要確認,,,,,,,,,,,,
,郵便局,葛飾高砂四郵便局5440,葛飾区高砂4-2-26-101,長机1台程度,屋内（風除室含む）,場所とる,"10,000","10,000",要確認,,,,,,,,,,,,
,郵便局,杉並方南二郵便局5450,杉並区方南2-12-12,長机1台程度,屋内（風除室含む）,場所とる,"15,000","15,000",要確認,,,,,,,,,,,,
,郵便局,元浅草郵便局5460,台東区元浅草1-5-2,長机1台程度,屋内（風除室含む）,場所とる,"15,000","15,000",要確認,,,,,,,,,,,,
,郵便局,東品川一郵便局5470,品川区東品川1-34-7,長机1台程度,屋内（風除室含む）,場所とる,"10,000","10,000",要確認,,,,,,,,,,,,
,郵便局,世田谷千歳台郵便局5490,世田谷区千歳台5-7-11,長机1台程度,屋内（風除室含む）,場所とる,"10,000","10,000",要確認,,,,,,,,,,,,
,郵便局,世田谷中町郵便局5500,世田谷区中町5-16-6,長机1台程度,屋内（風除室含む）,場所とる,"10,000","10,000",要確認,,,,,,,,,,,,
,郵便局,世田谷深沢一郵便局5510,世田谷区深沢1-9-9,長机1台程度,屋内（風除室含む）,場所とる,"10,000","10,000",要確認,,,,,,,,,,,,
,郵便局,東田端郵便局5540,北区東田端2-10-4,長机1台程度,屋内（風除室含む）,場所とる,"10,000","10,000",要確認,,,,,,,,,,,,
,郵便局,世田谷桜丘二郵便局5550,世田谷区桜丘2-8-13,長机1台程度,屋内（風除室含む）,場所とる,"10,000","10,000",要確認,,,,,,,,,,,,
,郵便局,板橋向原郵便局5560,板橋区向原2-24-27,長机1台程度,屋内（風除室含む）,場所とる,"10,000","10,000",要確認,,,,,,,,,,,,
,郵便局,赤塚三郵便局5570,板橋区赤塚3-7-12,長机1台程度,屋内（風除室含む）,場所とる,"10,000","10,000",要確認,,,,,,,,,,,,
,郵便局,練馬東大泉七郵便局5580,練馬区東大泉7-35-25,長机1台程度,屋内（風除室含む）,場所とる,"10,000","10,000",要確認,,,,,,,,,,,,
,郵便局,練馬土支田郵便局5590,練馬区土支田2-29-16,長机1台程度,屋内（風除室含む）,場所とる,"15,000","15,000",要確認,,,,,,,,,,,,
,郵便局,練馬谷原郵便局5600,練馬区谷原2-2-23,長机1台程度,屋内（風除室含む）,場所とる,"10,000","10,000",要確認,,,,,,,,,,,,
,郵便局,葛飾柴又一郵便局5610,葛飾区柴又1-11-8,長机1台程度,屋内（風除室含む）,場所とる,"10,000","10,000",要確認,,,,,,,,,,,,
,郵便局,葛飾細田郵便局5620,葛飾区細田3-28-5,長机1台程度,屋内（風除室含む）,場所とる,"10,000","10,000",要確認,,,,,,,,,,,,
,郵便局,東小岩五郵便局5630,江戸川区東小岩5-26-7,長机1台程度,屋内（風除室含む）,場所とる,"10,000","10,000",要確認,,,,,,,,,,,,
,郵便局,八王子片倉郵便局5640,八王子市片倉町439-1,長机1台程度,屋内（風除室含む）,場所とる,"10,000","10,000",要確認,,,,,,,,,,,,
,郵便局,調布金子郵便局5660,調布市西つつじケ丘4-23,長机1台程度,屋内（風除室含む）,場所とる,"15,000","15,000",要確認,,,,,,,,,,,,
,郵便局,調布八雲台郵便局5670,調布市八雲台1-26-1,長机1台程度,屋内（風除室含む）,場所とる,"10,000","10,000",要確認,,,,,,,,,,,,
,郵便局,町田金森郵便局5680,町田市金森東1-24-23,長机1台程度,屋内（風除室含む）,場所とる,"15,000","15,000",要確認,,,,,,,,,,,,
,郵便局,国立東郵便局5730,国立市東4-4-29,長机1台程度,屋内（風除室含む）,場所とる,"10,000","10,000",要確認,,,,,,,,,,,,
,郵便局,国立富士見台郵便局5740,国立市富士見台1-7,長机1台程度,屋内（風除室含む）,場所とる,"10,000","10,000",要確認,,,,,,,,,,,,
,郵便局,矢野口郵便局5750,稲城市矢野口636,長机1台程度,屋内（風除室含む）,場所とる,"15,000","15,000",要確認,,,,,,,,,,,,
,郵便局,大田久が原西郵便局5780,大田区久が原4-1-17,長机1台程度,屋内（風除室含む）,場所とる,"10,000","10,000",要確認,,,,,,,,,,,,
,郵便局,北桐ケ丘郵便局5790,北区桐ケ丘2-7-27,長机1台程度,屋内（風除室含む）,場所とる,"10,000","10,000",要確認,,,,,,,,,,,,
,郵便局,練馬西大泉三郵便局5800,練馬区西大泉3-32-5,長机1台程度,屋内（風除室含む）,場所とる,"10,000","10,000",要確認,,,,,,,,,,,,
,郵便局,練馬南大泉一郵便局5810,東大和市清原1-1213-7,長机1台程度,屋内（風除室含む）,場所とる,"10,000","10,000",要確認,,,,,,,,,,,,
,郵便局,昭島郵便局5840,昭島市松原町1-9-31,長机1台程度,屋内（風除室含む）,場所とる,"20,000","20,000",要確認,,,,,,,,,,,,
,郵便局,町田相原郵便局5860,町田市相原町792-5,長机1台程度,屋内（風除室含む）,場所とる,"10,000","10,000",要確認,,,,,,,,,,,,
,郵便局,町田鶴川一郵便局5870,町田市鶴川1-26-1,長机1台程度,屋内（風除室含む）,場所とる,"15,000","15,000",要確認,,,,,,,,,,,,
,郵便局,日野台郵便局5880,日野市日野台4-31-3,長机1台程度,屋内（風除室含む）,場所とる,"10,000","10,000",要確認,,,,,,,,,,,,
,郵便局,江東亀戸五郵便局5890,江東区亀戸5-1-1アトレ亀戸5階,長机1台程度,屋内（風除室含む）,場所とる,"10,000","10,000",要確認,,,,,,,,,,,,
,郵便局,小金井前原五郵便局5900,小金井市前原町5-9-24,長机1台程度,屋内（風除室含む）,場所とる,"10,000","10,000",要確認,,,,,,,,,,,,
,郵便局,大田南蒲田郵便局5910,大田区南蒲田3-7-26,長机1台程度,屋内（風除室含む）,場所とる,"10,000","10,000",要確認,,,,,,,,,,,,
,郵便局,豊島長崎六郵便局5960,豊島区長崎6-20-1,長机1台程度,屋内（風除室含む）,場所とる,"10,000","10,000",要確認,,,,,,,,,,,,
,郵便局,北浮間二郵便局5980,北区浮間2-10-10,長机1台程度,屋内（風除室含む）,場所とる,"10,000","10,000",要確認,,,,,,,,,,,,
,郵便局,板橋蓮沼郵便局5990,板橋区蓮沼町23-7,長机1台程度,屋内（風除室含む）,場所とる,"15,000","15,000",要確認,,,,,,,,,,,,
,郵便局,練馬上石神井北郵便局6000,練馬区上石神井4-8-9,長机1台程度,屋内（風除室含む）,場所とる,"10,000","10,000",要確認,,,,,,,,,,,,
,郵便局,足立西綾瀬郵便局6010,足立区西綾瀬3-39-7,長机1台程度,屋内（風除室含む）,場所とる,"10,000","10,000",要確認,,,,,,,,,,,,
,郵便局,江戸川上一色郵便局6040,江戸川区上一色2-18-4,長机1台程度,屋内（風除室含む）,場所とる,"10,000","10,000",要確認,,,,,,,,,,,,
,郵便局,江戸川上篠崎郵便局6050,江戸川区上篠崎3-14-9,長机1台程度,屋内（風除室含む）,場所とる,"10,000","10,000",要確認,,,,,,,,,,,,
,郵便局,江戸川東瑞江二郵便局6070,江戸川区東瑞江2-11-21,長机1台程度,屋内（風除室含む）,場所とる,"10,000","10,000",要確認,,,,,,,,,,,,
,郵便局,八王子長房郵便局6080,八王子市長房町588,長机1台程度,屋内（風除室含む）,場所とる,"15,000","15,000",要確認,,,,,,,,,,,,
,郵便局,八王子中野上町五郵便局6090,八王子市中野上町5-5-9,長机1台程度,屋内（風除室含む）,場所とる,"10,000","10,000",要確認,,,,,,,,,,,,
,郵便局,三鷹大沢四郵便局6110,三鷹市大沢4-16-18,長机1台程度,屋内（風除室含む）,場所とる,"10,000","10,000",要確認,,,,,,,,,,,,
,郵便局,三鷹新川一郵便局6120,三鷹市新川1-11-15,長机1台程度,屋内（風除室含む）,場所とる,"10,000","10,000",要確認,,,,,,,,,,,,
,郵便局,調布深大寺郵便局6130,調布市深大寺東町6-16-5,長机1台程度,屋内（風除室含む）,場所とる,"10,000","10,000",要確認,,,,,,,,,,,,
,郵便局,府中是政郵便局6140,府中市是政3-34-6,長机1台程度,屋内（風除室含む）,場所とる,"10,000","10,000",要確認,,,,,,,,,,,,
,郵便局,府中日新郵便局6150,府中市日新町1-5-3,長机1台程度,屋内（風除室含む）,場所とる,"10,000","10,000",要確認,,,,,,,,,,,,
,郵便局,東村山諏訪郵便局6160,東村山市諏訪町1-21-10,長机1台程度,屋内（風除室含む）,場所とる,"10,000","10,000",要確認,,,,,,,,,,,,
,郵便局,保谷住吉郵便局6170,西東京市住吉町1-2-1,長机1台程度,屋内（風除室含む）,場所とる,"10,000","10,000",要確認,,,,,,,,,,,,
,郵便局,村山団地内郵便局6180,武蔵村山市緑が丘1460,長机1台程度,屋内（風除室含む）,場所とる,"10,000","10,000",要確認,,,,,,,,,,,,
,郵便局,第二霞ケ関郵便局6200,千代田区霞が関2-1-2中央合同庁舎2号館内,長机1台程度,屋内（風除室含む）,場所とる,"15,000","15,000",要確認,,,,,,,,,,,,
,郵便局,立川けやき台郵便局6270,立川市若葉町1-13-2,長机1台程度,屋内（風除室含む）,場所とる,"10,000","10,000",要確認,,,,,,,,,,,,
,郵便局,練馬田柄郵便局6280,練馬区田柄3-14-3,長机1台程度,屋内（風除室含む）,場所とる,"10,000","10,000",要確認,,,,,,,,,,,,
,郵便局,杉並聖堂前郵便局6290,杉並区和田2-9-10,長机1台程度,屋内（風除室含む）,場所とる,"10,000","10,000",要確認,,,,,,,,,,,,
,郵便局,調布駅前郵便局6300,調布市小島町1-13-13,長机1台程度,屋内（風除室含む）,場所とる,"20,000","20,000",要確認,,,,,,,,,,,,
,郵便局,小平小川西郵便局6310,小平市小川西町3-7-12,長机1台程度,屋内（風除室含む）,場所とる,"10,000","10,000",要確認,,,,,,,,,,,,
,郵便局,多摩関戸郵便局6320,多摩市関戸5-11-1,長机1台程度,屋内（風除室含む）,場所とる,"10,000","10,000",要確認,,,,,,,,,,,,
,郵便局,小平鈴木二郵便局6330,小平市鈴木町2-186-8,長机1台程度,屋内（風除室含む）,場所とる,"10,000","10,000",要確認,,,,,,,,,,,,
,郵便局,本駒込二郵便局6340,文京区本駒込2-28-29,長机1台程度,屋内（風除室含む）,場所とる,"10,000","10,000",要確認,,,,,,,,,,,,
,郵便局,東上野六郵便局6350,台東区東上野6-19-11,長机1台程度,屋内（風除室含む）,場所とる,"10,000","10,000",要確認,,,,,,,,,,,,
,郵便局,品川西五反田六郵便局6370,品川区西五反田6-15-6,長机1台程度,屋内（風除室含む）,場所とる,"10,000","10,000",要確認,,,,,,,,,,,,
,郵便局,世田谷駒沢二郵便局6390,世田谷区駒沢2-61-1,長机1台程度,屋内（風除室含む）,場所とる,"10,000","10,000",要確認,,,,,,,,,,,,
,郵便局,世田谷船橋郵便局6400,世田谷区船橋4-2-10,長机1台程度,屋内（風除室含む）,場所とる,"10,000","10,000",要確認,,,,,,,,,,,,
,郵便局,杉並本天沼郵便局6420,杉並区本天沼3-40-10,長机1台程度,屋内（風除室含む）,場所とる,"10,000","10,000",要確認,,,,,,,,,,,,
,郵便局,池袋本町三郵便局6430,豊島区池袋本町3-23-5,長机1台程度,屋内（風除室含む）,場所とる,"10,000","10,000",要確認,,,,,,,,,,,,
,郵便局,赤羽二郵便局6440,北区赤羽2-9-2,長机1台程度,屋内（風除室含む）,場所とる,"15,000","15,000",要確認,,,,,,,,,,,,
,郵便局,東十条六郵便局6450,北区東十条6-7-8,長机1台程度,屋内（風除室含む）,場所とる,"10,000","10,000",要確認,,,,,,,,,,,,
,郵便局,大東文化学園内郵便局6460,板橋区高島平1-9-1,長机1台程度,屋内（風除室含む）,場所とる,"15,000","15,000",要確認,,,,,,,,,,,,
,郵便局,板橋中台二郵便局6470,板橋区中台2-30-15,長机1台程度,屋内（風除室含む）,場所とる,"10,000","10,000",要確認,,,,,,,,,,,,
,郵便局,練馬東大泉二郵便局6480,練馬区東大泉2-15-8,長机1台程度,屋内（風除室含む）,場所とる,"10,000","10,000",要確認,,,,,,,,,,,,
,郵便局,足立大谷田団地内郵便局6500,足立区大谷田1-1-4,長机1台程度,屋内（風除室含む）,場所とる,"10,000","10,000",要確認,,,,,,,,,,,,
,郵便局,練馬田柄東郵便局6550,練馬区田柄1-19-21,長机1台程度,屋内（風除室含む）,場所とる,"10,000","10,000",要確認,,,,,,,,,,,,
,郵便局,立川錦町四郵便局6560,立川市錦町4-11-18,長机1台程度,屋内（風除室含む）,場所とる,"10,000","10,000",要確認,,,,,,,,,,,,
,郵便局,三鷹牟礼二郵便局6570,三鷹市牟礼2-11-18,長机1台程度,屋内（風除室含む）,場所とる,"15,000","15,000",要確認,,,,,,,,,,,,
,郵便局,荒川南千住五郵便局6580,荒川区南千住5-39-5,長机1台程度,屋内（風除室含む）,場所とる,"15,000","15,000",要確認,,,,,,,,,,,,
,郵便局,鶴川団地内郵便局6600,町田市鶴川6-7-1,長机1台程度,屋内（風除室含む）,場所とる,"10,000","10,000",要確認,,,,,,,,,,,,
,郵便局,町田南つくし野郵便局6610,町田市南つくし野2-31-22,長机1台程度,屋内（風除室含む）,場所とる,"10,000","10,000",要確認,,,,,,,,,,,,
,郵便局,東村山青葉郵便局6630,東村山市青葉町2-4-43,長机1台程度,屋内（風除室含む）,場所とる,"15,000","15,000",要確認,,,,,,,,,,,,
,郵便局,清瀬旭が丘郵便局6650,清瀬市旭が丘2-5-1,長机1台程度,屋内（風除室含む）,場所とる,"15,000","15,000",要確認,,,,,,,,,,,,
,郵便局,立川松中郵便局6660,立川市一番町5-8-23,長机1台程度,屋内（風除室含む）,場所とる,"15,000","15,000",要確認,,,,,,,,,,,,
,郵便局,中央郵政研修所内郵便局6680,国立市西2-18-4,長机1台程度,屋内（風除室含む）,場所とる,"10,000","10,000",要確認,,,,,,,,,,,,
,郵便局,立川大山郵便局6690,立川市上砂町3-11-17,長机1台程度,屋内（風除室含む）,場所とる,"10,000","10,000",要確認,,,,,,,,,,,,
,郵便局,江東永代郵便局6700,江東区永代1-14-9,長机1台程度,屋内（風除室含む）,場所とる,"10,000","10,000",要確認,,,,,,,,,,,,
,郵便局,石神井四郵便局6740,練馬区石神井町4-28-13,長机1台程度,屋内（風除室含む）,場所とる,"15,000","15,000",要確認,,,,,,,,,,,,
,郵便局,板橋北郵便局6750,板橋区志村3-24-16,長机1台程度,屋内（風除室含む）,場所とる,"20,000","20,000",要確認,,,,,,,,,,,,
,郵便局,国立駅前郵便局6780,国立市中1-17-26,長机1台程度,屋内（風除室含む）,場所とる,"15,000","15,000",要確認,,,,,,,,,,,,
,郵便局,台東花川戸郵便局6790,台東区花川戸2-8-1,長机1台程度,屋内（風除室含む）,場所とる,"10,000","10,000",要確認,,,,,,,,,,,,
,郵便局,江東辰巳郵便局6800,江東区辰巳1-9-49,長机1台程度,屋内（風除室含む）,場所とる,"10,000","10,000",要確認,,,,,,,,,,,,
,郵便局,足立鹿浜八郵便局6820,足立区鹿浜8-11-4,長机1台程度,屋内（風除室含む）,場所とる,"15,000","15,000",要確認,,,,,,,,,,,,
,郵便局,鉄鋼ビル郵便局6830,千代田区丸の内1-8-2,長机1台程度,屋内（風除室含む）,場所とる,"15,000","15,000",要確認,,,,,,,,,,,,
,郵便局,板橋舟渡郵便局6860,板橋区舟渡2-5-10,長机1台程度,屋内（風除室含む）,場所とる,"10,000","10,000",要確認,,,,,,,,,,,,
,郵便局,足立竹の塚郵便局6870,足立区竹の塚5-8-5,長机1台程度,屋内（風除室含む）,場所とる,"15,000","15,000",要確認,,,,,,,,,,,,
,郵便局,足立古千谷郵便局6880,足立区古千谷本町2-20-12,長机1台程度,屋内（風除室含む）,場所とる,"15,000","15,000",要確認,,,,,,,,,,,,
,郵便局,江戸川中央三郵便局6900,江戸川区中央3-24-18,長机1台程度,屋内（風除室含む）,場所とる,"10,000","10,000",要確認,,,,,,,,,,,,
,郵便局,江戸川東松本郵便局6910,江戸川区東松本1-14-5,長机1台程度,屋内（風除室含む）,場所とる,"10,000","10,000",要確認,,,,,,,,,,,,
,郵便局,八王子大和田郵便局6930,八王子市大和田町3-20-15,長机1台程度,屋内（風除室含む）,場所とる,"10,000","10,000",要確認,,,,,,,,,,,,
,郵便局,武蔵野関前三郵便局6950,武蔵野市関前3-13-9,長机1台程度,屋内（風除室含む）,場所とる,"10,000","10,000",要確認,,,,,,,,,,,,
,郵便局,足立入谷郵便局6960,足立区入谷9-15-1,長机1台程度,屋内（風除室含む）,場所とる,"10,000","10,000",要確認,,,,,,,,,,,,
,郵便局,調布染地郵便局6970,調布市染地3-1-815,長机1台程度,屋内（風除室含む）,場所とる,"15,000","15,000",要確認,,,,,,,,,,,,
,郵便局,府中栄町郵便局6990,府中市栄町2-10-12,長机1台程度,屋内（風除室含む）,場所とる,"10,000","10,000",要確認,,,,,,,,,,,,
,郵便局,狛江東野川郵便局7000,狛江市東野川3-6-5,長机1台程度,屋内（風除室含む）,場所とる,"10,000","10,000",要確認,,,,,,,,,,,,
,郵便局,福生熊川南郵便局7010,福生市熊川161-1,長机1台程度,屋内（風除室含む）,場所とる,"10,000","10,000",要確認,,,,,,,,,,,,
,郵便局,東村山秋津郵便局7020,東村山市秋津町3-10-10,長机1台程度,屋内（風除室含む）,場所とる,"10,000","10,000",要確認,,,,,,,,,,,,
,郵便局,小金井貫井南郵便局7030,小金井市貫井南町4-3-7,長机1台程度,屋内（風除室含む）,場所とる,"10,000","10,000",要確認,,,,,,,,,,,,
,郵便局,国分寺西町郵便局7040,国分寺市西町3-26-8,長机1台程度,屋内（風除室含む）,場所とる,"10,000","10,000",要確認,,,,,,,,,,,,
,郵便局,日野北郵便局7050,日野市日野1047-3,長机1台程度,屋内（風除室含む）,場所とる,"10,000","10,000",要確認,,,,,,,,,,,,
,郵便局,小平仲町郵便局7060,小平市仲町630,長机1台程度,屋内（風除室含む）,場所とる,"10,000","10,000",要確認,,,,,,,,,,,,
,郵便局,ひばりが丘北郵便局7070,西東京市ひばりが丘北3-5-17,長机1台程度,屋内（風除室含む）,場所とる,"15,000","15,000",要確認,,,,,,,,,,,,
,郵便局,田無緑町郵便局7080,西東京市緑町3-5-19,長机1台程度,屋内（風除室含む）,場所とる,"10,000","10,000",要確認,,,,,,,,,,,,
,郵便局,東久留米滝山郵便局7090,東久留米市滝山4-1-22,長机1台程度,屋内（風除室含む）,場所とる,"15,000","15,000",要確認,,,,,,,,,,,,
,郵便局,国立谷保郵便局7100,国立市谷保6249,長机1台程度,屋内（風除室含む）,場所とる,"10,000","10,000",要確認,,,,,,,,,,,,
,郵便局,瑞穂むさし野郵便局7110,瑞穂町むさし野2-54-5,長机1台程度,屋内（風除室含む）,場所とる,"10,000","10,000",要確認,,,,,,,,,,,,
,郵便局,大田平和島二郵便局7120,大田区平和島2-1-1,長机1台程度,屋内（風除室含む）,場所とる,"10,000","10,000",要確認,,,,,,,,,,,,
,郵便局,滝野川六郵便局7130,北区滝野川6-76-1,長机1台程度,屋内（風除室含む）,場所とる,"15,000","15,000",要確認,,,,,,,,,,,,
,郵便局,練馬高松三郵便局7140,練馬区高松3-21-19,長机1台程度,屋内（風除室含む）,場所とる,"10,000","10,000",要確認,,,,,,,,,,,,
,郵便局,八王子横川郵便局7150,八王子市横川町536-3,長机1台程度,屋内（風除室含む）,場所とる,"10,000","10,000",要確認,,,,,,,,,,,,
,郵便局,田無南町二郵便局7160,西東京市南町2-1-15,長机1台程度,屋内（風除室含む）,場所とる,"10,000","10,000",要確認,,,,,,,,,,,,
,郵便局,日野駅前郵便局7180,日野市日野本町4-2-8,長机1台程度,屋内（風除室含む）,場所とる,"10,000","10,000",要確認,,,,,,,,,,,,
,郵便局,板橋三園郵便局7200,板橋区三園1-22-23,長机1台程度,屋内（風除室含む）,場所とる,"15,000","15,000",要確認,,,,,,,,,,,,
,郵便局,板橋富士見郵便局7210,板橋区富士見町31-6,長机1台程度,屋内（風除室含む）,場所とる,"10,000","10,000",要確認,,,,,,,,,,,,
,郵便局,練馬富士見台四郵便局7220,練馬区富士見台4-11-12,長机1台程度,屋内（風除室含む）,場所とる,"10,000","10,000",要確認,,,,,,,,,,,,
,郵便局,石神井台六郵便局7240,練馬区石神井台6-15-8,長机1台程度,屋内（風除室含む）,場所とる,"10,000","10,000",要確認,,,,,,,,,,,,
,郵便局,上野駅前郵便局7250,台東区上野6-15-1,長机1台程度,屋内（風除室含む）,場所とる,"15,000","15,000",要確認,,,,,,,,,,,,
,郵便局,足立伊興二郵便局7260,足立区伊興2-18-1,長机1台程度,屋内（風除室含む）,場所とる,"10,000","10,000",要確認,,,,,,,,,,,,
,郵便局,足立西保木間郵便局7270,足立区西保木間4-5-14106,長机1台程度,屋内（風除室含む）,場所とる,"10,000","10,000",要確認,,,,,,,,,,,,
,郵便局,葛飾西水元郵便局7280,葛飾区西水元5-11-5,長机1台程度,屋内（風除室含む）,場所とる,"15,000","15,000",要確認,,,,,,,,,,,,
,郵便局,葛飾高砂七郵便局7290,葛飾区高砂7-21-10,長机1台程度,屋内（風除室含む）,場所とる,"10,000","10,000",要確認,,,,,,,,,,,,
,郵便局,江戸川南篠崎二郵便局7300,江戸川区南篠崎町2-45-15,長机1台程度,屋内（風除室含む）,場所とる,"10,000","10,000",要確認,,,,,,,,,,,,
,郵便局,八王子椚田郵便局7310,八王子市椚田町203,長机1台程度,屋内（風除室含む）,場所とる,"10,000","10,000",要確認,,,,,,,,,,,,
,郵便局,めじろ台駅前郵便局7320,八王子市めじろ台4-1-1,長机1台程度,屋内（風除室含む）,場所とる,"15,000","15,000",要確認,,,,,,,,,,,,
,郵便局,青梅末広郵便局7330,青梅市末広町2-2-1,長机1台程度,屋内（風除室含む）,場所とる,"10,000","10,000",要確認,,,,,,,,,,,,
,郵便局,東久留米本村郵便局7340,東久留米市下里1-11-11,長机1台程度,屋内（風除室含む）,場所とる,"10,000","10,000",要確認,,,,,,,,,,,,
,郵便局,昭島緑郵便局7350,昭島市緑町2-28-7,長机1台程度,屋内（風除室含む）,場所とる,"10,000","10,000",要確認,,,,,,,,,,,,
,郵便局,神代植物公園前郵便局7360,調布市深大寺元町4-30-35,長机1台程度,屋内（風除室含む）,場所とる,"10,000","10,000",要確認,,,,,,,,,,,,
,郵便局,町田藤の台郵便局7370,町田市藤の台1-1-52-102,長机1台程度,屋内（風除室含む）,場所とる,"10,000","10,000",要確認,,,,,,,,,,,,
,郵便局,町田南大谷郵便局7380,町田市南大谷3-18-16,長机1台程度,屋内（風除室含む）,場所とる,"10,000","10,000",要確認,,,,,,,,,,,,
,郵便局,日野高幡台郵便局7400,日野市程久保650,長机1台程度,屋内（風除室含む）,場所とる,"10,000","10,000",要確認,,,,,,,,,,,,
,郵便局,田無北芝久保郵便局7420,西東京市芝久保町4-14-2,長机1台程度,屋内（風除室含む）,場所とる,"10,000","10,000",要確認,,,,,,,,,,,,
,郵便局,下保谷二郵便局7430,西東京市下保谷2-4-12,長机1台程度,屋内（風除室含む）,場所とる,"10,000","10,000",要確認,,,,,,,,,,,,
,郵便局,保谷中町四郵便局7440,西東京市中町4-8-25,長机1台程度,屋内（風除室含む）,場所とる,"10,000","10,000",要確認,,,,,,,,,,,,
,郵便局,東大和向原郵便局7450,東大和市向原3-1-6,長机1台程度,屋内（風除室含む）,場所とる,"15,000","15,000",要確認,,,,,,,,,,,,
,郵便局,三鷹上連雀五郵便局7460,三鷹市上連雀5-15-16,長机1台程度,屋内（風除室含む）,場所とる,"10,000","10,000",要確認,,,,,,,,,,,,
,郵便局,小平天神郵便局7470,小平市天神町1-1-21,長机1台程度,屋内（風除室含む）,場所とる,"10,000","10,000",要確認,,,,,,,,,,,,
,郵便局,三鷹深大寺郵便局7480,三鷹市深大寺1-14-25,長机1台程度,屋内（風除室含む）,場所とる,"10,000","10,000",要確認,,,,,,,,,,,,
,郵便局,板橋徳丸五郵便局7490,板橋区徳丸5-5-5,長机1台程度,屋内（風除室含む）,場所とる,"10,000","10,000",要確認,,,,,,,,,,,,
,郵便局,小金井郵便局7520,小金井市本町5-38-20,長机1台程度,屋内（風除室含む）,場所とる,"20,000","20,000",要確認,,,,,,,,,,,,
,郵便局,秋川野辺郵便局7560,あきる野市野辺384,長机1台程度,屋内（風除室含む）,場所とる,"10,000","10,000",要確認,,,,,,,,,,,,
,郵便局,新宿第一生命ビル内郵便局7570,新宿区西新宿2-7-1,長机1台程度,屋内（風除室含む）,場所とる,"15,000","15,000",要確認,,,,,,,,,,,,
,郵便局,世田谷上祖師谷二郵便局7580,世田谷区上祖師谷2-7-10,長机1台程度,屋内（風除室含む）,場所とる,"10,000","10,000",要確認,,,,,,,,,,,,
,郵便局,永山駅前郵便局7590,多摩市永山1-5ベルブ永山214,長机1台程度,屋内（風除室含む）,場所とる,"15,000","15,000",要確認,,,,,,,,,,,,
,郵便局,練馬南田中二郵便局7610,練馬区南田中2-14-3,長机1台程度,屋内（風除室含む）,場所とる,"10,000","10,000",要確認,,,,,,,,,,,,
,郵便局,練馬大泉四郵便局7620,練馬区大泉町4-28-13,長机1台程度,屋内（風除室含む）,場所とる,"10,000","10,000",要確認,,,,,,,,,,,,
,郵便局,足立佐野郵便局7630,足立区佐野2-11-12,長机1台程度,屋内（風除室含む）,場所とる,"15,000","15,000",要確認,,,,,,,,,,,,
,郵便局,足立ひとつや郵便局7640,足立区一ツ家2-13-3,長机1台程度,屋内（風除室含む）,場所とる,"10,000","10,000",要確認,,,,,,,,,,,,
,郵便局,葛飾亀有二郵便局7650,葛飾区亀有2-15-20,長机1台程度,屋内（風除室含む）,場所とる,"10,000","10,000",要確認,,,,,,,,,,,,
,郵便局,葛飾東堀切二郵便局7660,葛飾区東堀切2-21-24,長机1台程度,屋内（風除室含む）,場所とる,"10,000","10,000",要確認,,,,,,,,,,,,
,郵便局,江戸川椿郵便局7670,江戸川区春江町3-43-14,長机1台程度,屋内（風除室含む）,場所とる,"15,000","15,000",要確認,,,,,,,,,,,,
,郵便局,江戸川春江五郵便局7680,江戸川区春江町5-11-7,長机1台程度,屋内（風除室含む）,場所とる,"10,000","10,000",要確認,,,,,,,,,,,,
,郵便局,八王子犬目郵便局7690,八王子市犬目町132-3,長机1台程度,屋内（風除室含む）,場所とる,"10,000","10,000",要確認,,,,,,,,,,,,
,郵便局,府中本町二郵便局7710,府中市本町2-20-16,長机1台程度,屋内（風除室含む）,場所とる,"10,000","10,000",要確認,,,,,,,,,,,,
,郵便局,町田鶴川四郵便局7720,町田市鶴川4-28-4,長机1台程度,屋内（風除室含む）,場所とる,"10,000","10,000",要確認,,,,,,,,,,,,
,郵便局,東村山栄町郵便局7750,東村山市栄町1-15-56,長机1台程度,屋内（風除室含む）,場所とる,"10,000","10,000",要確認,,,,,,,,,,,,
,郵便局,稲城平尾郵便局7770,稲城市平尾3-1-1,長机1台程度,屋内（風除室含む）,場所とる,"10,000","10,000",要確認,,,,,,,,,,,,
,郵便局,和泉多摩川駅前郵便局7790,狛江市東和泉3-5-5,長机1台程度,屋内（風除室含む）,場所とる,"10,000","10,000",要確認,,,,,,,,,,,,
,郵便局,東大和芋窪郵便局7800,東大和市芋窪1-2079-2,長机1台程度,屋内（風除室含む）,場所とる,"10,000","10,000",要確認,,,,,,,,,,,,
,郵便局,湯島四郵便局7810,文京区湯島4-6-11,長机1台程度,屋内（風除室含む）,場所とる,"15,000","15,000",要確認,,,,,,,,,,,,
,郵便局,墨田立花団地内郵便局7820,墨田区立花1-26-2,長机1台程度,屋内（風除室含む）,場所とる,"10,000","10,000",要確認,,,,,,,,,,,,
,郵便局,東久留米南沢五郵便局7830,東久留米市南沢5-18-48,長机1台程度,屋内（風除室含む）,場所とる,"10,000","10,000",要確認,,,,,,,,,,,,
,郵便局,江東東砂八郵便局7840,江東区東砂8-19-13,長机1台程度,屋内（風除室含む）,場所とる,"10,000","10,000",要確認,,,,,,,,,,,,
,郵便局,向島郵便局7880,墨田区東向島2-32-25,長机1台程度,屋内（風除室含む）,場所とる,"20,000","20,000",要確認,,,,,,,,,,,,
,郵便局,新宿戸山郵便局7890,新宿区戸山2-10-101,長机1台程度,屋内（風除室含む）,場所とる,"10,000","10,000",要確認,,,,,,,,,,,,
,郵便局,大田南六郷二郵便局7900,大田区南六郷2-35-1,長机1台程度,屋内（風除室含む）,場所とる,"10,000","10,000",要確認,,,,,,,,,,,,
,郵便局,世田谷桜上水一郵便局7910,世田谷区桜上水1-22-5,長机1台程度,屋内（風除室含む）,場所とる,"10,000","10,000",要確認,,,,,,,,,,,,
,郵便局,足立江北郵便局7930,足立区江北6-30-21,長机1台程度,屋内（風除室含む）,場所とる,"15,000","15,000",要確認,,,,,,,,,,,,
,郵便局,足立保木間郵便局7940,足立区保木間1-31-11,長机1台程度,屋内（風除室含む）,場所とる,"10,000","10,000",要確認,,,,,,,,,,,,
,郵便局,八王子館町郵便局7960,八王子市館町1097館ヶ丘団地2-5-115,長机1台程度,屋内（風除室含む）,場所とる,"10,000","10,000",要確認,,,,,,,,,,,,
,郵便局,八王子狭間通郵便局7970,八王子市狭間町1455-1,長机1台程度,屋内（風除室含む）,場所とる,"15,000","15,000",要確認,,,,,,,,,,,,
,郵便局,八王子緑町郵便局7980,八王子市緑町291-6,長机1台程度,屋内（風除室含む）,場所とる,"10,000","10,000",要確認,,,,,,,,,,,,
,郵便局,八王子上柚木郵便局7990,八王子市上柚木682-1,長机1台程度,屋内（風除室含む）,場所とる,"10,000","10,000",要確認,,,,,,,,,,,,
,郵便局,立川若葉町郵便局8010,立川市若葉町4-25-1,長机1台程度,屋内（風除室含む）,場所とる,"15,000","15,000",要確認,,,,,,,,,,,,
,郵便局,三鷹中原四郵便局8020,三鷹市中原4-11-7,長机1台程度,屋内（風除室含む）,場所とる,"10,000","10,000",要確認,,,,,,,,,,,,
,郵便局,小平花小金井五郵便局8040,小平市花小金井8-34-3,長机1台程度,屋内（風除室含む）,場所とる,"15,000","15,000",要確認,,,,,,,,,,,,
,郵便局,昭島松原四郵便局8050,昭島市松原町4-4-12,長机1台程度,屋内（風除室含む）,場所とる,"10,000","10,000",要確認,,,,,,,,,,,,
,郵便局,東久留米大門郵便局8060,東久留米市大門町2-6-5,長机1台程度,屋内（風除室含む）,場所とる,"15,000","15,000",要確認,,,,,,,,,,,,
,郵便局,多摩和田郵便局8080,多摩市和田3-2-1,長机1台程度,屋内（風除室含む）,場所とる,"10,000","10,000",要確認,,,,,,,,,,,,
,郵便局,中央豊海郵便局8090,中央区豊海町5-1,長机1台程度,屋内（風除室含む）,場所とる,"10,000","10,000",要確認,,,,,,,,,,,,
,郵便局,荏原郵便局8110,品川区西中延1-7-23,長机1台程度,屋内（風除室含む）,場所とる,"15,000","15,000",要確認,,,,,,,,,,,,
,郵便局,東久留米郵便局8120,東久留米市中央町1-1-44,長机1台程度,屋内（風除室含む）,場所とる,"15,000","15,000",要確認,,,,,,,,,,,,
,郵便局,足立西郵便局8140,足立区西新井本町4-4-30,長机1台程度,屋内（風除室含む）,場所とる,"20,000","20,000",要確認,,,,,,,,,,,,
,郵便局,八王子西郵便局8150,八王子市散田町5-27-7,長机1台程度,屋内（風除室含む）,場所とる,"15,000","15,000",要確認,,,,,,,,,,,,
,郵便局,東京流通センター内郵便局8160,大田区平和島6-1-1,長机1台程度,屋内（風除室含む）,場所とる,"10,000","10,000",要確認,,,,,,,,,,,,
,郵便局,練馬西大泉二郵便局8170,練馬区西大泉1-1-11,長机1台程度,屋内（風除室含む）,場所とる,"10,000","10,000",要確認,,,,,,,,,,,,
,郵便局,足立栗原北郵便局8190,足立区栗原2-17-6,長机1台程度,屋内（風除室含む）,場所とる,"10,000","10,000",要確認,,,,,,,,,,,,
,郵便局,泉岳寺駅前郵便局8200,港区高輪2-15-19,長机1台程度,屋内（風除室含む）,場所とる,"10,000","10,000",要確認,,,,,,,,,,,,
,郵便局,練馬早宮郵便局8210,練馬区早宮3-9-22,長机1台程度,屋内（風除室含む）,場所とる,"10,000","10,000",要確認,,,,,,,,,,,,
,郵便局,北豊島団地内郵便局8220,北区豊島5-5-5,長机1台程度,屋内（風除室含む）,場所とる,"10,000","10,000",要確認,,,,,,,,,,,,
,郵便局,練馬南大泉四郵便局8230,練馬区南大泉4-49-24,長机1台程度,屋内（風除室含む）,場所とる,"15,000","15,000",要確認,,,,,,,,,,,,
,郵便局,八王子絹ケ丘郵便局8250,八王子市絹ケ丘2-21-15,長机1台程度,屋内（風除室含む）,場所とる,"10,000","10,000",要確認,,,,,,,,,,,,
,郵便局,町田木曽西郵便局8260,町田市木曽西3-4-4,長机1台程度,屋内（風除室含む）,場所とる,"15,000","15,000",要確認,,,,,,,,,,,,
,郵便局,羽村富士見郵便局8280,羽村市五ノ神2-8-19,長机1台程度,屋内（風除室含む）,場所とる,"15,000","15,000",要確認,,,,,,,,,,,,
,郵便局,国分寺本多郵便局8290,国分寺市本多5-10-3,長机1台程度,屋内（風除室含む）,場所とる,"10,000","10,000",要確認,,,,,,,,,,,,
,郵便局,足立花畑一郵便局8310,足立区花畑1-15-18,長机1台程度,屋内（風除室含む）,場所とる,"10,000","10,000",要確認,,,,,,,,,,,,
,郵便局,神谷町郵便局8320,港区虎ノ門4-2-12,長机1台程度,屋内（風除室含む）,場所とる,"15,000","15,000",要確認,,,,,,,,,,,,
,郵便局,練馬大泉学園北郵便局8330,練馬区大泉学園町7-15-2,長机1台程度,屋内（風除室含む）,場所とる,"10,000","10,000",要確認,,,,,,,,,,,,
,郵便局,府中小柳町郵便局8340,府中市小柳町5-36-12,長机1台程度,屋内（風除室含む）,場所とる,"10,000","10,000",要確認,,,,,,,,,,,,
,郵便局,くらまえ橋郵便局8370,台東区蔵前1-3-27,長机1台程度,屋内（風除室含む）,場所とる,"15,000","15,000",要確認,,,,,,,,,,,,
,郵便局,最高裁判所内郵便局8380,千代田区隼町4-2,長机1台程度,屋内（風除室含む）,場所とる,"10,000","10,000",要確認,,,,,,,,,,,,
,郵便局,江戸川一郵便局8390,江戸川区江戸川1-23-6,長机1台程度,屋内（風除室含む）,場所とる,"10,000","10,000",要確認,,,,,,,,,,,,
,郵便局,世田谷喜多見三郵便局8410,世田谷区喜多見3-21-22,長机1台程度,屋内（風除室含む）,場所とる,"10,000","10,000",要確認,,,,,,,,,,,,
,郵便局,練馬平和台一郵便局8420,練馬区平和台1-38-25,長机1台程度,屋内（風除室含む）,場所とる,"15,000","15,000",要確認,,,,,,,,,,,,
,郵便局,府中四谷郵便局8430,府中市四谷3-27-26,長机1台程度,屋内（風除室含む）,場所とる,"10,000","10,000",要確認,,,,,,,,,,,,
,郵便局,調布上石原三郵便局8440,調布市上石原3-29-17,長机1台程度,屋内（風除室含む）,場所とる,"10,000","10,000",要確認,,,,,,,,,,,,
,郵便局,清瀬中里郵便局8450,清瀬市中里4-825,長机1台程度,屋内（風除室含む）,場所とる,"10,000","10,000",要確認,,,,,,,,,,,,
,郵便局,東久留米下里郵便局8460,東久留米市下里3-17-11,長机1台程度,屋内（風除室含む）,場所とる,"10,000","10,000",要確認,,,,,,,,,,,,
,郵便局,板橋西郵便局8500,板橋区高島平3-12-1,長机1台程度,屋内（風除室含む）,場所とる,"20,000","20,000",要確認,,,,,,,,,,,,
,郵便局,江東南砂団地内郵便局8510,江東区南砂2-3-14,長机1台程度,屋内（風除室含む）,場所とる,"10,000","10,000",要確認,,,,,,,,,,,,
,郵便局,板橋大谷口北郵便局8530,板橋区大谷口北町76-4,長机1台程度,屋内（風除室含む）,場所とる,"10,000","10,000",要確認,,,,,,,,,,,,
,郵便局,新宿北郵便局8540,新宿区大久保3-14-8,長机1台程度,屋内（風除室含む）,場所とる,"20,000","20,000",要確認,,,,,,,,,,,,
,郵便局,墨田横網郵便局8550,墨田区横網1-6-1国際ファッションセンタービル2F,長机1台程度,屋内（風除室含む）,場所とる,"10,000","10,000",要確認,,,,,,,,,,,,
,郵便局,板橋高島平八郵便局8570,板橋区高島平8-7-5,長机1台程度,屋内（風除室含む）,場所とる,"10,000","10,000",要確認,,,,,,,,,,,,
,郵便局,練馬田柄二郵便局8580,練馬区田柄2-19-36,長机1台程度,屋内（風除室含む）,場所とる,"10,000","10,000",要確認,,,,,,,,,,,,
,郵便局,杉並松庵郵便局8590,杉並区松庵2-17-3,長机1台程度,屋内（風除室含む）,場所とる,"10,000","10,000",要確認,,,,,,,,,,,,
,郵便局,足立東伊興郵便局8600,足立区伊興本町2-7-10,長机1台程度,屋内（風除室含む）,場所とる,"10,000","10,000",要確認,,,,,,,,,,,,
,郵便局,田無向台郵便局8610,西東京市南町5-14-23,長机1台程度,屋内（風除室含む）,場所とる,"10,000","10,000",要確認,,,,,,,,,,,,
,郵便局,多摩貝取郵便局8620,多摩市貝取4-2-1,長机1台程度,屋内（風除室含む）,場所とる,"10,000","10,000",要確認,,,,,,,,,,,,
,郵便局,八王子松が谷郵便局8630,八王子市松が谷11-2,長机1台程度,屋内（風除室含む）,場所とる,"10,000","10,000",要確認,,,,,,,,,,,,
,郵便局,千鳥郵便局8660,大田区千鳥2-34-10,長机1台程度,屋内（風除室含む）,場所とる,"20,000","20,000",要確認,,,,,,,,,,,,
,郵便局,百草園駅前郵便局8670,日野市落川416-6,長机1台程度,屋内（風除室含む）,場所とる,"10,000","10,000",要確認,,,,,,,,,,,,
,郵便局,吉祥寺北町郵便局8700,武蔵野市吉祥寺北町5-10-10,長机1台程度,屋内（風除室含む）,場所とる,"10,000","10,000",要確認,,,,,,,,,,,,
,郵便局,梅ケ丘駅前郵便局8710,世田谷区松原6-2-9,長机1台程度,屋内（風除室含む）,場所とる,"15,000","15,000",要確認,,,,,,,,,,,,
,郵便局,滝野川三郵便局8720,北区滝野川3-79-5,長机1台程度,屋内（風除室含む）,場所とる,"10,000","10,000",要確認,,,,,,,,,,,,
,郵便局,大田中央四郵便局8730,大田区中央4-3-1,長机1台程度,屋内（風除室含む）,場所とる,"10,000","10,000",要確認,,,,,,,,,,,,
,郵便局,日野多摩平六郵便局8750,日野市多摩平6-39-3,長机1台程度,屋内（風除室含む）,場所とる,"10,000","10,000",要確認,,,,,,,,,,,,
,郵便局,江戸川中葛西五郵便局8760,江戸川区中葛西5-7-16,長机1台程度,屋内（風除室含む）,場所とる,"15,000","15,000",要確認,,,,,,,,,,,,
,郵便局,八王子駅前郵便局8780,八王子市旭町9-1,長机1台程度,屋内（風除室含む）,場所とる,"20,000","20,000",要確認,,,,,,,,,,,,
,郵便局,町田小山郵便局8790,町田市小山町827,長机1台程度,屋内（風除室含む）,場所とる,"15,000","15,000",要確認,,,,,,,,,,,,
,郵便局,国分寺東恋ケ窪四郵便局8820,国分寺市東恋ヶ窪4-21-18,長机1台程度,屋内（風除室含む）,場所とる,"10,000","10,000",要確認,,,,,,,,,,,,
,郵便局,五日市仲町郵便局8830,あきる野市五日市35,長机1台程度,屋内（風除室含む）,場所とる,"10,000","10,000",要確認,,,,,,,,,,,,
,郵便局,世田谷北烏山八郵便局8870,世田谷区北烏山8-3-17,長机1台程度,屋内（風除室含む）,場所とる,"10,000","10,000",要確認,,,,,,,,,,,,
,郵便局,日野旭が丘郵便局8900,日野市旭が丘3-3-7,長机1台程度,屋内（風除室含む）,場所とる,"15,000","15,000",要確認,,,,,,,,,,,,
,郵便局,海事ビル内郵便局8910,千代田区麹町4-5,長机1台程度,屋内（風除室含む）,場所とる,"15,000","15,000",要確認,,,,,,,,,,,,
,郵便局,王子本町郵便局8920,北区王子本町1-2-11,長机1台程度,屋内（風除室含む）,場所とる,"15,000","15,000",要確認,,,,,,,,,,,,
,郵便局,伏見通郵便局8930,西東京市中町6-12-40,長机1台程度,屋内（風除室含む）,場所とる,"10,000","10,000",要確認,,,,,,,,,,,,
,郵便局,狛江郵便局8940,狛江市和泉本町3-29-7,長机1台程度,屋内（風除室含む）,場所とる,"15,000","15,000",要確認,,,,,,,,,,,,
,郵便局,国立天神下郵便局8970,国立市谷保5859,長机1台程度,屋内（風除室含む）,場所とる,"10,000","10,000",要確認,,,,,,,,,,,,
,郵便局,立川栄郵便局8980,立川市栄町2-45-6,長机1台程度,屋内（風除室含む）,場所とる,"10,000","10,000",要確認,,,,,,,,,,,,
,郵便局,本所郵便局10010,墨田区太平4-21-2,長机1台程度,屋内（風除室含む）,場所とる,"20,000","20,000",要確認,,,,,,,,,,,,
,郵便局,新橋郵便局10020,港区新橋1-6-9,長机1台程度,屋内（風除室含む）,場所とる,"15,000","15,000",要確認,,,,,,,,,,,,
,郵便局,牛込郵便局10050,新宿区北山伏町1-5,長机1台程度,屋内（風除室含む）,場所とる,"20,000","20,000",要確認,,,,,,,,,,,,
,郵便局,小石川郵便局10060,文京区小石川4-4-2,長机1台程度,屋内（風除室含む）,場所とる,"20,000","20,000",要確認,,,,,,,,,,,,
,郵便局,本郷郵便局10070,文京区本郷6-1-15,長机1台程度,屋内（風除室含む）,場所とる,"20,000","20,000",要確認,,,,,,,,,,,,
,郵便局,神田郵便局10080,千代田区神田淡路町2-12,長机1台程度,屋内（風除室含む）,場所とる,"20,000","20,000",要確認,,,,,,,,,,,,
,郵便局,上野郵便局10090,台東区下谷1-5-12,長机1台程度,屋内（風除室含む）,場所とる,"20,000","20,000",要確認,,,,,,,,,,,,
,郵便局,浅草郵便局10100,台東区西浅草1-1-1,長机1台程度,屋内（風除室含む）,場所とる,"20,000","20,000",要確認,,,,,,,,,,,,
,郵便局,足立郵便局10110,足立区千住曙町42-4,長机1台程度,屋内（風除室含む）,場所とる,"20,000","20,000",要確認,,,,,,,,,,,,
,郵便局,豊島郵便局10140,豊島区東池袋3-18-1,長机1台程度,屋内（風除室含む）,場所とる,"30,000","30,000",要確認,,,,,,,,,,,,
,郵便局,赤羽郵便局10170,北区赤羽南1-12-10,長机1台程度,屋内（風除室含む）,場所とる,"20,000","20,000",要確認,,,,,,,,,,,,
,郵便局,葛飾新宿郵便局10180,葛飾区金町1-8-1,長机1台程度,屋内（風除室含む）,場所とる,"20,000","20,000",要確認,,,,,,,,,,,,
,郵便局,世田谷一郵便局10190,世田谷区世田谷1-25-8,長机1台程度,屋内（風除室含む）,場所とる,"15,000","15,000",要確認,,,,,,,,,,,,
,郵便局,大森郵便局10210,大田区山王3-9-13,長机1台程度,屋内（風除室含む）,場所とる,"20,000","20,000",要確認,,,,,,,,,,,,
,郵便局,芝郵便局10220,港区西新橋3-22-5,長机1台程度,屋内（風除室含む）,場所とる,"20,000","20,000",要確認,,,,,,,,,,,,
,郵便局,九段郵便局10230,千代田区九段南1-4-6,長机1台程度,屋内（風除室含む）,場所とる,"20,000","20,000",要確認,,,,,,,,,,,,
,郵便局,小川町駅前郵便局10240,千代田区神田小川町1-3-1,長机1台程度,屋内（風除室含む）,場所とる,"15,000","15,000",要確認,,,,,,,,,,,,
,郵便局,拝島郵便局10250,昭島市拝島町5-1-25,長机1台程度,屋内（風除室含む）,場所とる,"10,000","10,000",要確認,,,,,,,,,,,,
,郵便局,芝浦海岸通郵便局10270,港区芝浦4-13-23,長机1台程度,屋内（風除室含む）,場所とる,"15,000","15,000",要確認,,,,,,,,,,,,
,郵便局,羽村郵便局10330,羽村市緑ヶ丘5-3-2,長机1台程度,屋内（風除室含む）,場所とる,"20,000","20,000",要確認,,,,,,,,,,,,
,郵便局,南麻布五郵便局10350,港区南麻布5-16-10,長机1台程度,屋内（風除室含む）,場所とる,"15,000","15,000",要確認,,,,,,,,,,,,
,郵便局,本郷五郵便局10390,文京区本郷5-9-7,長机1台程度,屋内（風除室含む）,場所とる,"10,000","10,000",要確認,,,,,,,,,,,,
,郵便局,文京水道郵便局10400,文京区水道2-12-16,長机1台程度,屋内（風除室含む）,場所とる,"10,000","10,000",要確認,,,,,,,,,,,,
,郵便局,渋谷郵便局10410,渋谷区渋谷1-12-13,長机1台程度,屋内（風除室含む）,場所とる,"30,000","30,000",要確認,,,,,,,,,,,,
,郵便局,銀座みゆき通郵便局10430,中央区銀座6-8-3尾張町TOWER4階,長机1台程度,屋内（風除室含む）,場所とる,"15,000","15,000",要確認,,,,,,,,,,,,
,郵便局,世田谷郵便局10450,世田谷区三軒茶屋2-1-1,長机1台程度,屋内（風除室含む）,場所とる,"20,000","20,000",要確認,,,,,,,,,,,,
,郵便局,御茶ノ水郵便局10460,文京区湯島1-5-45,長机1台程度,屋内（風除室含む）,場所とる,"15,000","15,000",要確認,,,,,,,,,,,,
,郵便局,慶應義塾前郵便局10470,港区芝5-13-18,長机1台程度,屋内（風除室含む）,場所とる,"15,000","15,000",要確認,,,,,,,,,,,,
,郵便局,芝三郵便局10480,港区芝3-4-13新陽社芝園ビル1階,長机1台程度,屋内（風除室含む）,場所とる,"15,000","15,000",要確認,,,,,,,,,,,,
,郵便局,文京根津郵便局10490,文京区根津1-17-1,長机1台程度,屋内（風除室含む）,場所とる,"15,000","15,000",要確認,,,,,,,,,,,,
,郵便局,鳥越神社前郵便局10510,台東区浅草橋3-33-6,長机1台程度,屋内（風除室含む）,場所とる,"15,000","15,000",要確認,,,,,,,,,,,,
,郵便局,目黒駅前郵便局10520,品川区上大崎3-5-3,長机1台程度,屋内（風除室含む）,場所とる,"15,000","15,000",要確認,,,,,,,,,,,,
,郵便局,池上郵便局10530,大田区池上3-39-3,長机1台程度,屋内（風除室含む）,場所とる,"15,000","15,000",要確認,,,,,,,,,,,,
,郵便局,檜原郵便局10540,檜原村467,長机1台程度,屋内（風除室含む）,場所とる,"10,000","10,000",要確認,,,,,,,,,,,,
,郵便局,立川郵便局10560,立川市曙町2-14-36,長机1台程度,屋内（風除室含む）,場所とる,"30,000","30,000",要確認,,,,,,,,,,,,
,郵便局,鶴川郵便局10570,町田市大蔵町446,長机1台程度,屋内（風除室含む）,場所とる,"20,000","20,000",要確認,,,,,,,,,,,,
,郵便局,御岳郵便局10590,青梅市御岳本町163-5,長机1台程度,屋内（風除室含む）,場所とる,"10,000","10,000",要確認,,,,,,,,,,,,
,郵便局,品川郵便局10600,品川区東大井5-23-34,長机1台程度,屋内（風除室含む）,場所とる,"20,000","20,000",要確認,,,,,,,,,,,,
,郵便局,港芝四郵便局10640,港区芝4-13-1,長机1台程度,屋内（風除室含む）,場所とる,"15,000","15,000",要確認,,,,,,,,,,,,
,郵便局,下目黒郵便局10650,目黒区下目黒3-2-3,長机1台程度,屋内（風除室含む）,場所とる,"15,000","15,000",要確認,,,,,,,,,,,,
,郵便局,瑞穂郵便局10660,瑞穂町武蔵20-1,長机1台程度,屋内（風除室含む）,場所とる,"15,000","15,000",要確認,,,,,,,,,,,,
,郵便局,恩方郵便局10670,八王子市西寺方町69-2,長机1台程度,屋内（風除室含む）,場所とる,"15,000","15,000",要確認,,,,,,,,,,,,
,郵便局,日本橋室町三井タワー内郵便局10680,中央区日本橋室町3-2-1日本橋室町三井タワーB1,長机1台程度,屋内（風除室含む）,場所とる,"15,000","15,000",要確認,,,,,,,,,,,,
,郵便局,高輪郵便局10700,港区三田3-8-6,長机1台程度,屋内（風除室含む）,場所とる,"20,000","20,000",要確認,,,,,,,,,,,,
,郵便局,京橋月島郵便局10730,中央区月島4-1-14,長机1台程度,屋内（風除室含む）,場所とる,"15,000","15,000",要確認,,,,,,,,,,,,
,郵便局,台東三郵便局10760,台東区台東3-12-5,長机1台程度,屋内（風除室含む）,場所とる,"15,000","15,000",要確認,,,,,,,,,,,,
,郵便局,神田北神保町郵便局10770,千代田区神田神保町2-2,長机1台程度,屋内（風除室含む）,場所とる,"15,000","15,000",要確認,,,,,,,,,,,,
,郵便局,南麻布二郵便局10780,港区南麻布2-6-17,長机1台程度,屋内（風除室含む）,場所とる,"10,000","10,000",要確認,,,,,,,,,,,,
,郵便局,文京白山下郵便局10820,文京区白山1-11-8,長机1台程度,屋内（風除室含む）,場所とる,"10,000","10,000",要確認,,,,,,,,,,,,
,郵便局,京橋郵便局10830,中央区築地4-2-2,長机1台程度,屋内（風除室含む）,場所とる,"20,000","20,000",要確認,,,,,,,,,,,,
,郵便局,蒲田郵便局10860,大田区蒲田本町1-2-8,長机1台程度,屋内（風除室含む）,場所とる,"20,000","20,000",要確認,,,,,,,,,,,,
,郵便局,練馬北町郵便局10870,練馬区北町1-32-5,長机1台程度,屋内（風除室含む）,場所とる,"15,000","15,000",要確認,,,,,,,,,,,,
,郵便局,日本橋大伝馬町郵便局10880,中央区日本橋大伝馬町12-1,長机1台程度,屋内（風除室含む）,場所とる,"15,000","15,000",要確認,,,,,,,,,,,,
,郵便局,牛込若松町郵便局10890,新宿区若松町6-9,長机1台程度,屋内（風除室含む）,場所とる,"15,000","15,000",要確認,,,,,,,,,,,,
,郵便局,四谷大木戸郵便局10910,新宿区内藤町1-5,長机1台程度,屋内（風除室含む）,場所とる,"10,000","10,000",要確認,,,,,,,,,,,,
,郵便局,茗荷谷駅前郵便局10940,文京区大塚1-4-1,長机1台程度,屋内（風除室含む）,場所とる,"15,000","15,000",要確認,,,,,,,,,,,,
,郵便局,港白金台郵便局10950,港区白金台3-2-10,長机1台程度,屋内（風除室含む）,場所とる,"15,000","15,000",要確認,,,,,,,,,,,,
,郵便局,外苑前郵便局10960,港区南青山2-27-23,長机1台程度,屋内（風除室含む）,場所とる,"20,000","20,000",要確認,,,,,,,,,,,,
,郵便局,渋谷橋郵便局10970,渋谷区広尾1-3-15,長机1台程度,屋内（風除室含む）,場所とる,"15,000","15,000",要確認,,,,,,,,,,,,
,郵便局,早稲田通郵便局10980,新宿区西早稲田3-14-2,長机1台程度,屋内（風除室含む）,場所とる,"15,000","15,000",要確認,,,,,,,,,,,,
,郵便局,西新宿七郵便局10990,新宿区西新宿7-4-3,長机1台程度,屋内（風除室含む）,場所とる,"15,000","15,000",要確認,,,,,,,,,,,,
,郵便局,西新宿八郵便局11000,新宿区西新宿8-8-8,長机1台程度,屋内（風除室含む）,場所とる,"15,000","15,000",要確認,,,,,,,,,,,,
,郵便局,品川東五反田郵便局11010,品川区東五反田1-18-1,長机1台程度,屋内（風除室含む）,場所とる,"15,000","15,000",要確認,,,,,,,,,,,,
,郵便局,国分寺郵便局11020,国分寺市日吉町4-1-10,長机1台程度,屋内（風除室含む）,場所とる,"20,000","20,000",要確認,,,,,,,,,,,,
,郵便局,台東日本堤郵便局11030,台東区日本堤1-31-7,長机1台程度,屋内（風除室含む）,場所とる,"10,000","10,000",要確認,,,,,,,,,,,,
,郵便局,西ヶ原郵便局11070,北区西ケ原3-2-1,長机1台程度,屋内（風除室含む）,場所とる,"10,000","10,000",要確認,,,,,,,,,,,,
,郵便局,渋谷青山通郵便局11080,渋谷区神宮前5-52-2,長机1台程度,屋内（風除室含む）,場所とる,"15,000","15,000",要確認,,,,,,,,,,,,
,郵便局,代々木駅前通郵便局11130,渋谷区代々木1-18-15,長机1台程度,屋内（風除室含む）,場所とる,"15,000","15,000",要確認,,,,,,,,,,,,
,郵便局,神宮前六郵便局11150,渋谷区神宮前6-12-28,長机1台程度,屋内（風除室含む）,場所とる,"15,000","15,000",要確認,,,,,,,,,,,,
,郵便局,福生郵便局11190,福生市本町77-2,長机1台程度,屋内（風除室含む）,場所とる,"15,000","15,000",要確認,,,,,,,,,,,,
,郵便局,文京千駄木四郵便局11200,文京区千駄木4-6-7,長机1台程度,屋内（風除室含む）,場所とる,"15,000","15,000",要確認,,,,,,,,,,,,
,郵便局,金町郵便局11210,葛飾区金町5-31-14,長机1台程度,屋内（風除室含む）,場所とる,"15,000","15,000",要確認,,,,,,,,,,,,
,郵便局,世田谷駒沢郵便局11220,世田谷区駒沢3-15-2,長机1台程度,屋内（風除室含む）,場所とる,"15,000","15,000",要確認,,,,,,,,,,,,
,郵便局,南品川二郵便局11230,品川区南品川2-17-21,長机1台程度,屋内（風除室含む）,場所とる,"15,000","15,000",要確認,,,,,,,,,,,,
,郵便局,東日暮里六郵便局11240,荒川区東日暮里6-7-2,長机1台程度,屋内（風除室含む）,場所とる,"15,000","15,000",要確認,,,,,,,,,,,,
,郵便局,三田国際ビル内郵便局11260,港区三田1-4-28,長机1台程度,屋内（風除室含む）,場所とる,"15,000","15,000",要確認,,,,,,,,,,,,
,郵便局,東村山郵便局11270,東村山市本町2-1-2,長机1台程度,屋内（風除室含む）,場所とる,"20,000","20,000",要確認,,,,,,,,,,,,
,郵便局,港浜松町郵便局11290,港区芝大門2-4-18,長机1台程度,屋内（風除室含む）,場所とる,"15,000","15,000",要確認,,,,,,,,,,,,
,郵便局,日本橋本町郵便局11300,中央区日本橋本町4-14-2,長机1台程度,屋内（風除室含む）,場所とる,"10,000","10,000",要確認,,,,,,,,,,,,
,郵便局,神田南神保町郵便局11310,千代田区神田神保町1-13,長机1台程度,屋内（風除室含む）,場所とる,"20,000","20,000",要確認,,,,,,,,,,,,
,郵便局,本郷三郵便局11320,文京区本郷3-25-13,長机1台程度,屋内（風除室含む）,場所とる,"15,000","15,000",要確認,,,,,,,,,,,,
,郵便局,南品川一郵便局11350,品川区南品川1-8-10,長机1台程度,屋内（風除室含む）,場所とる,"15,000","15,000",要確認,,,,,,,,,,,,
,郵便局,板橋郵便局11360,板橋区板橋2-42-1,長机1台程度,屋内（風除室含む）,場所とる,"20,000","20,000",要確認,,,,,,,,,,,,
,郵便局,牛込抜弁天郵便局11370,新宿区余丁町8-15,長机1台程度,屋内（風除室含む）,場所とる,"10,000","10,000",要確認,,,,,,,,,,,,
,郵便局,日本橋小舟町郵便局11380,中央区日本橋小舟町4-1,長机1台程度,屋内（風除室含む）,場所とる,"15,000","15,000",要確認,,,,,,,,,,,,
,郵便局,中野郵便局11390,中野区中野2-27-1,長机1台程度,屋内（風除室含む）,場所とる,"20,000","20,000",要確認,,,,,,,,,,,,
,郵便局,西新橋郵便局11400,港区西新橋1-5-13,長机1台程度,屋内（風除室含む）,場所とる,"15,000","15,000",要確認,,,,,,,,,,,,
,郵便局,八王子郵便局11420,八王子市大和田町7-21-1,長机1台程度,屋内（風除室含む）,場所とる,"20,000","20,000",要確認,,,,,,,,,,,,
,郵便局,武蔵府中郵便局11430,府中市寿町1-7,長机1台程度,屋内（風除室含む）,場所とる,"30,000","30,000",要確認,,,,,,,,,,,,
,郵便局,青梅郵便局11440,青梅市東青梅1-13-2,長机1台程度,屋内（風除室含む）,場所とる,"20,000","20,000",要確認,,,,,,,,,,,,
,郵便局,町田郵便局11450,町田市旭町3-2-22,長机1台程度,屋内（風除室含む）,場所とる,"20,000","20,000",要確認,,,,,,,,,,,,
,郵便局,あきる野郵便局11460,あきる野市秋川3-2-1,長机1台程度,屋内（風除室含む）,場所とる,"20,000","20,000",要確認,,,,,,,,,,,,
,郵便局,西東京郵便局11470,西東京市田無町3-2-2,長机1台程度,屋内（風除室含む）,場所とる,"30,000","30,000",要確認,,,,,,,,,,,,
,郵便局,奥多摩郵便局11480,奥多摩町氷川1379-6,長机1台程度,屋内（風除室含む）,場所とる,"10,000","10,000",要確認,,,,,,,,,,,,
,郵便局,調布郵便局11490,調布市八雲台2-6-1,長机1台程度,屋内（風除室含む）,場所とる,"15,000","15,000",要確認,,,,,,,,,,,,
,郵便局,日野郵便局11500,日野市宮345,長机1台程度,屋内（風除室含む）,場所とる,"15,000","15,000",要確認,,,,,,,,,,,,
,郵便局,文京白山上郵便局11510,文京区向丘1-9-16,長机1台程度,屋内（風除室含む）,場所とる,"10,000","10,000",要確認,,,,,,,,,,,,
,郵便局,大崎駅前郵便局11530,品川区大崎1-6-4,長机1台程度,屋内（風除室含む）,場所とる,"15,000","15,000",要確認,,,,,,,,,,,,
,郵便局,文京千駄木三郵便局11560,文京区千駄木3-41-3,長机1台程度,屋内（風除室含む）,場所とる,"15,000","15,000",要確認,,,,,,,,,,,,
,郵便局,港三田四郵便局11570,港区三田4-1-31,長机1台程度,屋内（風除室含む）,場所とる,"10,000","10,000",要確認,,,,,,,,,,,,
,郵便局,足立花畑郵便局11590,足立区南花畑3-19-25,長机1台程度,屋内（風除室含む）,場所とる,"10,000","10,000",要確認,,,,,,,,,,,,
,郵便局,二子玉川郵便局11600,世田谷区玉川2-20-1,長机1台程度,屋内（風除室含む）,場所とる,"15,000","15,000",要確認,,,,,,,,,,,,
,郵便局,平井郵便局11620,日の出町平井1186,長机1台程度,屋内（風除室含む）,場所とる,"10,000","10,000",要確認,,,,,,,,,,,,
,郵便局,日本橋郵便局11630,中央区日本橋1-18-1,長机1台程度,屋内（風除室含む）,場所とる,"20,000","20,000",要確認,,,,,,,,,,,,
,郵便局,渋谷東二郵便局11640,渋谷区東2-22-14,長机1台程度,屋内（風除室含む）,場所とる,"15,000","15,000",要確認,,,,,,,,,,,,
,郵便局,北堀船郵便局11670,北区堀船2-2-18,長机1台程度,屋内（風除室含む）,場所とる,"15,000","15,000",要確認,,,,,,,,,,,,
,郵便局,文京大塚五郵便局11680,文京区大塚5-7-11,長机1台程度,屋内（風除室含む）,場所とる,"15,000","15,000",要確認,,,,,,,,,,,,
,郵便局,葛飾四つ木郵便局11700,葛飾区四つ木4-2-2,長机1台程度,屋内（風除室含む）,場所とる,"10,000","10,000",要確認,,,,,,,,,,,,
,郵便局,千歳郵便局11720,世田谷区経堂1-40-1,長机1台程度,屋内（風除室含む）,場所とる,"20,000","20,000",要確認,,,,,,,,,,,,
,郵便局,江戸川郵便局11730,江戸川区松島1-19-24,長机1台程度,屋内（風除室含む）,場所とる,"15,000","15,000",要確認,,,,,,,,,,,,
,郵便局,品川大井七郵便局11740,品川区大井7-27-9,長机1台程度,屋内（風除室含む）,場所とる,"10,000","10,000",要確認,,,,,,,,,,,,
,郵便局,渋谷恵比寿郵便局11750,渋谷区恵比寿2-10-7,長机1台程度,屋内（風除室含む）,場所とる,"15,000","15,000",要確認,,,,,,,,,,,,
,郵便局,清瀬郵便局11770,清瀬市元町2-28-12,長机1台程度,屋内（風除室含む）,場所とる,"20,000","20,000",要確認,,,,,,,,,,,,
,郵便局,小岩郵便局11780,江戸川区南小岩8-1-10,長机1台程度,屋内（風除室含む）,場所とる,"15,000","15,000",要確認,,,,,,,,,,,,
,郵便局,練馬郵便局11790,練馬区豊玉北6-4-2,長机1台程度,屋内（風除室含む）,場所とる,"20,000","20,000",要確認,,,,,,,,,,,,
,郵便局,芝一郵便局11810,港区芝1-11-15,長机1台程度,屋内（風除室含む）,場所とる,"15,000","15,000",要確認,,,,,,,,,,,,
,郵便局,渋谷笹塚郵便局11820,渋谷区笹塚2-21-1,長机1台程度,屋内（風除室含む）,場所とる,"15,000","15,000",要確認,,,,,,,,,,,,
,郵便局,文京目白台二郵便局11830,文京区目白台2-12-1,長机1台程度,屋内（風除室含む）,場所とる,"10,000","10,000",要確認,,,,,,,,,,,,
,郵便局,六月町郵便局11840,足立区六月2-22-15,長机1台程度,屋内（風除室含む）,場所とる,"10,000","10,000",要確認,,,,,,,,,,,,
,郵便局,荻窪四郵便局11850,杉並区荻窪4-22-11,長机1台程度,屋内（風除室含む）,場所とる,"15,000","15,000",要確認,,,,,,,,,,,,
,郵便局,高輪台郵便局11860,港区高輪3-10-2,長机1台程度,屋内（風除室含む）,場所とる,"15,000","15,000",要確認,,,,,,,,,,,,
,郵便局,青梅藤橋郵便局11890,青梅市藤橋2-117-4,長机1台程度,屋内（風除室含む）,場所とる,"10,000","10,000",要確認,,,,,,,,,,,,
,郵便局,石神井郵便局11900,練馬区石神井台3-3-7,長机1台程度,屋内（風除室含む）,場所とる,"20,000","20,000",要確認,,,,,,,,,,,,
,郵便局,雷門郵便局11910,台東区雷門2-2-8,長机1台程度,屋内（風除室含む）,場所とる,"15,000","15,000",要確認,,,,,,,,,,,,
,郵便局,江東住吉郵便局11930,江東区住吉2-3-9,長机1台程度,屋内（風除室含む）,場所とる,"15,000","15,000",要確認,,,,,,,,,,,,
,郵便局,武蔵野境郵便局11950,武蔵野市境1-3-4105,長机1台程度,屋内（風除室含む）,場所とる,"20,000","20,000",要確認,,,,,,,,,,,,
,郵便局,上十条郵便局11960,北区上十条1-2-18,長机1台程度,屋内（風除室含む）,場所とる,"10,000","10,000",要確認,,,,,,,,,,,,
,郵便局,武蔵野郵便局11970,武蔵野市西久保3-1-26,長机1台程度,屋内（風除室含む）,場所とる,"20,000","20,000",要確認,,,,,,,,,,,,
,郵便局,中野新井郵便局11980,中野区新井1-31-9,長机1台程度,屋内（風除室含む）,場所とる,"10,000","10,000",要確認,,,,,,,,,,,,
,郵便局,大田中央一郵便局11990,大田区中央1-16-5,長机1台程度,屋内（風除室含む）,場所とる,"10,000","10,000",要確認,,,,,,,,,,,,
,郵便局,渋谷松濤郵便局12000,渋谷区松濤1-29-24,長机1台程度,屋内（風除室含む）,場所とる,"15,000","15,000",要確認,,,,,,,,,,,,
,郵便局,中野中央一郵便局12020,中野区東中野1-9-1,長机1台程度,屋内（風除室含む）,場所とる,"10,000","10,000",要確認,,,,,,,,,,,,
,郵便局,渋谷富ケ谷二郵便局12070,渋谷区富ヶ谷2-18-22,長机1台程度,屋内（風除室含む）,場所とる,"10,000","10,000",要確認,,,,,,,,,,,,
,郵便局,八王子追分町郵便局12090,八王子市追分町10-15,長机1台程度,屋内（風除室含む）,場所とる,"10,000","10,000",要確認,,,,,,,,,,,,
,郵便局,品川平塚橋郵便局12100,品川区平塚3-16-32,長机1台程度,屋内（風除室含む）,場所とる,"10,000","10,000",要確認,,,,,,,,,,,,
,郵便局,足立本木郵便局12110,足立区本木北町1-8,長机1台程度,屋内（風除室含む）,場所とる,"10,000","10,000",要確認,,,,,,,,,,,,
,郵便局,江戸川平井五郵便局12120,江戸川区平井5-48-1,長机1台程度,屋内（風除室含む）,場所とる,"10,000","10,000",要確認,,,,,,,,,,,,
,郵便局,目黒郵便局12140,目黒区目黒本町1-15-16,長机1台程度,屋内（風除室含む）,場所とる,"20,000","20,000",要確認,,,,,,,,,,,,
,郵便局,滝野川郵便局12160,北区滝野川6-28-5,長机1台程度,屋内（風除室含む）,場所とる,"15,000","15,000",要確認,,,,,,,,,,,,
,郵便局,阿佐谷駅前郵便局12180,杉並区阿佐谷南3-35-8,長机1台程度,屋内（風除室含む）,場所とる,"15,000","15,000",要確認,,,,,,,,,,,,
,郵便局,渋谷富ケ谷一郵便局12190,渋谷区富ヶ谷1-9-17,長机1台程度,屋内（風除室含む）,場所とる,"15,000","15,000",要確認,,,,,,,,,,,,
,郵便局,恵比寿駅前郵便局12200,渋谷区恵比寿南1-2-11フォーシーズンビル1階,長机1台程度,屋内（風除室含む）,場所とる,"15,000","15,000",要確認,,,,,,,,,,,,
,郵便局,新宿諏訪町郵便局12210,新宿区高田馬場1-29-18,長机1台程度,屋内（風除室含む）,場所とる,"15,000","15,000",要確認,,,,,,,,,,,,
,郵便局,飛鳥山前郵便局12220,北区滝野川2-1-10,長机1台程度,屋内（風除室含む）,場所とる,"10,000","10,000",要確認,,,,,,,,,,,,
,郵便局,西池袋郵便局12240,豊島区西池袋3-22-13,長机1台程度,屋内（風除室含む）,場所とる,"15,000","15,000",要確認,,,,,,,,,,,,
,郵便局,大岡山駅前郵便局12250,大田区北千束3-26-12,長机1台程度,屋内（風除室含む）,場所とる,"15,000","15,000",要確認,,,,,,,,,,,,
,郵便局,田園調布駅前郵便局12260,大田区田園調布3-1-8,長机1台程度,屋内（風除室含む）,場所とる,"15,000","15,000",要確認,,,,,,,,,,,,
,郵便局,世田谷大原郵便局12270,世田谷区大原2-18-5,長机1台程度,屋内（風除室含む）,場所とる,"10,000","10,000",要確認,,,,,,,,,,,,
,郵便局,村山郵便局12290,武蔵村山市本町4-3-1,長机1台程度,屋内（風除室含む）,場所とる,"10,000","10,000",要確認,,,,,,,,,,,,
,郵便局,八王子南郵便局12300,八王子市みなみ野1-6-7,長机1台程度,屋内（風除室含む）,場所とる,"20,000","20,000",要確認,,,,,,,,,,,,
,郵便局,板橋四郵便局12320,板橋区板橋4-62-4,長机1台程度,屋内（風除室含む）,場所とる,"15,000","15,000",要確認,,,,,,,,,,,,
,郵便局,雑司が谷郵便局12330,豊島区雑司が谷2-7-14,長机1台程度,屋内（風除室含む）,場所とる,"15,000","15,000",要確認,,,,,,,,,,,,
,郵便局,世田谷池尻郵便局12340,世田谷区池尻3-28-5,長机1台程度,屋内（風除室含む）,場所とる,"15,000","15,000",要確認,,,,,,,,,,,,
,郵便局,渋谷本町二郵便局12350,渋谷区本町2-3-14,長机1台程度,屋内（風除室含む）,場所とる,"10,000","10,000",要確認,,,,,,,,,,,,
,郵便局,葛飾小菅郵便局12370,葛飾区小菅1-10-11,長机1台程度,屋内（風除室含む）,場所とる,"10,000","10,000",要確認,,,,,,,,,,,,
,郵便局,江戸川中葛西一郵便局12380,江戸川区中葛西1-49-14,長机1台程度,屋内（風除室含む）,場所とる,"10,000","10,000",要確認,,,,,,,,,,,,
,郵便局,国立郵便局12390,国立市富士見台2-43-4,長机1台程度,屋内（風除室含む）,場所とる,"20,000","20,000",要確認,,,,,,,,,,,,
,郵便局,大田南馬込一郵便局12430,大田区南馬込1-55-4,長机1台程度,屋内（風除室含む）,場所とる,"10,000","10,000",要確認,,,,,,,,,,,,
,郵便局,東蒲田二郵便局12440,大田区東蒲田2-6-10,長机1台程度,屋内（風除室含む）,場所とる,"10,000","10,000",要確認,,,,,,,,,,,,
,郵便局,六郷土手郵便局12470,大田区仲六郷4-31-8,長机1台程度,屋内（風除室含む）,場所とる,"10,000","10,000",要確認,,,,,,,,,,,,
,郵便局,品川中延三郵便局12480,品川区中延3-2-8,長机1台程度,屋内（風除室含む）,場所とる,"15,000","15,000",要確認,,,,,,,,,,,,
,郵便局,成城学園前郵便局12490,世田谷区成城6-16-30,長机1台程度,屋内（風除室含む）,場所とる,"15,000","15,000",要確認,,,,,,,,,,,,
,郵便局,赤坂郵便局12510,港区赤坂8-4-17,長机1台程度,屋内（風除室含む）,場所とる,"20,000","20,000",要確認,,,,,,,,,,,,
,郵便局,麹町郵便局12520,千代田区九段南4-5-9,長机1台程度,屋内（風除室含む）,場所とる,"30,000","30,000",要確認,,,,,,,,,,,,
,郵便局,小伝馬町郵便局12530,中央区日本橋小伝馬町10-10,長机1台程度,屋内（風除室含む）,場所とる,"15,000","15,000",要確認,,,,,,,,,,,,
,郵便局,新中野駅前郵便局12550,中野区中央5-6-2,長机1台程度,屋内（風除室含む）,場所とる,"15,000","15,000",要確認,,,,,,,,,,,,
,郵便局,目黒中町郵便局12590,目黒区中町2-48-33,長机1台程度,屋内（風除室含む）,場所とる,"15,000","15,000",要確認,,,,,,,,,,,,
,郵便局,足立宮元町郵便局12600,足立区千住宮元町19-3,長机1台程度,屋内（風除室含む）,場所とる,"10,000","10,000",要確認,,,,,,,,,,,,
,郵便局,立石郵便局12620,葛飾区立石8-7-10,長机1台程度,屋内（風除室含む）,場所とる,"10,000","10,000",要確認,,,,,,,,,,,,
,郵便局,高砂郵便局12630,葛飾区高砂5-27-6,長机1台程度,屋内（風除室含む）,場所とる,"10,000","10,000",要確認,,,,,,,,,,,,
,郵便局,板橋清水郵便局12640,板橋区清水町20-5,長机1台程度,屋内（風除室含む）,場所とる,"15,000","15,000",要確認,,,,,,,,,,,,
,郵便局,豊島南長崎郵便局12650,豊島区南長崎4-27-5,長机1台程度,屋内（風除室含む）,場所とる,"10,000","10,000",要確認,,,,,,,,,,,,
,郵便局,豊島長崎一郵便局12660,豊島区長崎1-16-16,長机1台程度,屋内（風除室含む）,場所とる,"10,000","10,000",要確認,,,,,,,,,,,,
,郵便局,世田谷北沢郵便局12690,世田谷区北沢2-40-8,長机1台程度,屋内（風除室含む）,場所とる,"15,000","15,000",要確認,,,,,,,,,,,,
,郵便局,大田南馬込二郵便局12710,大田区南馬込2-28-1,長机1台程度,屋内（風除室含む）,場所とる,"10,000","10,000",要確認,,,,,,,,,,,,
,郵便局,京橋通郵便局12720,中央区京橋3-6-3,長机1台程度,屋内（風除室含む）,場所とる,"20,000","20,000",要確認,,,,,,,,,,,,
,郵便局,中野沼袋郵便局12730,中野区沼袋3-26-12,長机1台程度,屋内（風除室含む）,場所とる,"10,000","10,000",要確認,,,,,,,,,,,,
,郵便局,大田東矢口三郵便局12740,大田区東矢口3-1-1,長机1台程度,屋内（風除室含む）,場所とる,"15,000","15,000",要確認,,,,,,,,,,,,
,郵便局,上野三郵便局12750,台東区上野3-21-5,長机1台程度,屋内（風除室含む）,場所とる,"15,000","15,000",要確認,,,,,,,,,,,,
,郵便局,十条仲原郵便局12780,北区十条仲原1-22-1,長机1台程度,屋内（風除室含む）,場所とる,"15,000","15,000",要確認,,,,,,,,,,,,
,郵便局,渋谷上原郵便局12800,渋谷区上原1-36-13,長机1台程度,屋内（風除室含む）,場所とる,"15,000","15,000",要確認,,,,,,,,,,,,
,郵便局,杉並和泉郵便局12810,杉並区和泉1-31-6,長机1台程度,屋内（風除室含む）,場所とる,"10,000","10,000",要確認,,,,,,,,,,,,
,郵便局,世田谷上馬郵便局12820,世田谷区上馬4-2-5,長机1台程度,屋内（風除室含む）,場所とる,"15,000","15,000",要確認,,,,,,,,,,,,
,郵便局,世田谷用賀郵便局12840,世田谷区用賀3-18-8,長机1台程度,屋内（風除室含む）,場所とる,"10,000","10,000",要確認,,,,,,,,,,,,
,郵便局,大田南久が原郵便局12850,大田区南久が原2-16-16,長机1台程度,屋内（風除室含む）,場所とる,"10,000","10,000",要確認,,,,,,,,,,,,
,郵便局,中央勝どき郵便局12860,中央区勝どき1-7-1勝どきサンスクェア2階2階,長机1台程度,屋内（風除室含む）,場所とる,"10,000","10,000",要確認,,,,,,,,,,,,
,郵便局,足立梅田郵便局12870,足立区梅田6-32-1,長机1台程度,屋内（風除室含む）,場所とる,"15,000","15,000",要確認,,,,,,,,,,,,
,郵便局,赤羽西二郵便局12890,北区赤羽西2-2-5,長机1台程度,屋内（風除室含む）,場所とる,"10,000","10,000",要確認,,,,,,,,,,,,
,郵便局,千歳烏山郵便局12900,世田谷区南烏山6-29-8,長机1台程度,屋内（風除室含む）,場所とる,"15,000","15,000",要確認,,,,,,,,,,,,
,郵便局,東久留米中央町郵便局12910,東久留米市中央町5-9-24,長机1台程度,屋内（風除室含む）,場所とる,"10,000","10,000",要確認,,,,,,,,,,,,
,郵便局,昭和郵便局12920,昭島市宮沢町2-33-7,長机1台程度,屋内（風除室含む）,場所とる,"10,000","10,000",要確認,,,,,,,,,,,,
,郵便局,稲城長沼郵便局12930,稲城市東長沼450,長机1台程度,屋内（風除室含む）,場所とる,"10,000","10,000",要確認,,,,,,,,,,,,
,郵便局,狛江駅前郵便局12940,狛江市東和泉1-16-1,長机1台程度,屋内（風除室含む）,場所とる,"15,000","15,000",要確認,,,,,,,,,,,,
,郵便局,練馬旭丘郵便局12950,練馬区旭丘1-76-3,長机1台程度,屋内（風除室含む）,場所とる,"15,000","15,000",要確認,,,,,,,,,,,,
,郵便局,荒川南千住郵便局12960,荒川区南千住6-1-8,長机1台程度,屋内（風除室含む）,場所とる,"15,000","15,000",要確認,,,,,,,,,,,,
,郵便局,小川町郵便局12980,千代田区神田小川町3-22,長机1台程度,屋内（風除室含む）,場所とる,"10,000","10,000",要確認,,,,,,,,,,,,
,郵便局,大崎郵便局12990,品川区西五反田2-32-7,長机1台程度,屋内（風除室含む）,場所とる,"20,000","20,000",要確認,,,,,,,,,,,,
,郵便局,目黒鷹番郵便局13010,目黒区碑文谷6-1-20,長机1台程度,屋内（風除室含む）,場所とる,"15,000","15,000",要確認,,,,,,,,,,,,
,郵便局,世田谷梅丘郵便局13020,世田谷区梅丘3-14-16,長机1台程度,屋内（風除室含む）,場所とる,"10,000","10,000",要確認,,,,,,,,,,,,
,郵便局,中野弥生郵便局13030,中野区弥生町1-19-8,長机1台程度,屋内（風除室含む）,場所とる,"10,000","10,000",要確認,,,,,,,,,,,,
,郵便局,目黒大橋郵便局13050,目黒区大橋1-10-1103,長机1台程度,屋内（風除室含む）,場所とる,"15,000","15,000",要確認,,,,,,,,,,,,
,郵便局,江戸川今井郵便局13060,江戸川区江戸川3-50-15,長机1台程度,屋内（風除室含む）,場所とる,"10,000","10,000",要確認,,,,,,,,,,,,
,郵便局,上板橋郵便局13070,板橋区上板橋2-2-13,長机1台程度,屋内（風除室含む）,場所とる,"15,000","15,000",要確認,,,,,,,,,,,,
,郵便局,世田谷等々力郵便局13090,世田谷区等々力3-9-1,長机1台程度,屋内（風除室含む）,場所とる,"15,000","15,000",要確認,,,,,,,,,,,,
,郵便局,目黒自由が丘郵便局13100,目黒区自由が丘2-11-19,長机1台程度,屋内（風除室含む）,場所とる,"15,000","15,000",要確認,,,,,,,,,,,,
,郵便局,練馬東大泉三郵便局13110,練馬区東大泉3-19-14,長机1台程度,屋内（風除室含む）,場所とる,"15,000","10,000",要確認,,,,,,,,,,,,
,郵便局,三鷹駅前郵便局13120,三鷹市下連雀3-36-1,長机1台程度,屋内（風除室含む）,場所とる,"20,000","20,000",要確認,,,,,,,,,,,,
,郵便局,杉並郵便局13130,杉並区成田東4-38-14,長机1台程度,屋内（風除室含む）,場所とる,"20,000","20,000",要確認,,,,,,,,,,,,
,郵便局,荒川郵便局13140,荒川区荒川3-2-1,長机1台程度,屋内（風除室含む）,場所とる,"20,000","20,000",要確認,,,,,,,,,,,,
,郵便局,代々木郵便局13150,渋谷区西原1-42-2,長机1台程度,屋内（風除室含む）,場所とる,"20,000","20,000",要確認,,,,,,,,,,,,
,郵便局,葛飾郵便局13160,葛飾区四つ木2-28-1,長机1台程度,屋内（風除室含む）,場所とる,"20,000","20,000",要確認,,,,,,,,,,,,
,郵便局,渋谷広尾四郵便局13170,渋谷区広尾4-1-21,長机1台程度,屋内（風除室含む）,場所とる,"15,000","15,000",要確認,,,,,,,,,,,,
,郵便局,北志茂郵便局13210,北区志茂4-5-1,長机1台程度,屋内（風除室含む）,場所とる,"10,000","10,000",要確認,,,,,,,,,,,,
,郵便局,足立大川町郵便局13220,足立区千住大川町20-13,長机1台程度,屋内（風除室含む）,場所とる,"10,000","10,000",要確認,,,,,,,,,,,,
,郵便局,田園調布一郵便局13260,大田区田園調布1-47-7,長机1台程度,屋内（風除室含む）,場所とる,"10,000","10,000",要確認,,,,,,,,,,,,
,郵便局,杉並四面道郵便局13270,杉並区天沼3-12-4,長机1台程度,屋内（風除室含む）,場所とる,"15,000","15,000",要確認,,,,,,,,,,,,
,郵便局,代々木三郵便局13300,渋谷区代々木3-35-10,長机1台程度,屋内（風除室含む）,場所とる,"10,000","10,000",要確認,,,,,,,,,,,,
,郵便局,大和郵便局13320,東大和市奈良橋5-775,長机1台程度,屋内（風除室含む）,場所とる,"10,000","10,000",要確認,,,,,,,,,,,,
,郵便局,墨田白鬚郵便局13330,墨田区東向島4-9-4,長机1台程度,屋内（風除室含む）,場所とる,"10,000","10,000",要確認,,,,,,,,,,,,
,郵便局,大田東雪谷二郵便局13360,大田区東雪谷2-22-13,長机1台程度,屋内（風除室含む）,場所とる,"15,000","15,000",要確認,,,,,,,,,,,,
,郵便局,立川柴崎郵便局13400,立川市柴崎町3-14-4,長机1台程度,屋内（風除室含む）,場所とる,"15,000","15,000",要確認,,,,,,,,,,,,
,郵便局,大田中央七郵便局13430,大田区中央7-4-3,長机1台程度,屋内（風除室含む）,場所とる,"10,000","10,000",要確認,,,,,,,,,,,,
,郵便局,大田山王郵便局13440,大田区山王2-5-7,長机1台程度,屋内（風除室含む）,場所とる,"15,000","15,000",要確認,,,,,,,,,,,,
,郵便局,世田谷淡島郵便局13450,世田谷区池尻4-38-13,長机1台程度,屋内（風除室含む）,場所とる,"10,000","10,000",要確認,,,,,,,,,,,,
,郵便局,豪徳寺駅前郵便局13480,世田谷区豪徳寺1-38-6,長机1台程度,屋内（風除室含む）,場所とる,"15,000","15,000",要確認,,,,,,,,,,,,
,郵便局,渋谷代官山郵便局13490,渋谷区猿楽町23-3,長机1台程度,屋内（風除室含む）,場所とる,"15,000","15,000",要確認,,,,,,,,,,,,
,郵便局,足立保木間四郵便局13510,足立区保木間4-1-17,長机1台程度,屋内（風除室含む）,場所とる,"10,000","10,000",要確認,,,,,,,,,,,,
,郵便局,足立谷中郵便局13520,足立区谷中2-5-1,長机1台程度,屋内（風除室含む）,場所とる,"15,000","15,000",要確認,,,,,,,,,,,,
,郵便局,府中浅間郵便局13530,府中市浅間町2-12-2,長机1台程度,屋内（風除室含む）,場所とる,"10,000","10,000",要確認,,,,,,,,,,,,
,郵便局,江東新砂郵便局13540,江東区新砂2-4-23,長机1台程度,屋内（風除室含む）,場所とる,"10,000","10,000",要確認,,,,,,,,,,,,
,郵便局,板橋高島平七郵便局13550,板橋区高島平7-27-1,長机1台程度,屋内（風除室含む）,場所とる,"10,000","10,000",要確認,,,,,,,,,,,,
,郵便局,府中片町郵便局13560,府中市片町1-19-7,長机1台程度,屋内（風除室含む）,場所とる,"10,000","10,000",要確認,,,,,,,,,,,,
,郵便局,府中分梅郵便局13570,府中市分梅町2-43-12,長机1台程度,屋内（風除室含む）,場所とる,"10,000","10,000",要確認,,,,,,,,,,,,
,郵便局,町田小山田桜台郵便局13580,町田市小山田桜台1-20-1,長机1台程度,屋内（風除室含む）,場所とる,"15,000","15,000",要確認,,,,,,,,,,,,
,郵便局,新秋津駅前郵便局13600,村山市秋津町5-36-2,長机1台程度,屋内（風除室含む）,場所とる,"10,000","10,000",要確認,,,,,,,,,,,,
,郵便局,国分寺内藤郵便局13610,国分寺市内藤2-9-1,長机1台程度,屋内（風除室含む）,場所とる,"10,000","10,000",要確認,,,,,,,,,,,,
,郵便局,八王子由木郵便局13620,八王子市下柚木2-7-9,長机1台程度,屋内（風除室含む）,場所とる,"10,000","10,000",要確認,,,,,,,,,,,,
,郵便局,大田市場内郵便局13630,大田区東海3-2-1,長机1台程度,屋内（風除室含む）,場所とる,"10,000","10,000",要確認,,,,,,,,,,,,
,郵便局,練馬旭町郵便局13640,練馬区旭町2-43-11,長机1台程度,屋内（風除室含む）,場所とる,"10,000","10,000",要確認,,,,,,,,,,,,
,郵便局,江戸川中央四郵便局13650,江戸川区中央4-4-19,長机1台程度,屋内（風除室含む）,場所とる,"10,000","10,000",要確認,,,,,,,,,,,,
,郵便局,東久留米小山郵便局13660,東久留米市小山5-2-26,長机1台程度,屋内（風除室含む）,場所とる,"10,000","10,000",要確認,,,,,,,,,,,,
,郵便局,京王高尾駅前郵便局13670,八王子市初沢町1231-16,長机1台程度,屋内（風除室含む）,場所とる,"10,000","10,000",要確認,,,,,,,,,,,,
,郵便局,稲城駅前郵便局13680,稲城市百村1612-1,長机1台程度,屋内（風除室含む）,場所とる,"10,000","10,000",要確認,,,,,,,,,,,,
,郵便局,調布国領五郵便局13690,調布市国領町5-4-4,長机1台程度,屋内（風除室含む）,場所とる,"10,000","10,000",要確認,,,,,,,,,,,,
,郵便局,三軒茶屋駅前郵便局13710,世田谷区太子堂4-22-5,長机1台程度,屋内（風除室含む）,場所とる,"20,000","20,000",要確認,,,,,,,,,,,,
,郵便局,大田中央八郵便局13720,大田区中央8-39-2,長机1台程度,屋内（風除室含む）,場所とる,"10,000","10,000",要確認,,,,,,,,,,,,
,郵便局,元八王子三郵便局13730,八王子市元八王子町3-2256,長机1台程度,屋内（風除室含む）,場所とる,"10,000","10,000",要確認,,,,,,,,,,,,
,郵便局,八王子弐分方郵便局13740,八王子市弐分方町4-15,長机1台程度,屋内（風除室含む）,場所とる,"10,000","10,000",要確認,,,,,,,,,,,,
,郵便局,立川幸四郵便局13750,立川市幸町4-56-9,長机1台程度,屋内（風除室含む）,場所とる,"10,000","10,000",要確認,,,,,,,,,,,,
,郵便局,原町田六郵便局13760,町田市原町田6-17-1藤ビル,長机1台程度,屋内（風除室含む）,場所とる,"20,000","20,000",要確認,,,,,,,,,,,,
,郵便局,成瀬駅前郵便局13770,町田市南成瀬1-11-25,長机1台程度,屋内（風除室含む）,場所とる,"15,000","15,000",要確認,,,,,,,,,,,,
,郵便局,江戸川鹿骨二郵便局13800,江戸川区鹿骨2-45-1,長机1台程度,屋内（風除室含む）,場所とる,"10,000","10,000",要確認,,,,,,,,,,,,
,郵便局,八王子グリーンヒル寺田郵便局13810,八王子市寺田町432-101-102,長机1台程度,屋内（風除室含む）,場所とる,"10,000","10,000",要確認,,,,,,,,,,,,
,郵便局,一橋学園駅前郵便局13820,小平市学園西町2-28-29,長机1台程度,屋内（風除室含む）,場所とる,"10,000","10,000",要確認,,,,,,,,,,,,
,郵便局,品川御殿山郵便局13830,品川区北品川4-7-35,長机1台程度,屋内（風除室含む）,場所とる,"10,000","10,000",要確認,,,,,,,,,,,,
,郵便局,千代田一番町郵便局13840,千代田区一番町10-22,長机1台程度,屋内（風除室含む）,場所とる,"15,000","15,000",要確認,,,,,,,,,,,,
,郵便局,中里郵便局13850,北区中里2-1-5,長机1台程度,屋内（風除室含む）,場所とる,"15,000","15,000",要確認,,,,,,,,,,,,
,郵便局,瑞穂長岡郵便局13860,瑞穂町長岡4-1-4,長机1台程度,屋内（風除室含む）,場所とる,"10,000","10,000",要確認,,,,,,,,,,,,
,郵便局,八王子片倉台郵便局13870,八王子市片倉町1101-61,長机1台程度,屋内（風除室含む）,場所とる,"10,000","10,000",要確認,,,,,,,,,,,,
,郵便局,田無芝久保二郵便局13890,西東京市芝久保町2-14-33,長机1台程度,屋内（風除室含む）,場所とる,"10,000","10,000",要確認,,,,,,,,,,,,
,郵便局,練馬春日二郵便局13900,練馬区春日町2-7-31,長机1台程度,屋内（風除室含む）,場所とる,"10,000","10,000",要確認,,,,,,,,,,,,
,郵便局,足立舎人郵便局13910,足立区舎人5-17-4,長机1台程度,屋内（風除室含む）,場所とる,"15,000","15,000",要確認,,,,,,,,,,,,
,郵便局,江戸川篠崎七郵便局13920,江戸川篠崎七郵便局13920,長机1台程度,屋内（風除室含む）,場所とる,"15,000","15,000",要確認,,,,,,,,,,,,
,郵便局,豊島区役所前郵便局13930,豊島区南池袋2-30-17,長机1台程度,屋内（風除室含む）,場所とる,"15,000","15,000",要確認,,,,,,,,,,,,
,郵便局,江東区文化センター内郵便局13940,江東区東陽4-11-1,長机1台程度,屋内（風除室含む）,場所とる,"15,000","15,000",要確認,,,,,,,,,,,,
,郵便局,葛西郵便局13950,江戸川区中葛西1-3-1,長机1台程度,屋内（風除室含む）,場所とる,"20,000","20,000",要確認,,,,,,,,,,,,
,郵便局,聖蹟桜ケ丘郵便局13960,多摩市東寺方1-2-13,長机1台程度,屋内（風除室含む）,場所とる,"15,000","15,000",要確認,,,,,,,,,,,,
,郵便局,足立六木郵便局13980,足立区六木4-7-30,長机1台程度,屋内（風除室含む）,場所とる,"10,000","10,000",要確認,,,,,,,,,,,,
,郵便局,葛飾白鳥郵便局13990,葛飾区白鳥3-22-9,長机1台程度,屋内（風除室含む）,場所とる,"10,000","10,000",要確認,,,,,,,,,,,,
,郵便局,練馬小竹郵便局14000,練馬区小竹町2-42-4,長机1台程度,屋内（風除室含む）,場所とる,"10,000","10,000",要確認,,,,,,,,,,,,
,郵便局,青梅新町郵便局14010,青梅市新町2-22-6,長机1台程度,屋内（風除室含む）,場所とる,"15,000","15,000",要確認,,,,,,,,,,,,
,郵便局,町田金森東郵便局14020,町田市金森東4-35-15,長机1台程度,屋内（風除室含む）,場所とる,"10,000","10,000",要確認,,,,,,,,,,,,
,郵便局,練馬光が丘団地内郵便局14030,練馬区光が丘5-5-6,長机1台程度,屋内（風除室含む）,場所とる,"10,000","10,000",要確認,,,,,,,,,,,,
,郵便局,品川八潮郵便局14050,品川区八潮5-5-7,長机1台程度,屋内（風除室含む）,場所とる,"15,000","15,000",要確認,,,,,,,,,,,,
,郵便局,八王子南大沢郵便局14060,八王子市南大沢3-9,長机1台程度,屋内（風除室含む）,場所とる,"10,000","10,000",要確認,,,,,,,,,,,,
,郵便局,巣鴨郵便局14070,豊島区巣鴨4-26-1,長机1台程度,屋内（風除室含む）,場所とる,"15,000","15,000",要確認,,,,,,,,,,,,
,郵便局,東久留米前沢郵便局14080,東久留米市前沢3-7-9,長机1台程度,屋内（風除室含む）,場所とる,"10,000","10,000",要確認,,,,,,,,,,,,
,郵便局,世田谷成城二郵便局14090,世田谷区成城2-15-23,長机1台程度,屋内（風除室含む）,場所とる,"10,000","10,000",要確認,,,,,,,,,,,,
,郵便局,八王子川口東郵便局14100,八王子市川口町3737-1,長机1台程度,屋内（風除室含む）,場所とる,"10,000","10,000",要確認,,,,,,,,,,,,
,郵便局,葛飾水元五郵便局14110,葛飾区水元5-1-9,長机1台程度,屋内（風除室含む）,場所とる,"10,000","10,000",要確認,,,,,,,,,,,,
,郵便局,IBM箱崎ビル内郵便局14120,中央区日本橋箱崎町19-21,長机1台程度,屋内（風除室含む）,場所とる,"10,000","10,000",要確認,,,,,,,,,,,,
,郵便局,東芝ビル内郵便局14140,港区芝浦1-1-1ブルーフロント芝浦S棟7階,長机1台程度,屋内（風除室含む）,場所とる,"10,000","10,000",要確認,,,,,,,,,,,,
,郵便局,多摩鶴牧郵便局14150,多摩市鶴牧5-2-6,長机1台程度,屋内（風除室含む）,場所とる,"10,000","10,000",要確認,,,,,,,,,,,,
,郵便局,品川鮫洲郵便局14160,品川区東大井1-6-9,長机1台程度,屋内（風除室含む）,場所とる,"10,000","10,000",要確認,,,,,,,,,,,,
,郵便局,世田谷給田郵便局14180,世田谷区給田3-28-5,長机1台程度,屋内（風除室含む）,場所とる,"10,000","10,000",要確認,,,,,,,,,,,,
,郵便局,清瀬中清戸郵便局14190,清瀬市中清戸5-83-278,長机1台程度,屋内（風除室含む）,場所とる,"10,000","10,000",要確認,,,,,,,,,,,,
,郵便局,小平上宿郵便局14210,小平市小川町1-625,長机1台程度,屋内（風除室含む）,場所とる,"10,000","10,000",要確認,,,,,,,,,,,,
,郵便局,日本橋南郵便局14230,中央区日本橋2-2-10,長机1台程度,屋内（風除室含む）,場所とる,"20,000","20,000",要確認,,,,,,,,,,,,
,郵便局,武蔵村山中原郵便局14240,武蔵村山市中原2-8-11,長机1台程度,屋内（風除室含む）,場所とる,"10,000","10,000",要確認,,,,,,,,,,,,
,郵便局,大森ベルポート郵便局14250,品川区南大井6-26-3,長机1台程度,屋内（風除室含む）,場所とる,"15,000","15,000",要確認,,,,,,,,,,,,
,郵便局,多摩聖ケ丘郵便局14270,多摩市聖ヶ丘2-20-4,長机1台程度,屋内（風除室含む）,場所とる,"10,000","10,000",要確認,,,,,,,,,,,,
,郵便局,多摩貝取北郵便局14280,多摩市貝取1-45-1105,長机1台程度,屋内（風除室含む）,場所とる,"10,000","10,000",要確認,,,,,,,,,,,,
,郵便局,青梅若草郵便局14290,青梅市河辺町8-12-28,長机1台程度,屋内（風除室含む）,場所とる,"10,000","10,000",要確認,,,,,,,,,,,,
,郵便局,恵比寿駅ビル内郵便局14310,渋谷区恵比寿南1-5-5アトレ6階,長机1台程度,屋内（風除室含む）,場所とる,"15,000","15,000",要確認,,,,,,,,,,,,
,郵便局,町田山崎北郵便局14330,町田市山崎町776-4,長机1台程度,屋内（風除室含む）,場所とる,"15,000","15,000",要確認,,,,,,,,,,,,
,郵便局,日野下田郵便局14340,日野市万願寺2-29-29,長机1台程度,屋内（風除室含む）,場所とる,"10,000","10,000",要確認,,,,,,,,,,,,
,郵便局,品川水神郵便局14350,品川区南大井6-12-6,長机1台程度,屋内（風除室含む）,場所とる,"15,000","15,000",要確認,,,,,,,,,,,,
,郵便局,武蔵野上向台郵便局14360,武蔵野市桜堤3-31-18,長机1台程度,屋内（風除室含む）,場所とる,"10,000","10,000",要確認,,,,,,,,,,,,
,郵便局,中央新川二郵便局14370,中央区新川2-15-11,長机1台程度,屋内（風除室含む）,場所とる,"15,000","15,000",要確認,,,,,,,,,,,,
,郵便局,東久留米学園町郵便局14380,東久留米市学園町2-1-24,長机1台程度,屋内（風除室含む）,場所とる,"10,000","10,000",要確認,,,,,,,,,,,,
,郵便局,神田駿河台郵便局14390,千代田区神田駿河台2-3-45,長机1台程度,屋内（風除室含む）,場所とる,"15,000","15,000",要確認,,,,,,,,,,,,
,郵便局,大泉郵便局14420,練馬区大泉学園町4-20-23,長机1台程度,屋内（風除室含む）,場所とる,"20,000","20,000",要確認,,,,,,,,,,,,
,郵便局,武蔵村山大南四郵便局14430,武蔵村山市大南4-61-5,長机1台程度,屋内（風除室含む）,場所とる,"10,000","10,000",要確認,,,,,,,,,,,,
,郵便局,稲城向陽台郵便局14440,稲城市向陽台3-7-3,長机1台程度,屋内（風除室含む）,場所とる,"15,000","15,000",要確認,,,,,,,,,,,,
,郵便局,東京オペラシティ郵便局14450,新宿区西新宿3-20-2,長机1台程度,屋内（風除室含む）,場所とる,"15,000","15,000",要確認,,,,,,,,,,,,
,郵便局,福生武蔵野台郵便局14460,福生市福生2126,長机1台程度,屋内（風除室含む）,場所とる,"10,000","10,000",要確認,,,,,,,,,,,,
,郵便局,世田谷岡本郵便局14470,世田谷区岡本1-30-7,長机1台程度,屋内（風除室含む）,場所とる,"10,000","10,000",要確認,,,,,,,,,,,,
,郵便局,柴崎駅前郵便局14480,調布市菊野台2-21-9,長机1台程度,屋内（風除室含む）,場所とる,"10,000","10,000",要確認,,,,,,,,,,,,
,郵便局,新宿三井ビル内郵便局14490,新宿区西新宿2-1-1,長机1台程度,屋内（風除室含む）,場所とる,"15,000","15,000",要確認,,,,,,,,,,,,
,郵便局,銀座通郵便局14500,中央区銀座2-7-18,長机1台程度,屋内（風除室含む）,場所とる,"15,000","15,000",要確認,,,,,,,,,,,,
,郵便局,葛西駅前郵便局14510,江戸川区中葛西3-29-19,長机1台程度,屋内（風除室含む）,場所とる,"15,000","15,000",要確認,,,,,,,,,,,,
,郵便局,下井草南郵便局14520,杉並区下井草1-25-13,長机1台程度,屋内（風除室含む）,場所とる,"10,000","10,000",要確認,,,,,,,,,,,,
,郵便局,上野黒門郵便局14530,台東区上野3-14-1,長机1台程度,屋内（風除室含む）,場所とる,"15,000","15,000",要確認,,,,,,,,,,,,
,郵便局,北八王子駅前郵便局14540,八王子市石川町2955-13,長机1台程度,屋内（風除室含む）,場所とる,"10,000","10,000",要確認,,,,,,,,,,,,
,郵便局,TFT内郵便局14560,江東区有明3-6-11,長机1台程度,屋内（風除室含む）,場所とる,"15,000","15,000",要確認,,,,,,,,,,,,
,郵便局,京王堀之内駅前郵便局14570,八王子市別所2-1,長机1台程度,屋内（風除室含む）,場所とる,"15,000","15,000",要確認,,,,,,,,,,,,
,郵便局,花畑西郵便局14580,足立区花畑4-28-3,長机1台程度,屋内（風除室含む）,場所とる,"10,000","10,000",要確認,,,,,,,,,,,,
,郵便局,調布仙川二郵便局14590,調布市仙川町2-18-21,長机1台程度,屋内（風除室含む）,場所とる,"10,000","10,000",要確認,,,,,,,,,,,,
,郵便局,小平上水本町郵便局14600,小平市上水本町1-31-9,長机1台程度,屋内（風除室含む）,場所とる,"10,000","10,000",要確認,,,,,,,,,,,,
,郵便局,平井駅前郵便局14610,江戸川区平井5-6-3,長机1台程度,屋内（風除室含む）,場所とる,"10,000","10,000",要確認,,,,,,,,,,,,
,郵便局,中神駅前郵便局14620,昭島市朝日町1-6-1,長机1台程度,屋内（風除室含む）,場所とる,"10,000","10,000",要確認,,,,,,,,,,,,
,郵便局,足立西新井栄町郵便局14640,足立区西新井栄町1-4-12,長机1台程度,屋内（風除室含む）,場所とる,"15,000","15,000",要確認,,,,,,,,,,,,
,郵便局,東小金井駅前郵便局14660,小金井市東町4-43-7,長机1台程度,屋内（風除室含む）,場所とる,"15,000","15,000",要確認,,,,,,,,,,,,
,郵便局,町田大戸郵便局14670,町田市相原町3160-4,長机1台程度,屋内（風除室含む）,場所とる,"10,000","10,000",要確認,,,,,,,,,,,,
,郵便局,東大島駅前郵便局14690,江東区大島9-4-1110,長机1台程度,屋内（風除室含む）,場所とる,"15,000","15,000",要確認,,,,,,,,,,,,
,郵便局,光が丘郵便局14700,練馬区光が丘2-9-7,長机1台程度,屋内（風除室含む）,場所とる,"20,000","20,000",要確認,,,,,,,,,,,,
,郵便局,赤坂通郵便局14720,港区赤坂2-6-24,長机1台程度,屋内（風除室含む）,場所とる,"15,000","15,000",要確認,,,,,,,,,,,,
,郵便局,調布市役所前郵便局14730,調布市小島町2-40-7,長机1台程度,屋内（風除室含む）,場所とる,"15,000","15,000",要確認,,,,,,,,,,,,
,郵便局,シーバンスN館内郵便局14740,港区芝浦1-2-1,長机1台程度,屋内（風除室含む）,場所とる,"15,000","15,000",要確認,,,,,,,,,,,,
,郵便局,テレコムセンター内郵便局14750,江東区青海2-5-10テレコムセンタービル,長机1台程度,屋内（風除室含む）,場所とる,"10,000","10,000",要確認,,,,,,,,,,,,
,郵便局,昭島郷地郵便局14770,昭島市郷地町2-36-10,長机1台程度,屋内（風除室含む）,場所とる,"10,000","10,000",要確認,,,,,,,,,,,,
,郵便局,千代田鍛冶町郵便局14780,千代田区鍛冶町2-11-22,長机1台程度,屋内（風除室含む）,場所とる,"15,000","15,000",要確認,,,,,,,,,,,,
,郵便局,西葛西駅前郵便局14810,江戸川区西葛西6-8-16,長机1台程度,屋内（風除室含む）,場所とる,"15,000","15,000",要確認,,,,,,,,,,,,
,郵便局,新宿花園郵便局14830,新宿区新宿1-27-1,長机1台程度,屋内（風除室含む）,場所とる,"15,000","15,000",要確認,,,,,,,,,,,,
,郵便局,六本木駅前郵便局14840,港区六本木6-7-10,長机1台程度,屋内（風除室含む）,場所とる,"15,000","15,000",要確認,,,,,,,,,,,,
,郵便局,武蔵野御殿山郵便局14850,武蔵野市御殿山1-1-3,長机1台程度,屋内（風除室含む）,場所とる,"15,000","15,000",要確認,,,,,,,,,,,,
,郵便局,武蔵村山郵便局14900,武蔵村山市学園3-24-1,長机1台程度,屋内（風除室含む）,場所とる,"20,000","20,000",要確認,,,,,,,,,,,,
,郵便局,八王子南大沢五郵便局14910,八王子市南大沢5-14-4,長机1台程度,屋内（風除室含む）,場所とる,"15,000","15,000",要確認,,,,,,,,,,,,
,郵便局,八王子市役所前郵便局14960,八王子市元本郷町3-17-2,長机1台程度,屋内（風除室含む）,場所とる,"15,000","15,000",要確認,,,,,,,,,,,,
,郵便局,昭島駅前郵便局14970,昭島市代官山2-3-2,長机1台程度,屋内（風除室含む）,場所とる,"15,000","15,000",要確認,,,,,,,,,,,,
,郵便局,板橋ハッピーロード郵便局14990,板橋区大山町3-3,長机1台程度,屋内（風除室含む）,場所とる,"15,000","15,000",要確認,,,,,,,,,,,,
,郵便局,江戸川臨海郵便局15010,江戸川区臨海町5-2-2,長机1台程度,屋内（風除室含む）,場所とる,"10,000","10,000",要確認,,,,,,,,,,,,
,郵便局,全特六本木ビル内郵便局15020,港区六本木1-7-27,長机1台程度,屋内（風除室含む）,場所とる,"15,000","15,000",要確認,,,,,,,,,,,,
,郵便局,江戸川区役所前郵便局15030,江戸川区中央1-3-13,長机1台程度,屋内（風除室含む）,場所とる,"15,000","15,000",要確認,,,,,,,,,,,,
,郵便局,羽村小作台郵便局15040,羽村市小作台5-5-1,長机1台程度,屋内（風除室含む）,場所とる,"10,000","10,000",要確認,,,,,,,,,,,,
,郵便局,八王子中野郵便局15050,八王子市中野町2545-21,長机1台程度,屋内（風除室含む）,場所とる,"10,000","10,000",要確認,,,,,,,,,,,,
,郵便局,池袋サンシャイン通郵便局15070,豊島区東池袋1-20-3MAKIビル2階,長机1台程度,屋内（風除室含む）,場所とる,"15,000","15,000",要確認,,,,,,,,,,,,
,郵便局,江東塩浜郵便局15080,江東区塩浜2-23-2,長机1台程度,屋内（風除室含む）,場所とる,"10,000","10,000",要確認,,,,,,,,,,,,
,郵便局,仲御徒町郵便局15090,台東区上野5-16-12,長机1台程度,屋内（風除室含む）,場所とる,"15,000","15,000",要確認,,,,,,,,,,,,
,郵便局,アトレ吉祥寺内郵便局15110,武蔵野市吉祥寺南町2-1-12,長机1台程度,屋内（風除室含む）,場所とる,"15,000","15,000",要確認,,,,,,,,,,,,
,郵便局,日本橋茅場町郵便局15120,中央区日本橋茅場町2-4-6,長机1台程度,屋内（風除室含む）,場所とる,"15,000","15,000",要確認,,,,,,,,,,,,
,郵便局,八王子川町郵便局15140,八王子市川町281-4,長机1台程度,屋内（風除室含む）,場所とる,"10,000","10,000",要確認,,,,,,,,,,,,
,郵便局,調布飛田給郵便局15150,調布市飛田給1-44-4,長机1台程度,屋内（風除室含む）,場所とる,"15,000","15,000",要確認,,,,,,,,,,,,
,郵便局,KDDI大手町ビル内郵便局15170,千代田区大手町1-8-1,長机1台程度,屋内（風除室含む）,場所とる,"15,000","15,000",要確認,,,,,,,,,,,,
,郵便局,国立旭通郵便局15180,国立市東1-15-33,長机1台程度,屋内（風除室含む）,場所とる,"10,000","10,000",要確認,,,,,,,,,,,,
,郵便局,世田谷野毛郵便局15190,世田谷区野毛1-5-13,長机1台程度,屋内（風除室含む）,場所とる,"10,000","10,000",要確認,,,,,,,,,,,,
,郵便局,銀座四郵便局15220,中央区銀座4-6-11,長机1台程度,屋内（風除室含む）,場所とる,"15,000","15,000",要確認,,,,,,,,,,,,
,郵便局,東京ミッドタウン郵便局15230,港区赤坂9-7-1東京ミッドタウン ミッドタウン・タワー3階,長机1台程度,屋内（風除室含む）,場所とる,"15,000","15,000",要確認,,,,,,,,,,,,
,郵便局,文京グリーンコート郵便局15240,文京区本駒込2-28-8,長机1台程度,屋内（風除室含む）,場所とる,"15,000","15,000",要確認,,,,,,,,,,,,
,郵便局,新宿駅南口郵便局15260,渋谷区代々木2-10-8,長机1台程度,屋内（風除室含む）,場所とる,"15,000","15,000",要確認,,,,,,,,,,,,
,郵便局,東日本橋三郵便局15270,中央区東日本橋3-4-10,長机1台程度,屋内（風除室含む）,場所とる,"15,000","15,000",要確認,,,,,,,,,,,,
,郵便局,多摩センター郵便局15280,多摩市愛宕4-17-11,長机1台程度,屋内（風除室含む）,場所とる,"10,000","10,000",要確認,,,,,,,,,,,,
,郵便局,新宿二郵便局15290,新宿区新宿2-11-2,長机1台程度,屋内（風除室含む）,場所とる,"15,000","15,000",要確認,,,,,,,,,,,,
,郵便局,八王子小比企郵便局15300,八王子市小比企町1774,長机1台程度,屋内（風除室含む）,場所とる,"10,000","10,000",要確認,,,,,,,,,,,,
,郵便局,千代田岩本町郵便局15310,千代田区岩本町2-11-9,長机1台程度,屋内（風除室含む）,場所とる,"15,000","15,000",要確認,,,,,,,,,,,,
,郵便局,足立谷中三郵便局15320,足立区谷中3-19-5,長机1台程度,屋内（風除室含む）,場所とる,"10,000","10,000",要確認,,,,,,,,,,,,
,郵便局,秋川渕上郵便局15330,あきる野市渕上192-5,長机1台程度,屋内（風除室含む）,場所とる,"10,000","10,000",要確認,,,,,,,,,,,,
,郵便局,中央人形町二郵便局15340,中央区日本橋人形町2-15-1,長机1台程度,屋内（風除室含む）,場所とる,"15,000","15,000",要確認,,,,,,,,,,,,
,郵便局,世田谷祖師谷四郵便局15350,世田谷区祖師谷4-23-21,長机1台程度,屋内（風除室含む）,場所とる,"15,000","15,000",要確認,,,,,,,,,,,,
,郵便局,高田馬場二郵便局15360,新宿区高田馬場2-14-26,長机1台程度,屋内（風除室含む）,場所とる,"15,000","15,000",要確認,,,,,,,,,,,,
,郵便局,立川西砂郵便局15370,立川市西砂町5-26-1,長机1台程度,屋内（風除室含む）,場所とる,"10,000","10,000",要確認,,,,,,,,,,,,
,郵便局,銀座並木通郵便局15380,中央区銀座3-2-103階,長机1台程度,屋内（風除室含む）,場所とる,"15,000","15,000",要確認,,,,,,,,,,,,
,郵便局,リバーシティ21郵便局15390,中央区佃2-2-6101,長机1台程度,屋内（風除室含む）,場所とる,"15,000","15,000",要確認,,,,,,,,,,,,
,郵便局,八王子宇津木台郵便局15400,八王子市久保山町2-43-6,長机1台程度,屋内（風除室含む）,場所とる,"10,000","10,000",要確認,,,,,,,,,,,,
,郵便局,三鷹北野郵便局15410,三鷹市北野3-13-19,長机1台程度,屋内（風除室含む）,場所とる,"10,000","10,000",要確認,,,,,,,,,,,,
,郵便局,小平上水南郵便局15420,小平市上水南町2-3-23,長机1台程度,屋内（風除室含む）,場所とる,"10,000","10,000",要確認,,,,,,,,,,,,
,郵便局,江戸川松江郵便局15440,江戸川区松江7-2-11,長机1台程度,屋内（風除室含む）,場所とる,"10,000","10,000",要確認,,,,,,,,,,,,
,郵便局,中央勝どき三郵便局15450,中央区勝どき3-13-1,長机1台程度,屋内（風除室含む）,場所とる,"10,000","10,000",要確認,,,,,,,,,,,,
,郵便局,台東一郵便局15460,台東区台東1-23-5,長机1台程度,屋内（風除室含む）,場所とる,"10,000","10,000",要確認,,,,,,,,,,,,
,郵便局,恵比寿ガーデンプレイス郵便局15470,渋谷区恵比寿4-20-3YGPタワー3階,長机1台程度,屋内（風除室含む）,場所とる,"15,000","15,000",要確認,,,,,,,,,,,,
,郵便局,八幡山駅前郵便局15480,世田谷区八幡山3-34-15,長机1台程度,屋内（風除室含む）,場所とる,"15,000","15,000",要確認,,,,,,,,,,,,
,郵便局,用賀駅前郵便局15490,世田谷区用賀4-10-1SBSタワー棟地下1階,長机1台程度,屋内（風除室含む）,場所とる,"15,000","15,000",要確認,,,,,,,,,,,,
,郵便局,新宿パークタワー内郵便局15500,新宿区西新宿3-7-1,長机1台程度,屋内（風除室含む）,場所とる,"15,000","15,000",要確認,,,,,,,,,,,,
,郵便局,赤坂一ツ木通郵便局15510,港区赤坂3-20-6,長机1台程度,屋内（風除室含む）,場所とる,"20,000","20,000",要確認,,,,,,,,,,,,
,郵便局,お台場海浜公園前郵便局15520,港区台場1-5-4-301トミンハイム台場五番街4号棟3階,長机1台程度,屋内（風除室含む）,場所とる,"10,000","10,000",要確認,,,,,,,,,,,,
,郵便局,渋谷三郵便局15550,渋谷区渋谷3-27-15,長机1台程度,屋内（風除室含む）,場所とる,"15,000","15,000",要確認,,,,,,,,,,,,
,郵便局,芝公園郵便局15560,港区芝公園1-8-12,長机1台程度,屋内（風除室含む）,場所とる,"15,000","15,000",要確認,,,,,,,,,,,,
,郵便局,日本橋室町郵便局15570,中央区日本橋室町1-12-13日本橋鮒佐ビル1階,長机1台程度,屋内（風除室含む）,場所とる,"15,000","15,000",要確認,,,,,,,,,,,,
,郵便局,新日本橋駅前郵便局15580,中央区日本橋本町3-3-4,長机1台程度,屋内（風除室含む）,場所とる,"15,000","15,000",要確認,,,,,,,,,,,,
,郵便局,聖路加ガーデン内郵便局15590,中央区明石町8-1,長机1台程度,屋内（風除室含む）,場所とる,"15,000","15,000",要確認,,,,,,,,,,,,
,郵便局,青梅河辺郵便局15600,青梅市河辺町5-17-23,長机1台程度,屋内（風除室含む）,場所とる,"10,000","10,000",要確認,,,,,,,,,,,,
,郵便局,国立北郵便局15610,国立市北3-24-2,長机1台程度,屋内（風除室含む）,場所とる,"10,000","10,000",要確認,,,,,,,,,,,,
,郵便局,町田三輪郵便局15630,町田市三輪緑山1-5-1,長机1台程度,屋内（風除室含む）,場所とる,"10,000","10,000",要確認,,,,,,,,,,,,
,郵便局,江東潮見郵便局15640,江東区潮見1-2-1,長机1台程度,屋内（風除室含む）,場所とる,"15,000","15,000",要確認,,,,,,,,,,,,
,郵便局,ファーレ立川郵便局15660,立川市曙町2-34-7,長机1台程度,屋内（風除室含む）,場所とる,"15,000","15,000",要確認,,,,,,,,,,,,
,郵便局,西日暮里駅前郵便局15670,荒川区西日暮里5-11-8,長机1台程度,屋内（風除室含む）,場所とる,"15,000","15,000",要確認,,,,,,,,,,,,
,郵便局,板橋東新町郵便局15680,板橋区東新町2-56-2,長机1台程度,屋内（風除室含む）,場所とる,"10,000","10,000",要確認,,,,,,,,,,,,
,郵便局,五日市伊奈郵便局15690,あきる野市伊奈466-5,長机1台程度,屋内（風除室含む）,場所とる,"10,000","10,000",要確認,,,,,,,,,,,,
,郵便局,足立六町郵便局15700,足立区六町4-2-27,長机1台程度,屋内（風除室含む）,場所とる,"15,000","15,000",要確認,,,,,,,,,,,,
,郵便局,大塚・帝京大学駅前郵便局15710,八王子市大塚9-1,長机1台程度,屋内（風除室含む）,場所とる,"15,000","15,000",要確認,,,,,,,,,,,,
,郵便局,府中若松町郵便局15720,府中市若松町4-37-49,長机1台程度,屋内（風除室含む）,場所とる,"10,000","10,000",要確認,,,,,,,,,,,,
,郵便局,新宿アイランド郵便局15740,新宿区西新宿6-5-1,長机1台程度,屋内（風除室含む）,場所とる,"15,000","15,000",要確認,,,,,,,,,,,,
,郵便局,府中日鋼町郵便局15750,府中市日鋼町1-1ヒューリック府中タワー,長机1台程度,屋内（風除室含む）,場所とる,"10,000","10,000",要確認,,,,,,,,,,,,
,郵便局,府中西府町郵便局15760,府中市西府町3-13-1,長机1台程度,屋内（風除室含む）,場所とる,"10,000","10,000",要確認,,,,,,,,,,,,
,郵便局,大田中馬込郵便局15770,大田区中馬込1-14-17,長机1台程度,屋内（風除室含む）,場所とる,"10,000","10,000",要確認,,,,,,,,,,,,
,郵便局,東大和新堀郵便局15780,東大和市新堀3-11-13,長机1台程度,屋内（風除室含む）,場所とる,"10,000","10,000",要確認,,,,,,,,,,,,
,郵便局,新宿下落合四郵便局15800,新宿区下落合4-26-6,長机1台程度,屋内（風除室含む）,場所とる,"15,000","15,000",要確認,,,,,,,,,,,,
,郵便局,落合郵便局15810,中野区東中野4-27-21,長机1台程度,屋内（風除室含む）,場所とる,"20,000","20,000",要確認,,,,,,,,,,,,
,郵便局,中野坂上郵便局15820,中野区本町1-32-2,長机1台程度,屋内（風除室含む）,場所とる,"15,000","15,000",要確認,,,,,,,,,,,,
,郵便局,錦糸町駅前郵便局15830,墨田区錦糸3-2-1アルカイースト3階,長机1台程度,屋内（風除室含む）,場所とる,"15,000","15,000",要確認,,,,,,,,,,,,
,郵便局,板橋西台駅前郵便局15840,板橋区高島平9-3-14,長机1台程度,屋内（風除室含む）,場所とる,"15,000","15,000",要確認,,,,,,,,,,,,
,郵便局,国立駅北口郵便局15850,国分寺市光町1-41-6,長机1台程度,屋内（風除室含む）,場所とる,"15,000","15,000",要確認,,,,,,,,,,,,
,郵便局,港竹芝郵便局15860,港区海岸1-16-1,長机1台程度,屋内（風除室含む）,場所とる,"10,000","10,000",要確認,,,,,,,,,,,,
,郵便局,新宿改代町郵便局15870,新宿区改代町3-2,長机1台程度,屋内（風除室含む）,場所とる,"15,000","15,000",要確認,,,,,,,,,,,,
,郵便局,銀座七郵便局15880,中央区銀座7-15-5,長机1台程度,屋内（風除室含む）,場所とる,"15,000","15,000",要確認,,,,,,,,,,,,
,郵便局,唐木田駅前郵便局15890,多摩市唐木田1-1-22,長机1台程度,屋内（風除室含む）,場所とる,"10,000","10,000",要確認,,,,,,,,,,,,
,郵便局,八王子丹木郵便局15900,八王子市丹木町3-107-1,長机1台程度,屋内（風除室含む）,場所とる,"10,000","10,000",要確認,,,,,,,,,,,,
,郵便局,府中三郵便局15910,府中市府中町3-5-24,長机1台程度,屋内（風除室含む）,場所とる,"10,000","10,000",要確認,,,,,,,,,,,,
,郵便局,国分寺本町郵便局15920,国分寺市本町4-7-3,長机1台程度,屋内（風除室含む）,場所とる,"15,000","15,000",要確認,,,,,,,,,,,,
,郵便局,品川インターシティ郵便局15930,港区港南2-15-2品川インターシティB棟1階,長机1台程度,屋内（風除室含む）,場所とる,"15,000","15,000",要確認,,,,,,,,,,,,
,郵便局,ゲートシティ大崎郵便局15940,品川区大崎1-11-1,長机1台程度,屋内（風除室含む）,場所とる,"15,000","15,000",要確認,,,,,,,,,,,,
,郵便局,アロマスクエア郵便局15950,大田区蒲田5-37-1アロマスクエア,長机1台程度,屋内（風除室含む）,場所とる,"15,000","15,000",要確認,,,,,,,,,,,,
,郵便局,幡ヶ谷南郵便局15960,渋谷区幡ヶ谷1-32-3,長机1台程度,屋内（風除室含む）,場所とる,"15,000","15,000",要確認,,,,,,,,,,,,
,郵便局,銀座一郵便局15980,中央区銀座1-20-14,長机1台程度,屋内（風除室含む）,場所とる,"15,000","15,000",要確認,,,,,,,,,,,,
,郵便局,南大沢駅前郵便局15990,八王子市南大沢2-23,長机1台程度,屋内（風除室含む）,場所とる,"15,000","15,000",要確認,,,,,,,,,,,,
,郵便局,あきる野小川郵便局16030,あきる野市小川東2-11-14,長机1台程度,屋内（風除室含む）,場所とる,"10,000","10,000",要確認,,,,,,,,,,,,
,郵便局,小平回田町郵便局16040,小平市回田町278-25,長机1台程度,屋内（風除室含む）,場所とる,"10,000","10,000",要確認,,,,,,,,,,,,
,郵便局,稲城押立郵便局16050,稲城市東長沼384-2,長机1台程度,屋内（風除室含む）,場所とる,"10,000","10,000",要確認,,,,,,,,,,,,
,郵便局,武蔵五日市駅前郵便局16060,"あきる野市舘谷台25-1",長机1台程度,屋内（風除室含む）,場所とる,"10,000","10,000",要確認,,,,,,,,,,,,
,郵便局,中央大学内郵便局16120,八王子市東中野742-1,長机1台程度,屋内（風除室含む）,場所とる,"10,000","10,000",要確認,,,,,,,,,,,,
,郵便局,汐留シティセンター郵便局16130,港区東新橋1-5-2汐留シティセンタービル地下2階,長机1台程度,屋内（風除室含む）,場所とる,"15,000","15,000",要確認,,,,,,,,,,,,
,郵便局,稲城若葉台郵便局16140,稲城市若葉台2-4-3,長机1台程度,屋内（風除室含む）,場所とる,"15,000","15,000",要確認,,,,,,,,,,,,
,郵便局,神津島郵便局17790,神津島村1114,長机1台程度,屋内（風除室含む）,場所とる,"10,000","10,000",要確認,,,,,,,,,,,,
,郵便局,小笠原郵便局17940,小笠原村父島西町,長机1台程度,屋内（風除室含む）,場所とる,"10,000","10,000",要確認,,,,,,,,,,,,
,郵便局,本社19000,千代田区大手町2-3-1,長机1台程度,屋内（風除室含む）,場所とる,"10,000","10,000",要確認,,,,,,,,,,,,
,郵便局,SOCOLA若葉台郵便局130010,稲城市坂浜4-25-1SOCOLA若葉台2階,長机1台程度,屋内（風除室含む）,場所とる,"10,000","10,000",要確認,,,,,,,,,,,,
,郵便局,晴海西郵便局130040,中央区晴海5-5-5,長机1台程度,屋内（風除室含む）,場所とる,"10,000","10,000",要確認,,,,,,,,,,,,