埼玉,,,,,場所とる,"21,000","21,000",,,,,,,,,,,,,
,施設名,実施場所名,施設住所,広さ,屋内・屋外,発注先,金額（平日）,金額（土日祝日）,通信催事可否,机貸出,椅子貸出,電源貸出,注意事項,AGでの手配実績,過去実施時代理店、店舗,AGでの過去実績（PIのみ 期間すべて）,過去トラブルなど,場所（Google Map）,その他備考,区画写真
,イトーヨーカドー,イトーヨーカドー浦和①　1階クリーニング屋側,さいたま市浦和区仲町1-7-1,約1.5坪,屋内（風除室含む）,場所取る,"35,000","55,000",要確認,無,無,要確認,買取催事不可,,,,,,, 
,イトーヨーカドー,イトーヨーカドー浦和②　1階サンドラッグ前,さいたま市浦和区仲町1-7-1,約4坪,屋内（風除室含む）,グラスト,"40,000","70,000",要確認,無,無,有,買取催事不可,,,,,,,
,イトーヨーカドー,イトーヨーカドー浦和③　1階休憩室,さいたま市浦和区仲町1-7-1,約3坪,屋内（風除室含む）,場所取る,"25,000","45,000",要確認,無,無,有,買取催事不可,,,,,,,
,イトーヨーカドー,イトーヨーカドー浦和④　1階クリーニング屋側(屋外),さいたま市浦和区仲町1-7-1,約3坪,屋外,場所取る,"25,000","45,000",要確認,無,無,有,買取催事不可,,,,,,,
,イトーヨーカドー,イトーヨーカドー久喜①　１階正面入口,久喜市久喜中央4-9-11,約15坪,屋内（風除室含む）,グラスト,"40,000","70,000",要確認,無,無,有,買取催事不可,,,,,,,
,イトーヨーカドー,イトーヨーカドー久喜②　2階化粧品前,久喜市久喜中央4-9-11,約15坪,屋内（風除室含む）,場所取る,"20,000","40,000",要確認,無,無,有,買取催事不可,,,,,,,
,イトーヨーカドー,イトーヨーカドー久喜③　3階エスカレーター前,久喜市久喜中央4-9-11,約15坪,屋内（風除室含む）,グラスト,"30,000","60,000",要確認,無,無,有,買取催事不可,,,,,,,
,イトーヨーカドー,イトーヨーカドー久喜④　4階エスカレーター前,久喜市久喜中央4-9-11,約15坪,屋内（風除室含む）,グラスト,"30,000","60,000",要確認,無,無,有,買取催事不可,,,,,,,
,イトーヨーカドー,イトーヨーカドー久喜⑤　１階エントランス,久喜市久喜中央4-9-11,66㎡程度,屋内（風除室含む）,場所取る,"55,000","85,000",要確認,,,,,,,,,,,
,イトーヨーカドー,イトーヨーカドー久喜⑥　１階麦の家跡地,久喜市久喜中央4-9-11,36㎡程度,屋内（風除室含む）,場所取る,"55,000","85,000",要確認,,,,,,,,,,,
,イトーヨーカドー,イトーヨーカドー久喜⑦　4階ノジマ前スペース,久喜市久喜中央4-9-11,50㎡程度,屋内（風除室含む）,場所取る,"20,000","25,000",要確認,,,,,,,,,,,
,イトーヨーカドー,イトーヨーカドー久喜⑧　4階ハシモトメガネ前スペース,久喜市久喜中央4-9-11,66㎡程度,屋内（風除室含む）,場所取る,"20,000","25,000",要確認,,,,,,,,,,,
,イトーヨーカドー,イトーヨーカドー久喜⑨　1階立駐側入口屋外,久喜市久喜中央4-9-11,7㎡程度,屋外,場所取る,"35,000","55,000",要確認,,,,,,,,,,,
,イトーヨーカドー,イトーヨーカドー食品館埼玉大井①　1階ﾋﾞﾊﾞﾎｰﾑ側入口横,ふじみ野市西鶴ヶ岡1-3-15,約3坪,屋内（風除室含む）,場所取る,"25,000","45,000",要確認,無,無,有,買取催事不可,,,,,,,
,イトーヨーカドー,イトーヨーカドー食品館埼玉大井②　1階中央正面入口横,ふじみ野市西鶴ヶ岡1-3-15,約3坪,屋内（風除室含む）,場所取る,"30,000","60,000",実施不可,無,無,有,買取催事不可,,,,,,,
,イトーヨーカドー,イトーヨーカドー草加①　1階正面入口,草加市高砂2-7-1,5坪未満,屋内（風除室含む）,グラスト,"30,000","50,000",要確認,無,無,有,都度確認,,,,,,,
,イトーヨーカドー,イトーヨーカドー草加②　1階入り口柱横,草加市高砂2-7-1,5坪未満,屋内（風除室含む）,グラスト,"30,000","50,000",要確認,無,無,有,都度確認,,,,,,,
,イトーヨーカドー,イトーヨーカドー三郷①　1階ﾐｽﾀｰﾄﾞｰﾅﾂ前,三郷市ピアラシティ一丁目1番地1,約5坪,屋内（風除室含む）,グラスト,"40,000","70,000",要確認,無,無,要確認,買取・保険・カルチャー催事不可,,,,,,,
,イトーヨーカドー,イトーヨーカドー三郷②　1階専門店側下りエスカレーター前,三郷市ピアラシティ一丁目1番地1,約30坪,屋内（風除室含む）,場所取る,"45,000","75,000",要確認,無,無,要確認,買取・保険・カルチャー催事不可,,,,,,,
,イトーヨーカドー,イトーヨーカドー三郷③　1階フードコート横,三郷市ピアラシティ一丁目1番地1,17㎡,屋内（風除室含む）,場所取る,"45,000","65,000",要確認,無,無,要確認,買取・保険・カルチャー催事不可,,,,,,,
,イトーヨーカドー,イトーヨーカドー三郷④　1階マリオンクレープ横,三郷市ピアラシティ一丁目1番地1,長机2台程度,屋内（風除室含む）,場所取る,"105,000","155,000",要確認,無,無,要確認,買取・保険・カルチャー催事不可,,,,,,,
,イトーヨーカドー,イトーヨーカドー三郷⑤　1階外環側エスカレータ前,三郷市ピアラシティ一丁目1番地1,長机2台程度,屋内（風除室含む）,場所取る,"35,000","55,000",要確認,無,無,要確認,買取・保険・カルチャー催事不可,,,,,,,
,イトーヨーカドー,イトーヨーカドー三郷⑥　1階専門店側下りエスカレータ前,三郷市ピアラシティ一丁目1番地1,99㎡,屋内（風除室含む）,場所取る,"45,000","75,000",要確認,無,無,要確認,買取・保険・カルチャー催事不可,,,,,,,
,イトーヨーカドー,イトーヨーカドー三郷⑦　1階専門店側下りエスカレータ横,三郷市ピアラシティ一丁目1番地1,長机2台程度,屋内（風除室含む）,場所取る,"35,000","55,000",要確認,無,無,要確認,買取・保険・カルチャー催事不可,,,,,,,
,イトーヨーカドー,イトーヨーカドー三郷⑧　食品売り場側下りエスカレータ前,三郷市ピアラシティ一丁目1番地1,長机2台程度,屋内（風除室含む）,場所取る,"105,000","155,000",要確認,無,無,要確認,買取・保険・カルチャー催事不可,,,,,,,
,イトーヨーカドー,イトーヨーカドー三郷⑨　スーパービバホーム側入口外側側面,三郷市ピアラシティ一丁目1番地1,長机2台程度,屋外,場所取る,"20,000","35,000",要確認,無,無,要確認,買取・保険・カルチャー催事不可,,,,,,,
,イトーヨーカドー,イトーヨーカドー三郷⑩　スーパービバホーム側入口外側右側,三郷市ピアラシティ一丁目1番地1,長机2台程度,屋外,場所取る,"20,000","35,000",要確認,無,無,要確認,買取・保険・カルチャー催事不可,,,,,,,
,イトーヨーカドー,イトーヨーカドー三郷⑪　スーパービバホーム側入口外側左側,三郷市ピアラシティ一丁目1番地1,長机2台程度,屋外,場所取る,"20,000","35,000",要確認,無,無,要確認,買取・保険・カルチャー催事不可,,,,,,,
,イトーヨーカドー,イトーヨーカドー三郷⑫　スーパービバホーム側入口外側駐車場側,三郷市ピアラシティ一丁目1番地1,長机2～3台程度,屋外,場所取る,"20,000","35,000",要確認,無,無,要確認,買取・保険・カルチャー催事不可,,,,,,,
,イトーヨーカドー,イトーヨーカドー三郷⑬　1階中央入口外側,三郷市ピアラシティ一丁目1番地1,長机2台程度,屋外,場所取る,"20,000","35,000",要確認,無,無,要確認,買取・保険・カルチャー催事不可,,,,,,,
,イトーヨーカドー,イトーヨーカドー新田①　1階駅側入口横,草加市旭町6丁目15-30,長机2-3台程度,屋内（風除室含む）,場所取る,"25,000","25,000",要確認,,,,【8.15.18.25.28日は土日祝料金】【3月.5月.8月.12月は賃料増額】,,,,,,,
,イトーヨーカドー,イトーヨーカドー新田②　1階駅側入口正面,草加市旭町6丁目15-30,長机1-2台程度,屋内（風除室含む）,場所取る,"25,000","25,000",要確認,,,,,,,,,,,
,イトーヨーカドー,イトーヨーカドー新田③　1階駅方面口,草加市旭町6丁目15-30,長机1-2台程度,屋外,場所取る,"25,000","25,000",要確認,,,,,,,,,,,
,イトーヨーカドー,イトーヨーカドー新田④　1階駐車場方面口,草加市旭町6丁目15-30,要確認,屋外,場所取る,"25,000","45,000",要確認,,,,,,,,,,,
,イトーヨーカドー,イトーヨーカドー新田⑤　1階駅方面口(屋根なし),草加市旭町6丁目15-30,長机1-2台程度,屋外,場所取る,"25,000","25,000",要確認,,,,,,,,,,,
,T－FRONTE,T－FRONTE①　2階共用部通路,戸田市新曽662,長机1台程度,屋内（風除室含む）,場所取る,"25,000","40,000",要確認,,,,,,,,,,,
,T－FRONTE,T－FRONTE②　1階サブエントランス,戸田市新曽662,長机1台程度,屋内（風除室含む）,場所取る,"25,000","40,000",要確認,,,,,,,,,,,
,T－FRONTE,T－FRONTE③　1階メインエントランス,戸田市新曽662,長机2台程度,屋内（風除室含む）,場所取る,"25,000","40,000",要確認,,,,,,,,,,,
,ららテラス川口,ららテラス川口①　1階エスカレーター横1,川口市栄町3-5-1,7.3㎡程度,屋内（風除室含む）,場所取る,"108,000","158,000",要確認,,,,,,,,,,,
,ららテラス川口,ららテラス川口②　1階エスカレーター横2,川口市栄町3-5-1,7.3㎡程度,屋内（風除室含む）,場所取る,"108,000","158,000",要確認,,,,,,,,,,,
,ららテラス川口,ららテラス川口③　2階エスカレーター横１,川口市栄町3-5-1,7.3㎡程度,屋内（風除室含む）,場所取る,"108,000","158,000",要確認,,,,,,,,,,,
,ららテラス川口,ららテラス川口④　2階エスカレーター横２,川口市栄町3-5-1,7.3㎡程度,屋内（風除室含む）,場所取る,"108,000","158,000",要確認,,,,,,,,,,,
,ららテラス川口,ららテラス川口⑤　3階西エントランス前,川口市栄町3-5-1,6.8㎡程度,屋内（風除室含む）,場所取る,"108,000","208,000",要確認,,,,,,,,,,,
,ららテラス川口,ららテラス川口⑥　地下1階東エントランス前,川口市栄町3-5-1,10.8㎡程度,屋内（風除室含む）,場所取る,"50,800","108,000",要確認,,,,,,,,,,,
,ジョイフル本田,ジョイフル本田幸手①　2階フードコート前,幸手市上高野1258-1,2.7m×2.7m,屋内（風除室含む）,グラスト,"40,000","108,000",要確認,無,無,有,8/13～16、12/28～31は土日祝価格,,,,,,,
,ジョイフル本田,ジョイフル本田幸手②　1階催事場,幸手市上高野1258-1,3.6m×1.8m,屋内（風除室含む）,グラスト／場所とる,"45,000","118,000",要確認,無,無,有,8/13～16、12/28～31は土日祝価格,,,,,,,
,ベニバナウォーク,ベニバナウォーク桶川①　フラワーコート,桶川市下日出谷東2-15-1,2㎡,屋内（風除室含む）,自由市場,"50,000","100,000",実施不可,,,,au実施不可,,,,,,,
,ベニバナウォーク,ベニバナウォーク桶川②　センターコート,桶川市下日出谷東2-15-1,75.6㎡,屋内（風除室含む）,自由市場,"80,000","150,000",実施不可,,,,au実施不可,,,,,,,
,マルイ,大宮マルイ,さいたま市大宮区桜木町2-3,2～3坪程度,屋内（風除室含む）,場所とる,"22,300","30,700",要確認,,,,,,,,,,,
,ベイシア,ベイシア寄居,大里郡寄居町大字富田1849-1,約4坪,屋内（風除室含む）,場所取る,"18,000","23,000",実施不可,,,,通信NG、ウォーターサーバー催事不可,,,,,,,
,ベイシア,ベイシア鶴ヶ島①　食品入口ｶﾞﾗｽ面（レジ側）,鶴ヶ島市三ツ木新町2-5-15,約2坪,屋内（風除室含む）,場所取る,"40,000","40,000",実施不可,,,,通信NG、ウォーターサーバー催事不可,,,,,,,
,ベイシア,ベイシア鶴ヶ島②　SC側入り口ガラス面（レジ側）,鶴ヶ島市三ツ木新町2-5-15,約2坪,屋内（風除室含む）,場所取る,"30,000","30,000",実施不可,,,,通信NG、ウォーターサーバー催事不可,,,,,,,
,ベイシア,ベイシア鶴ヶ島③　ｴｽｶﾚｰﾀｰ昇降口（乗り場前）,鶴ヶ島市三ツ木新町2-5-15,約2坪,屋内（風除室含む）,場所取る,"30,000","30,000",実施不可,,,,通信NG、ウォーターサーバー催事不可,,,,,,,
,ベイシア,ベイシアフードセンター川島ｲﾝﾀｰ,比企郡川島町上伊草1175-1,,屋内（風除室含む）,グラスト,"30,000","30,000",要確認,要確認,要確認,要確認,通信催事可能、ウォーターサーバー催事不可,,,,,,,
,ベイシア,ベイシアフードセンター行田,行田市持田１０８０,平台1台程度,屋内（風除室含む）,場所取る,"18,000","23,000",要確認,,,,,,,,,,,
,ベイシア,ベイシアフードセンター深谷川本,深谷市長在家1760-1,長机1～2台程度,屋内（風除室含む）,場所取る,"18,000","23,000",要確認,,,,,,,,,,,
,ベイシア,ベイシアひだかモール,日高市森戸新田字藤久保88-5,長机1～2台程度,屋内（風除室含む）,場所取る,"18,000","23,000",要確認,,,,,,,,,,,
,イオンモール,イオンモール川口前川①　1F　ノースコート,川口市前川1-1-11,27.23坪,屋内（風除室含む）,グラスト,"240,000","480,000",要確認,有,有,有,"机（最大13台）
椅子
ベルトパーテーション
パーテーションパネル（最大8枚）",,,,,,,
,イオンモール,イオンモール川口前川②　3Fアスビー前,川口市前川1-1-11,4.84坪,屋内（風除室含む）,グラスト,"60,000","120,000",要確認,有,有,有,"机（最大13台）
椅子
ベルトパーテーション
パーテーションパネル（最大8枚）",,,,,,,
,イオンモール,イオンモール春日部　2F フードコート前ブリッジ,春日部市下柳420-1,約20m²,屋内（風除室含む）,グラスト,"72,000","168,000",要確認,有,有,有,"机
椅子
パーテーション",,,,,,,
,イオンモール,イオンモール与野①　1F ローズコート,さいたま市中央区本町西5-2-9,40坪（124.8㎡）,屋内（風除室含む）,場所とる,"108,000","458,000",実施不可,,,,通信催事不可,,,,,,,
,イオンモール,イオンモール与野②　1F リーフコート,さいたま市中央区本町西5-2-9,35坪（109.2㎡）,屋内（風除室含む）,場所とる,"108,000","308,000",実施不可,,,,通信催事不可,,,,,,,
,イオンモール,イオンモール与野③　2F ABCマート前区画,さいたま市中央区本町西5-2-9,7.7坪（W800×D300）,屋内（風除室含む）,場所とる,"58,000","73,000",実施不可,,,,通信催事不可,,,,,,,
,イオンモール,イオンモール与野④　2F アスビー前区画,さいたま市中央区本町西5-2-9,9.5坪（W850×D350）,屋内（風除室含む）,場所とる,"58,000","73,000",実施不可,,,,通信催事不可,,,,,,,
,イオンモール,イオンモール与野⑤　3Fガシャココ前区画,さいたま市中央区本町西5-2-9,9.5坪（W850×D350）,屋内（風除室含む）,グラスト,"60,000","120,000",実施不可,,,,通信催事不可,,,,,,,
,イオンモール,イオンモール与野⑥　3F サイゼリヤ前区画,さいたま市中央区本町西5-2-9,7.7坪（W300×D800）,屋内（風除室含む）,ダイエースペース,"50,000","80,000",実施不可,,,,通信催事不可,,,,,,,
,イオンモール,イオンモール羽生　3F東ブリッジ,羽生市川崎2-281-3,要確認,屋内（風除室含む）,ダイエースペース,"60,000","160,000",実施不可,,,,通信催事不可,,,,,,,
,イオンモール,イオンモール上尾①　2F中央吹き抜け横,上尾市愛宕3-8-1,約3ｍ　×　約4ｍ　　（約3.6坪,屋内（風除室含む）,ダイエースペース,"60,000","120,000",実施不可,,,,通信催事不可,,,,,,,
,イオンモール,イオンモール上尾②　店内スペース,上尾市愛宕3-8-1,要確認,屋内（風除室含む）,ダイエースペース,"60,000","120,000",実施不可,,,,通信催事不可,,,,,,,
,イオンモール,イオンモール上尾③　店外スペース,上尾市愛宕3-8-1,要確認,屋外,ダイエースペース,"60,000","120,000",実施不可,,,,通信催事不可,,,,,,,
,イオンモール,イオンモール浦和美園　3Fイオンシネマ前,さいたま市緑区美園5丁目50-1,要確認,屋内（風除室含む）,ダイエースペース,"120,000","220,000",実施不可,,,,通信催事不可,,,,,,,
,イオンタウン,イオンタウン吉川美南①　1F 広場入り口前,吉川市美南3-23-1,7.5㎡,屋内（風除室含む）,場所取る,"30,000","60,000",要確認,要確認,要確認,有,備品使用料別途,,,,,,,
,イオンタウン,イオンタウン吉川美南②　1F エスカレーター脇,吉川市美南3-23-1,15㎡,屋内（風除室含む）,場所取る,"50,000","100,000",要確認,要確認,要確認,要確認,備品使用料別途,,,,,,,
,イオンタウン,イオンタウン吉川美南③　1Fエスカレーターホール,吉川市美南3-23-1,37.8㎡,屋内（風除室含む）,グラスト,"60,000","120,000",要確認,要確認,要確認,要確認,備品使用料別途,,,,,,,
,イオンタウン,イオンタウン吉川美南④　2Fエスカレーター横,吉川市美南3-23-1,19.6㎡,屋内（風除室含む）,グラスト,"40,000","72,000",要確認,要確認,要確認,有,備品使用料別途,,,,,,,
,イオンタウン,イオンタウン吉川美南⑤　2F吹き抜け,吉川市美南3-23-1,4m×2m,屋内（風除室含む）,場所取る,"30,000","60,000",要確認,要確認,要確認,有,備品使用料別途,,,,,,,
,イオンタウン,イオンタウン吉川美南⑥　2F吹き抜けブリッジ,吉川市美南3-23-1,-,屋内（風除室含む）,場所取る,"30,000","60,000",要確認,要確認,要確認,要確認,備品使用料別途,,,,,,,
,イオンタウン, イオンタウン蕨,蕨市塚越5-6-35,1800㎜長机×3台以内,屋内（風除室含む）,ダイエースペース／場所とる,"26,000（ダイエースペース）","45,000（場所とる）",要確認,要確認,要確認,有,,,,,,,,
,イオンタウン, イオンタウン上里①　1階　東側 ＥＳ横,児玉郡上里町大字金久保蓮山359-1,2.4坪,屋内（風除室含む）,グラスト,"30,000","40,000",要確認,有,有,有,"電気料1,000円、サイネージ料1,000円が必須となります。",,,,,,,
,イオンタウン, イオンタウン上里②　1階　中央 ＥＳ横,児玉郡上里町大字金久保蓮山359-1,2.4坪,屋内（風除室含む）,グラスト,"30,000","40,000",要確認,有,有,有,"電気料1,000円、サイネージ料1,000円が必須となります。",,,,,,,
,イオンタウン, イオンタウン上里③　1階 ベルク前,児玉郡上里町大字金久保蓮山359-1,2.4坪,屋内（風除室含む）,グラスト,"30,000","40,000",要確認,有,有,有,"電気料1,000円、サイネージ料1,000円が必須となります。",,,,,,,
,イオンタウン, イオンタウン上里④　1F 空床,児玉郡上里町大字金久保蓮山359-1,"19,3坪",屋内（風除室含む）,グラスト,"30,000","40,000",要確認,有,有,有,"電気料1,000円、サイネージ料1,000円が必須となります。",,,,,,,
,イオンタウン, イオンタウン上里⑤　1階ふれあいコート前,児玉郡上里町大字金久保蓮山359-1,7.9坪,屋内（風除室含む）,場所取る,"40,000","60,000",要確認,有,有,有,"電気料1,000円、サイネージ料1,000円が必須となります。",,,,,,,
,イオンタウン, イオンタウン上里⑥　ウェルシア前,児玉郡上里町大字金久保蓮山359-1,30坪,屋内（風除室含む）,グラスト,"35,000","50,000",要確認,有,有,有,"電気料1,000円、サイネージ料1,000円が必須となります。",,,,,,,
,イオンタウン, イオンタウン上里⑦　ウェルシア前 ＋ (東側ES横 or 中央ES横 or ベルク前),児玉郡上里町大字金久保蓮山359-1,30坪＋(2.4坪 or 3坪),屋内（風除室含む）,グラスト,"40,000","60,000",要確認,有,有,有,"電気料1,000円、サイネージ料1,000円が必須となります。",,,,,,,
,イオンタウン, イオンタウンふじみ野①　1階セントラルステージ,ふじみ野市福岡二丁目1-6,8m×15m,屋内（風除室含む）,場所取る,"105,000","405,000",要確認,有,有,有,"備品申請時依頼必須
机（500円/台 税抜）
椅子（200円/脚 税抜）",,,,,,,
,イオンタウン, イオンタウンふじみ野②　1階中央エスカレーター下催事場,ふじみ野市福岡二丁目1-6,27㎡程度,屋内（風除室含む）,場所取る,"35,000","55,000",要確認,有,有,有,"備品申請時依頼必須
机（500円/台 税抜）
椅子（200円/脚 税抜）",,,,,,,
,イオンタウン, イオンタウンふじみ野③　2階セカンドステージ,ふじみ野市福岡二丁目1-6,46.8㎡程度,屋内（風除室含む）,場所取る,"55,000","105,000",要確認,有,有,有,"備品申請時依頼必須
机（500円/台 税抜）
椅子（200円/脚 税抜）",,,,,,,
,イオンタウン, イオンタウンふじみ野④　2階　中央エスカレーター横,ふじみ野市福岡二丁目1-6,3m×9.9m,屋内（風除室含む）,場所取る,"35,000","55,000",要確認,有,有,有,"備品申請時依頼必須
机（500円/台 税抜）
椅子（200円/脚 税抜）",,,,,,,
,イオンタウン, イオンタウンふじみ野⑤　3階キッズリパブリック前,ふじみ野市福岡二丁目1-6,9㎡程度,屋内（風除室含む）,場所取る,"85,000","155,000",要確認,有,有,有,"備品申請時依頼必須
机（500円/台 税抜）
椅子（200円/脚 税抜）",,,,,,,
,イオンタウン, イオンタウンふじみ野⑥　3階中央エスカレーター横,ふじみ野市福岡二丁目1-6,2m×9.9m,屋内（風除室含む）,場所取る,"35,000","55,000",要確認,有,有,有,"備品申請時依頼必須
机（500円/台 税抜）
椅子（200円/脚 税抜）",,,,,,,
,イオンタウン,イオンレイクタウンKAZE①　1階光の広場,越谷市レイクタウン４丁目２−２,240㎡,屋内（風除室含む）,場所取る,"300,000","500,000",要確認,要確認,要確認,有,,,,,,,,
,イオンタウン,イオンレイクタウンKAZE②　1階時の広場,越谷市レイクタウン４丁目２−２,190㎡程度,屋内（風除室含む）,場所取る,"300,000","500,000",要確認,要確認,要確認,有,,,,,,,,
,イオンタウン,イオンレイクタウンKAZE③　1階翼の広場,越谷市レイクタウン４丁目２−２,210㎡程度,屋内（風除室含む）,場所取る,"300,000","500,000",要確認,要確認,要確認,有,,,,,,,,
,イオンタウン,イオンレイクタウンKAZE④　2階PLAZA前　,越谷市レイクタウン４丁目２−２,-,屋内（風除室含む）,場所取る,"100,000","200,000",要確認,要確認,要確認,有,,,,,,,,
,イオンタウン,イオンレイクタウンKAZE⑤　2階VERSIONY前,越谷市レイクタウン４丁目２−２,-,屋内（風除室含む）,場所取る,"150,000","300,000",要確認,要確認,要確認,有,,,,,,,,
,イオンタウン,イオンレイクタウンKAZE⑥　2階サマンサベガ前,越谷市レイクタウン４丁目２−２,-,屋内（風除室含む）,場所取る,"150,000","300,000",要確認,要確認,要確認,有,,,,,,,,
,イオンタウン,イオンレイクタウンKAZE⑦　ロペピクニック前,越谷市レイクタウン４丁目２−２,-,屋内（風除室含む）,場所取る,"150,000","300,000",要確認,要確認,要確認,有,,,,,,,,
,イオンタウン,イオンレイクタウンKAZE⑧　2階時の広場,越谷市レイクタウン４丁目２−２,-,屋内（風除室含む）,場所取る,"100,000","200,000",要確認,要確認,要確認,有,,,,,,,,
,イオンタウン,イオンレイクタウンKAZE⑨　3階ANAP前,越谷市レイクタウン４丁目２−２,-,屋内（風除室含む）,場所取る,"100,000","150,000",要確認,要確認,要確認,有,,,,,,,,
,イオンタウン,イオンレイクタウンKAZE⑩　3階INGNI前,越谷市レイクタウン４丁目２−２,-,屋内（風除室含む）,場所取る,"100,000","150,000",要確認,要確認,要確認,有,,,,,,,,
,イオンタウン,イオンレイクタウンKAZE⑪　3階　VENCEsharestyle前,越谷市レイクタウン４丁目２−２,-,屋内（風除室含む）,場所取る,"100,000","150,000",要確認,要確認,要確認,有,,,,,,,,
,イオンタウン,イオンレイクタウンKAZE⑫　3階イオンシネマ前,越谷市レイクタウン４丁目２−２,-,屋内（風除室含む）,場所取る,"100,000","150,000",要確認,要確認,要確認,有,,,,,,,,
,イオンタウン,イオンレイクタウンKAZE⑬　3階イオンホール,越谷市レイクタウン４丁目２−２,-,屋内（風除室含む）,場所取る,"100,000","200,000",要確認,要確認,要確認,有,,,,,,,,
,イオンタウン,イオンレイクタウンKAZE⑭　3階マジェスティックレゴン前,越谷市レイクタウン４丁目２−２,-,屋内（風除室含む）,場所取る,"100,000","150,000",要確認,要確認,要確認,有,,,,,,,,
,イオンタウン,イオンレイクタウンmori　2F機の広場南側ブリッジ,越谷市レイクタウン 3 丁目 1 番地 1,要確認,屋内（風除室含む）,ダイエースペース,"130,000","250,000",要確認,要確認,要確認,要確認,,,,,,,,
,イオン,イオン大宮西①　1Fフードコート横,さいたま市西区三橋6-607-13,4.5m×3.9m(5.3坪),屋内（風除室含む）,グラスト,"30,000","40,000",要確認,要確認,要確認,要確認,,,,,,,,
,イオン,イオン大宮西②　1F食品レジ前,さいたま市西区三橋6-607-13,4m×2.5m(3.0坪),屋内（風除室含む）,グラスト,"30,000","40,000",要確認,要確認,要確認,要確認,,,,,,,,
,イオン,イオン大宮西③　1F南口風除室,さいたま市西区三橋6-607-13,3.5m×1.8m(1.9坪),屋内（風除室含む）,グラスト,"30,000","40,000",要確認,要確認,要確認,要確認,,,,,,,,
,イオン,イオン大宮西④　3F中央エスカレーター周り,さいたま市西区三橋6-607-13,5.5m×3.5m(5.8坪),屋内（風除室含む）,グラスト,"30,000","40,000",要確認,要確認,要確認,要確認,,,,,,,,
,イオン,イオン北浦和①　1Fサービスカウンター横(イオンクレジット跡),さいたま市浦和区常盤10-20-29,2m70×2m70(3坪),屋内（風除室含む）,グラスト,"30,000","40,000",要確認,要確認,要確認,要確認,,,,,,,,
,イオン,イオン北浦和②　1F食品レジ前(かぼちゃ跡地),さいたま市浦和区常盤10-20-29,15.2坪,屋内（風除室含む）,グラスト,"40,000","60,000",要確認,要確認,要確認,要確認,,,,,,,,
,イオン,イオン北浦和③　1Fサービスカウンター前,さいたま市浦和区常盤10-20-29,50坪,屋内（風除室含む）,グラスト,"240,000","360,000",要確認,要確認,要確認,要確認,,,,,,,,
,イオン,イオン北浦和④　1階茶の矢島園前,さいたま市浦和区常盤10-20-29,長机2台程度,屋内（風除室含む）,場所取る,"25,000","35,000",実施不可,,,,通信催事不可,,,,,,,
,ステラタウン,ステラタウン大宮①　2階センターコート,さいたま市北区宮原町1-854-1,約50.0㎡,屋内（風除室含む）,グラスト,"120,000","360,000",実施不可,,,,通信催事不可,,,,,,,
,ステラタウン,"ステラタウン大宮②　1階 メローペステージ(屋外)""",さいたま市北区宮原町1-854-1,約35.0㎡,屋内（風除室含む）,グラスト,"120,000","240,000",実施不可,,,,通信催事不可,,,,,,,
,ステラタウン,ステラタウン大宮③　3階イベントスペース,さいたま市北区宮原町1-854-1,約16.0㎡,屋内（風除室含む）,グラスト,"60,000","120,000",実施不可,,,,通信催事不可,,,,,,,
,ステラタウン,ステラタウン大宮④　3階 連絡ブリッジ,さいたま市北区宮原町1-854-1,約10.0㎡,屋内（風除室含む）,グラスト,"50,000","96,000",実施不可,,,,通信催事不可,,,,,,,
,ステラタウン,ステラタウン大宮⑤　2階 センターコート階段下,さいたま市北区宮原町1-854-1,約6.0㎡,屋内（風除室含む）,グラスト,"60,000","120,000",実施不可,,,,通信催事不可,,,,,,,
,ステラタウン,ステラタウン大宮⑥　1階センターコート,さいたま市北区宮原町1-854-1,約6.0㎡,屋内（風除室含む）,グラスト,"60,000","120,000",実施不可,,,,通信催事不可,,,,,,,
,ダイエー,ダイエー西浦和①　1F農産側入口,さいたま市桜区田島5-18-15,要確認,屋内（風除室含む）,ダイエースペース,"15,000","20,000",要確認,無,無,有,,,,,,,,
,ダイエー,ダイエー西浦和②　1Fデリカ側入口,さいたま市桜区田島5-18-15,要確認,屋内（風除室含む）,ダイエースペース,"15,000","20,000",要確認,無,無,有,,,,,,,,
,オリンピック,オリンピック深谷,深谷市上柴町西6-21-15,2m×1.5m～,屋内（風除室含む）,場所とる,"18,000","23,000",要確認,要確認,要確認,要確認,,,,,,,,
,南越谷ラクーン,南越谷ラクーン①　1階エスカレーター前,越谷市南越谷1-15-1,12㎡程度,屋内（風除室含む）,場所とる,"30,000","38,000",要確認,,,,,,,,,,,
,南越谷ラクーン,南越谷ラクーン②　1階サイゼリヤ側入り口横,越谷市南越谷1-15-1,約2.8坪程度,屋内（風除室含む）,場所とる,"23,000","30,000",要確認,,,,,,,,,,,
,OSCデオシティ,OSCデオシティ①　2階　ミックスミックスエスカレーター前(インフォメーション横),埼玉県新座市中野2-1-38,4m×2m程度,屋内（風除室含む）,場所とる,"28,000","58,000",,,,,,,,,,,,
,OSCデオシティ,OSCデオシティ②　3階　ミックスミックス　　エスカレーター前,埼玉県新座市中野2-1-38,要確認,屋内（風除室含む）,場所とる,"28,000","58,000",,,,,,,,,,,,
,OSCデオシティ,OSCデオシティ③　ミックスミックス入口横,埼玉県新座市中野2-1-38,154㎡程度,屋外,場所とる,"48,000","108,000",,,,,,,,,,,,
,ユナイテッドシネマ,ユナイテッドシネマわかば,鶴ヶ島市富士見1-2-1ワカバウォーク内,要確認,屋内（風除室含む）,場所とる,"30,000","50,000",要確認,,,,,,,,,,,
,ユナイテッドシネマ,ユナイテッドシネマ新座,新座市中野2-1-38OSCデオシティ新座 内,要確認,屋内（風除室含む）,場所とる,"30,000","50,000",要確認,,,,,,,,,,,
,ユナイテッドシネマ,ユナイテッドシネマウニクス上里,上里町七本木2272-1ウニクス上里内 ウニクス上里内,要確認,屋内（風除室含む）,場所とる,"30,000","50,000",要確認,,,,,,,,,,,
,ユナイテッドシネマ,ユナイテッドシネマウニクス春日部,春日部市南1-1-1ララガーデン春日部3F,要確認,屋内（風除室含む）,場所とる,"30,000","50,000",要確認,,,,au NG,,,,,,,
,シネプレックス,シネプレックス幸手,幸手市上高野764エムズタウン幸手 内 エムズタウン幸手西館,要確認,屋内（風除室含む）,場所とる,"30,000","50,000",要確認,,,,,,,,,,,
,マルエツ,マルエツ佐知川,さいたま市西区佐知川105-1,"2m×1m（約 0,5坪）　",屋内（風除室含む）,場所取る,"20,000","25,000",要確認,無,無,要確認,,,,,,,,
,マルエツ,マルエツ元郷,川口市元郷6-15-15,長机1台分程～,屋外,場所取る,"20,000","25,000",要確認,無,無,要確認,,,,,,,,
,マルエツ,マルエツ大宮,さいたま市大宮区大門町3丁目163-7,長机1台程度,屋外,場所取る,"20,000","25,000",要確認,,,,,,,,,,,
,マルエツ,マルエツ大宮砂町,さいたま市見沼区東大宮7-69-1,長机1台分程～,屋内（風除室含む）,グラスト／ダイエースペース,"25,000／要確認","30,000／要確認",要確認,要確認,要確認,要確認,,,,,,,,
,マルエツ,マルエツ大宮大和田,さいたま市見沼区大和田町1-1629,長机1台分程～,屋内（風除室含む）,ダイエースペース,"15,000","20,000",実施不可,,,,通信催事不可,,,,,,,
,マルエツ,マルエツ草加稲荷町,草加稲荷3-3-33,長机1台分程～,屋内（風除室含む）,ダイエースペース,"15,000","20,000",要確認,要確認,要確認,要確認,毎月1日、第3土曜催事不可,,,,,,,
,マルエツ,マルエツ松原,草加栄町3-8-13,長机1台分程～,屋内（風除室含む）,ダイエースペース,"15,000","20,000",要確認,無,無,要確認,,,,,,,,
,マルエツ,マルエツ蒲生①　屋外,越谷市蒲生旭町9-36,長机1台分程～,屋外,場所取る,"20,000","25,000",要確認,無,無,要確認,,,,,,,,
,マルエツ,マルエツ蒲生②　店内入口,越谷市蒲生旭町9-36,要確認,屋内（風除室含む）,ダイエースペース,"15,000","20,000",要確認,要確認,要確認,要確認,電源使用時は要相談,,,,,,,
,マルエツ,マルエツ春日部緑町,春日部市緑町6-10-5,長机1台分程～,屋内（風除室含む）,ダイエースペース,"15,000","20,000",要確認,要確認,要確認,要確認,,,,,,,,
,マルエツ,マルエツ久喜①　屋外,久喜市青毛2-1-5,長机1台分程～,屋外,ダイエースペース,"15,000","20,000",要確認,無,無,無,毎月1日催事不可,,,,,,,
,マルエツ,マルエツ久喜②　ベーカリー側出入口,久喜市青毛2-1-5,-,屋内（風除室含む）,場所取る,"20,000","25,000",要確認,無,無,有,,,,,,,,
,マルエツ,マルエツ朝霞,朝霞市本町1-12-10,長机1台分程～,屋外,場所取る,"25,000","35,000",要確認,無,無,有,,,,,,,,
,マルエツ,マルエツ朝霞溝沼,朝霞市溝沼4-1-9,長机1台分程～,屋外,グラスト,"25,000","30,000",要確認,,,,,,,,,,,
,マルエツ,マルエツみずほ台①　屋内,富士見市西みずほ台2-3-7,長机1台分程～,屋内（風除室含む）,グラスト,"25,000","30,000",要確認,,,,,,,,,,,
,マルエツ,マルエツみずほ台②　屋外,富士見市西みずほ台2-3-7,要確認,屋外,ダイエースペース,"15,000","20,000",要確認,,,,,,,,,,,
,マルエツ,マルエツ上尾井戸木,上尾市井戸木1-7-1,長机1台分程～,屋外,グラスト,"25,000","30,000",要確認,,,,,,,,,,,
,アルコ越谷,アルコ越谷,越谷市越ケ谷1丁目16番6号,約50坪,屋内（風除室含む）,グラスト,"30,000","30,000",要確認,,,,備品使用料別途,,,,,,,
,オーケー,オーケー浦和原山,さいたま市緑区原山4-1-1,1坪,屋内（風除室含む）,場所とる,"23,000",―,要確認,,,,,,,,,,,
,オーケー,オーケー武蔵浦和,さいたま市南区白幡1-15-25,1坪,屋内（風除室含む）,グラスト,"28,000","28,000",要確認,,,,,,,,,,,
,オーケー,オーケー川口,川口市飯塚2-1-11,長机1台程度,屋内（風除室含む）,場所とる,"23,000",―,要確認,,,,,,,,,,,
,オーケー,オーケー川口中青木,川口市中青木3-8-15,長机1台程度,屋内（風除室含む）,場所とる,"23,000",―,要確認,,,,,,,,,,,
,オーケー,オーケー川口末広,川口市末広2-17-11,長机1台程度,屋内（風除室含む）,場所とる,"23,000",―,要確認,,,,,,,,,,,
,オーケー,オーケー北戸田,戸田市笹目北町2-19,長机1台程度,屋内（風除室含む）,場所とる,"23,000",―,要確認,,,,,,,,,,,
,オーケー,オーケー新座北野,新座市北野3-4-5,長机1台程度,屋内（風除室含む）,場所とる,"23,000","23,000",要確認,,,,,,,,,,,
,オーケー,オーケー新座野火止,新座市野火止1-13-13,長机0.5台程度,屋内（風除室含む）,場所とる,"23,000","23,000",要確認,,,,,,,,,,,
,オーケー,オーケー新座石神,新座市石神1-6-14,長机0.5台程度,屋内（風除室含む）,場所とる,"23,000","23,000",要確認,,,,,,,,,,,
,オーケー,オーケー和光下新倉,和光市下新倉5-13-52,机1台程度,屋内（風除室含む）,場所とる,"23,000","23,000",要確認,,,,,,,,,,,
,コーナン,コーナン吉川栄町,吉川市栄町797番1,長机1～2本程度,屋内（風除室含む）,場所とる,"30,000","30,000",要確認,,,,,,,,,,,
,コーナン,コーナン川口前川,川口市南前川1-16-7,要確認,屋内（風除室含む）,場所とる,"30,000","30,000",要確認,,,,,,,,,,,
,コーナン,コーナン越谷大里,越谷市大里55番地1,要確認,屋内（風除室含む）,場所とる,"30,000","30,000",要確認,,,,,,,,,,,
,コーナン,コーナン入間春日町,入間市春日町1-12-1,要確認,屋内（風除室含む）,場所とる,"30,000","30,000",要確認,,,,,,,,,,,
,コーナン,草加Cycle　Plaza館820,草加市栄町1-7-18,要確認,屋内（風除室含む）,場所とる,"30,000","30,000",要確認,,,,,,,,,,,
,コーナン,コーナン川越的場822,川越市的場新町21-4,要確認,屋内（風除室含む）,場所とる,"30,000","30,000",要確認,,,,,,,,,,,
,コーナン,コーナンPRO川越的場664,川越市的場新町21-4,要確認,屋内（風除室含む）,場所とる,"30,000","30,000",要確認,,,,,,,,,,,
,コーナン,コーナンPRO上尾緑丘669,上尾市緑丘1-1-40,要確認,屋内（風除室含む）,場所とる,"30,000","30,000",要確認,,,,,,,,,,,
,コーナン,PRO南越谷,越谷市瓦曽根2-8-12,要確認,,場所とる,"30,000","30,000",要確認,,,,,,,,,,,
,コーナン,PROドイト与野485,さいたま市中央区円阿弥1-1-3,要確認,,場所とる,"30,000","30,000",要確認,,,,,,,,,,,
,コーナン,PROドイト川越601,川越市福田1017-1,要確認,,場所とる,"30,000","30,000",要確認,,,,,,,,,,,
,コーナン,PRO　WORK＆TOOLドイト西川口487,さいたま市岩槻区本宿425-1,要確認,,場所とる,"30,000","30,000",要確認,,,,,,,,,,,
,コーナン,コーナンPRO朝霞661,朝霞市幸町3-10-12,要確認,,場所とる,"30,000","30,000",要確認,,,,,,,,,,,
,コーナン,ドイト朝霞328,朝霞市膝折町2-9-18,要確認,,場所とる,"30,000","30,000",要確認,,,,,,,,,,,
,コーナン,ドイト東大宮329,さいたま市見沼区東大宮5-9-1,要確認,,場所とる,"30,000","30,000",要確認,,,,,,,,,,,
,コーナン,ドイト朝霞328,朝霞市膝折町2-9-18,要確認,,場所とる,"30,000","30,000",要確認,,,,,,,,,,,
,コーナン,ドイト与野335,さいたま市中央区八王子1-6-18,要確認,,場所とる,"30,000","30,000",要確認,,,,,,,,,,,
,コーナン,ドイト戸田330,戸田市新曽字稲荷1196,要確認,,場所とる,"30,000","30,000",要確認,,,,,,,,,,,
,ニトリ,ニトリ西川口,川口市西川口2-3-5 西川口ショッピングセンター2階,6.5×0.9程度,屋内（風除室含む）,場所とる,"38,000","58,000",要確認,,,,,,,,,,,
,東急ストア,東急ストア北越谷,越谷市大沢3-6-1,長机2台程,屋内（風除室含む）,場所とる,"35,000","35,000",要確認,,,,,,,,,,,
,オリンピック,オリンピック東川口①　風除室,川口市戸塚3-5-30,長机1～2台程,屋内（風除室含む）,グラスト,"22,000","27,000",要確認,,,,,,,,,,,
,オリンピック,オリンピック東川口②　店内,川口市戸塚3-5-30,長机1～2台程,屋内（風除室含む）,場所とる,"18,000","23,000",要確認,,,,,,,,,,,
,オリンピック,オリンピック朝霞台,朝霞市西原1-1-20,長机1～2台程,屋内（風除室含む）,グラスト,"22,000","27,000",要確認,,,,,,,,,,,
,オリンピック,オリンピック所沢西,所沢市若狭1-2617-1,長机1～2台程,屋内（風除室含む）,場所とる,"18,000","23,000",要確認,,,,,,,,,,,
,オリンピック,オリンピック秩父,秩父市中村町4-3-13,要確認,屋内（風除室含む）,場所とる,"18,000","23,000",要確認,,,,,,,,,,,
,オリンピック,オリンピック草加,草加市谷塚町1799-1,机1-2台程度,屋外,場所とる,"18,000","23,000",要確認,,,,,,,,,,,
,オリンピック,オリンピック朝霞泉水,朝霞市泉水3-9-7,要確認,屋内（風除室含む）,場所とる,"18,000","23,000",要確認,,,,,,,,,,,
,㈱Olympicグループ,OSCデオシティ新座①　店頭入口横(屋外),新座市中野2丁目1番地38,約154㎡,屋外,グラスト,"50,000","120,000",要確認,,,,コロナウイルスの影響で賃料都度確認,,,,,,,
,㈱Olympicグループ,OSCデオシティ新座②　店内フードコート,新座市中野2丁目1番地38,約32㎡,屋内（風除室含む）,グラスト,"42,000","96,000",要確認,,,,コロナウイルスの影響で賃料都度確認,,,,,,,
,㈱Olympicグループ,OSCデオシティ新座③　2階エスカレーター前,新座市中野2丁目1番地38,8㎡,屋内（風除室含む）,グラスト,"30,000","60,000",要確認,,,,コロナウイルスの影響で賃料都度確認,,,,,,,
,㈱Olympicグループ,OSCデオシティ新座④　2階空き区画(B-202区画),新座市中野2丁目1番地38,144.71㎡,屋内（風除室含む）,グラスト,"42,000","96,000",要確認,,,,コロナウイルスの影響で賃料都度確認,,,,,,,
,クッキープラザ,クッキープラザ,久喜市久喜中央1-1-20,長机1～2台程度,屋内（風除室含む）,場所とる,"18,000","18,000",要確認,,,,,,,,,,,
,マミーマート,マミーマートビバ春日部,春日部市下柳769-1,長机1～2本程,屋内（風除室含む）,グラスト,"28,000","28,000",要確認,,,,,,,,,,,
,マミーマート,マミーマート金子,入間市南峯271-1,長机1台程度,屋外,場所とる,"21,000","21,000",要確認,,,,,,,,,,,
,マミーマート,マミーマート栗橋,久喜市伊坂1368-4,横並びで長机1～2台程度,屋外,場所とる,"21,000","21,000",要確認,,,,,,,,,,,
,マミーマート,マミーマート行田谷郷,行田市谷郷2-13-24,2.6m×2m程度,屋内（風除室含む）,場所とる,"21,000","21,000",要確認,,,,,,,,,,,
,マミーマート,マミーマート三室山崎,さいたま市緑区三室366-2,長机1～2本程,屋内（風除室含む）,場所とる,"21,000","21,000",要確認,,,,,,,,,,,
,マミーマート,マミーマート三芳①　催事スペース(屋内),入間郡三芳町藤久保字富士塚100-1,長机2本まで,屋内（風除室含む）,場所とる,"21,000","21,000",要確認,,,,,,,,,,,
,マミーマート,マミーマート三芳②　催事スペース(屋外),入間郡三芳町藤久保字富士塚100-1,長机1～2本程,屋外,グラスト,"28,000","28,000",要確認,,,,,,,,,,,
,マミーマート,マミーマート所沢山口①　蔦屋前ダイソー側,所沢市小手指台23-1,長机1～2本程,屋内（風除室含む）,場所とる,"21,000","21,000",要確認,,,,,,,,,,,
,マミーマート,マミーマート所沢山口②　蔦屋前階段側,所沢市小手指台23-1,長机1～2本程,屋内（風除室含む）,場所とる,"21,000","21,000",要確認,,,,,,,,,,,
,マミーマート,マミーマート小敷谷,上尾市小敷谷字天久保605-1,長机1～2本程,屋外,グラスト,"28,000","28,000",要確認,,,,,,,,,,,
,マミーマート,マミーマート松山町,東松山市松山町3-5-11,長机1～2本程,屋外,場所とる,"21,000","21,000",要確認,,,,,,,,,,,
,マミーマート,マミーマート松風台,東松山市松風台9-1,長机1～2本程,屋外,グラスト,"28,000","28,000",要確認,,,,,,,,,,,
,マミーマート,マミーマート上宗岡,志木市上宗岡5-8-40,長机1～2本程,屋外,,,,要確認,,,,連日開催不可,,,,,,,
,マミーマート,マミーマート深井,北本市深井2-1-1,長机1～2本程,屋内（風除室含む）,グラスト,"28,000","28,000",要確認,,,,,,,,,,,
,マミーマート,マミーマート神明町①　1Fエスカレーター横,川越市神明町4-4,2.6m×2m程度,屋内（風除室含む）,場所とる,"21,000","21,000",要確認,,,,,,,,,,,
,マミーマート,マミーマート神明町②　2Fエスカレーター前,川越市神明町4-4,長机1台程度,屋内（風除室含む）,場所とる,"21,000","21,000",要確認,,,,,,,,,,,
,マミーマート,マミーマート生鮮市場TOP春日部,春日部市八丁目新田975-1,長机1～2本程,屋外,グラスト,"28,000","28,000",要確認,,,,,,,,,,,
,マミーマート,マミーマート川口芝,川口市芝2-14-24,長机1本,屋内（風除室含む）,グラスト,"28,000","28,000",要確認,,,,,,,,,,,
,マミーマート,マミーマート沢口町,東松山市沢口町14-2,長机1～2本程,屋外,グラスト,"28,000","28,000",要確認,,,,,,,,,,,
,マミーマート,マミーマート鶴ケ舞,ふじみ野市鶴ヶ舞2-2-17,長机1～2本程,屋内（風除室含む）,グラスト,"28,000",―,要確認,,,,火曜日、水曜日、土曜日、日曜日は申請不可,,,,,,,
,マミーマート,マミーマート白岡,白岡市千駄野719,長机1台程度,屋外,場所とる,"21,000","21,000",要確認,,,,,,,,,,,
,マミーマート,マミーマート白岡西①　屋外駐車場スペース,白岡市西6-5-2,長机1～2本程,屋外,グラスト,"28,000","28,000",要確認,,,,,,,,,,,
,マミーマート,マミーマート白岡西②　風除室,白岡市西6-5-2,長机1～2本程,屋内（風除室含む）,グラスト,"28,000","28,000",要確認,,,,,,,,,,,
,マミーマート,マミーマート飯能武蔵丘,飯能市大字飯能1038-6,長机1～2本程,屋外,場所とる,"21,000","21,000",要確認,,,,,,,,,,,
,マミーマート,マミーマート北鴻巣,鴻巣市赤見台1-12-18,長机1～2本程,屋内（風除室含む）,場所とる,"21,000","21,000",要確認,,,,,,,,,,,
,マミーマート,マミーマート弥十郎①　青果側風除室,越谷市大字弥十郎554-1,長机1～2本程,屋内（風除室含む）,グラスト,"28,000","28,000",要確認,,,,,,,,,,,
,マミーマート,マミーマート弥十郎②　屋外催事スペース,,,屋外,グラスト,"28,000","28,000",要確認,,,,,,,,,,,
,マミーマート,マミーマート籠原,熊谷市大字新堀新田523,長机1～2本程,屋内（風除室含む）,グラスト,"28,000","28,000",要確認,,,,,,,,,,,
,マミーマート,マミーマート狭山ヶ丘,所沢市狭山ｹ丘1-3006-1,長机1～2本程,屋内（風除室含む）,場所とる,"21,000","21,000",要確認,,,,,,,,,,,
,セブンタウン,セブンタウンせんげん台①　1階エスカレーター側,越谷市千間台東2-707,3.6m×2.8m,屋内（風除室含む）,場所とる,"38,000","48,000",要確認,,,,,,,,,,,
,セブンタウン,セブンタウンせんげん台②　2階吹き抜け休憩ゾーン側,越谷市千間台東2-707,4m×1.3m,屋内（風除室含む）,場所とる,"28,000","38,000",要確認,,,,,,,,,,,
,セブンタウン,セブンタウンせんげん台③　1階ザ・プライス側入口外,越谷市千間台東2-707,4m×4m,屋内（風除室含む）,場所とる,"38,000","48,000",要確認,,,,,,,,,,,
,生鮮市場TOP,生鮮市場TOP小敷谷,上尾市小敷谷字天久保605-1,2.6m×2m程度,屋外,場所とる,"21,000","21,000",要確認,,,,単日開催のみ,,,,,,,
,生鮮市場TOP,生鮮市場TOP春日部,春日部市八丁目新田975-1,長机1～2台程度,屋外,場所とる,"21,000","21,000",要確認,,,,,,,,,,,
,生鮮市場TOP,生鮮市場TOP苗間,ふじみ野市苗間42-5,長机1～2台程度,屋外,場所とる,"21,000","21,000",要確認,,,,,,,,,,,
,生鮮市場TOP,生鮮市場TOP鶴ケ舞,ふじみ野市鶴ヶ舞2-2-17,横並びで長机1～2台程度,屋外,場所とる,"21,000","21,000",要確認,,,,,,,,,,,
,生鮮市場TOP,生鮮市場TOP蓮田山ノ内,蓮田市山ノ内4-2,横並びで長机1～2台程度,屋外,場所とる,"21,000","21,000",要確認,,,,,,,,,,,
,生鮮市場TOP,生鮮市場TOP籠原,熊谷市大字新堀新田523,4畳程度,屋外,場所とる,"21,000","21,000",要確認,,,,,,,,,,,
,ALCo越谷ショッピングスクエア,ALCo越谷ショッピングスクエア①　1F104区画,越谷市越ヶ谷1-16-6,94㎡程度,屋内（風除室含む）,場所とる,"58,000","58,000",,,,,,,,,,,,
,ALCo越谷ショッピングスクエア,ALCo越谷ショッピングスクエア②　BF1センターコート,越谷市越ヶ谷1-16-6,要確認,屋内（風除室含む）,場所とる,"28,000","28,000",,,,,,,,,,,,
,BiVi八潮,BiVi八潮,八潮市大瀬6-1-6,2坪程度,屋外,場所とる,"20,000","25,000",,,,,,,,,,,,
,道の駅はなぞの,道の駅はなぞの,深谷市小前田458-1,長机２～3台分程,屋外,グラスト,"7,000","7,000",要確認,,,,電源使用料200円/日,,,,,,,
,109シネマズ,109シネマズ菖蒲,久喜市菖蒲町菖蒲6005-1モラージュ菖蒲3F モラージュ菖蒲3F,4㎡程度,屋内（風除室含む）,場所とる,"73,000","97,000",,,,,,,,,,,,
,UNICUS,UNICUS吉川,吉川市栄町797ｰ1,10㎡,屋内（風除室含む）,グラスト,"20,000","25,000",要確認,,,,,,,,,,,
,NAS,NAS武蔵浦和,さいたま市南区別所7-6-8 ライブタワー武蔵浦和3F,長机1～2台程度,屋内（風除室含む）,場所とる,"30,000","30,000",要確認,,,,,,,,,,,
,NAS,テニスクラブNASこしがや,越谷市赤山町4-20-1,長机1～2台程度,屋内（風除室含む）,場所とる,"30,000","30,000",要確認,,,,,,,,,,,
,NAS,NAS蕨,蕨市中央1-13-1,長机1～2台程度,屋内（風除室含む）,場所とる,"30,000","30,000",要確認,,,,,,,,,,,
,NAS,NAS東大宮（新館）,さいたま市見沼区東大宮5-26-3,長机1～2台程度,屋内（風除室含む）,場所とる,"30,000","30,000",要確認,,,,,,,,,,,
,ルネサンス,ルネサンス川口,川口市本町3-2-7 東急ドエルデュアルコートウエストビュー1F,3m×5m程度,屋内（風除室含む）,場所とる,"30,000","30,000",要確認,,,,,,,,,,,
,ルネサンス,ルネサンス浦和駅前24,さいたま市浦和区東仲町2-21,1.5m×2m程度,屋内（風除室含む）,場所とる,"30,000","30,000",要確認,,,,,,,,,,,
,マミーマート,マミーマート芝園,川口市芝園3-14-101,長机1～2台程,屋外,グラスト,"28,000","28,000",要確認,,,,,,,,,,,
,ベイシア,ベイシア羽生①　店内出口,羽生市中岩瀬700,1m×1.5m,屋内（風除室含む）,グラスト,"30,000","30,000",要確認,,,,通信催事可能、ウォーターサーバー催事不可,,,,,,,
,ベイシア,ベイシア羽生②　店内入口ガラス面,羽生市中岩瀬700,1.2m×3.6m,屋内（風除室含む）,グラスト,"30,000","30,000",要確認,,,,通信催事可能、ウォーターサーバー催事不可,,,,,,,
,ベイシア,ベイシア上尾平塚,上尾市大字平塚2518-1,平台2台程度,屋内（風除室含む）,場所取る,"18,000","23,000",要確認,,,,,,,,,,,
,トナリエふじみ野,"トナリエふじみ野①　パレット広場",ふじみ野市うれし野２丁目１０−８７,約36㎡,屋内（風除室含む）,場所とる,"48,500","73,500",要確認,,,,電源500円/日、備品使用料別途,,,,,,,
,トナリエふじみ野,トナリエふじみ野②　シューラルー前広場,ふじみ野市うれし野２丁目１０−８７,約40㎡,屋内（風除室含む）,場所とる,"48,500","73,500",要確認,,,,電源500円/日、備品使用料別途,,,,,,,
,トナリエふじみ野,トナリエふじみ野③　セリア横,ふじみ野市うれし野２丁目１０−８７,約10m²,屋内（風除室含む）,場所とる,"48,500","73,500",要確認,,,,電源500円/日、備品使用料別途,,,,,,,
,マルエツ,マルエツ志木幸町,志木市幸町１丁目３−３５,長机1台分程,屋内（風除室含む）,ダイエースペース,"15,000","20,000",要確認,,,,,,,,,,,
,丸広,丸広南浦和①　3階体操教室横,さいたま市南区南本町1-7-4,約6.66坪,屋内（風除室含む）,グラスト,"17,000","20,000",要確認,,,,,,,,,,,
,丸広,丸広南浦和②　5階催事場,さいたま市南区南本町1-7-4,約6.66坪,屋内（風除室含む）,グラスト,"10,000","13,000",要確認,,,,,,,,,,,
,蔦屋書店,蔦屋書店　川島インター,川島町上伊草210番地,長机1-2台程度,屋内（風除室含む）,場所とる,"40,000","40,000",要確認,,,,,,,,,,,
,蔦屋書店,蔦屋書店　フォレオ菖蒲,久喜市菖蒲町菖蒲6006-1,長机1-2台程度,屋内（風除室含む）,場所とる,"40,000","40,000",要確認,,,,,,,,,,,
,蔦屋書店,蔦屋書店　本庄早稲田,本庄市早稲田の杜2-1-46,長机1-2台程度,屋内（風除室含む）,場所とる,"40,000","40,000",要確認,,,,,,,,,,,
,蔦屋書店,蔦屋書店　東松山,東松山市あずま町4-8-3,長机1-2台程度,屋内（風除室含む）,場所とる,"40,000","40,000",要確認,,,,,,,,,,,
,HEY　WORLD！！,HEY　WORLD！！①　1階イベント広場(平面駐車場、ユニクロ様出入口脇),北本市深井6-87,46㎡程度,屋内（風除室含む）,場所とる,"25,000","25,000",要確認,,,,,,,,,,,
,HEY　WORLD！！,HEY　WORLD！！②　1階グリーン広場(エスカレーター・エレベーター前　スポーツDEPO様正面),北本市深井6-87,要確認,屋内（風除室含む）,場所とる,"25,000","25,000",要確認,,,,,,,,,,,
,HEY　WORLD！！,HEY　WORLD！！③　1階メインホール(正面出入口　カスミ様、マツモトキヨシ様店舗前),北本市深井6-87,9㎡程度,屋内（風除室含む）,場所とる,"35,000","35,000",要確認,,,,,,,,,,,
,HEY　WORLD！！,HEY　WORLD！！④　1階メイン通路(2区画(A/B/Cのうち2区画)),北本市深井6-87,6坪程度,屋内（風除室含む）,場所とる,"25,000","25,000",要確認,,,,,,,,,,,
,HEY　WORLD！！,HEY　WORLD！！⑤　1階メイン通路(3区画(A・B・C　全ての区画)),北本市深井6-87,37.3㎡程度,屋内（風除室含む）,場所とる,"35,000","35,000",要確認,,,,,,,,,,,
,HEY　WORLD！！,HEY　WORLD！！⑥　1階メイン通路(A区画(正面入口側)),北本市深井6-87,3坪程度,屋内（風除室含む）,場所とる,"15,000","15,000",要確認,,,,,,,,,,,
,HEY　WORLD！！,HEY　WORLD！！⑦　1階メイン通路(B区画(中央)),北本市深井6-87,3坪程度,屋内（風除室含む）,場所とる,"15,000","15,000",要確認,,,,,,,,,,,
,HEY　WORLD！！,HEY　WORLD！！⑧　1階メイン通路(C区画(西口側)),北本市深井6-87,3坪程度,屋内（風除室含む）,場所とる,"15,000","15,000",要確認,,,,,,,,,,,
,HEY　WORLD！！,HEY　WORLD！！⑨　1階メインエントランス(1F　正面入口、風除室内),北本市深井6-87,21.2㎡程度,屋外,場所とる,"15,000","15,000",要確認,,,,,,,,,,,
,COCOON　CITY,COCOON　CITY①　2階GAP前通路(コクーン1),"さいたま市大宮区吉敷町4丁目263-1",要確認,屋内（風除室含む）,場所とる,"208,000","408,000",要確認,,,,,,,,,,,
,COCOON　CITY,COCOON　CITY②　3階ABCマート前(コクーン2),"さいたま市大宮区吉敷町4丁目263-1",要確認,屋内（風除室含む）,場所とる,"208,000","408,000",要確認,,,,,,,,,,,
,COCOON　CITY,COCOON　CITY③　3階ユニクロ前(コクーン2),"さいたま市大宮区吉敷町4丁目263-1",要確認,屋内（風除室含む）,場所とる,"208,000","408,000",要確認,,,,,,,,,,,
,ティップネス,ティップネス武蔵藤沢,入間市東藤沢3-4-3 グリーンガーデン武蔵藤沢内,机1台程度,屋内（風除室含む）,場所とる,"30,000","30,000",要確認,,,,,,,,,,,
,ティップネス,ティップネス川口,川口市栄町3-7-1 CASTY 8F~10F,机1台程度,屋内（風除室含む）,場所とる,"30,000","30,000",要確認,,,,,,,,,,,
,MiiBA草加,MiiBA草加,草加市氷川町2127-13 草加 TIP'S 4階,机1台程度,屋内（風除室含む）,場所とる,"30,000","30,000",要確認,,,,,,,,,,,
,スーパービバホーム,ビバモール加須,加須市下高柳1丁目7番,約6.66坪,屋内（風除室含む）,グラスト,"25,000","30,000",要確認,,,,,,,,,,,
,スーパーバリュー,スーパーバリュー朝霞泉水,朝霞市泉水3-9-7,長机2台程,屋内（風除室含む）,グラスト,"27,000","30,000",要確認,,,,,,,,,,,
,スーパーバリュー,スーパーバリュー川口伊刈,川口市伊刈950-1,,屋内（風除室含む）,グラスト,"27,000","30,000",要確認,,,,,,,,,,,
,スーパーバリュー,スーパーバリュー川口前川,川口市前川3-20-17,長机1台程,屋外,場所とる,"23,000","(土)2,5000／(日)27,000",要確認,,,,,,,,,,,
,スーパーバリュー,スーパーバリュー中浦和,さいたま市南区鹿手袋2-14-10,,屋内（風除室含む）,グラスト,"27,000","30,000",要確認,,,,,,,,,,,
,スーパーバリュー,スーパーバリュー南浦和,さいたま市南区文蔵3-13-1,,屋内（風除室含む）,場所とる,"23,000","(土)2,5000／(日)27,000",要確認,,,,,,,,,,,
,スーパーバリュー,スーパーバリュー越谷①　1Fサービスカウンター横,越谷市下間久里197-1,長机1台程度,屋内（風除室含む）,場所とる,"23,000","(土)2,5000／(日)27,000",要確認,,,,,,,,,,,
,スーパーバリュー,スーパーバリュー越谷②　軒下スペース,越谷市下間久里197-1,長机1.5台程度,屋内（風除室含む）,場所とる,"23,000","(土)2,5000／(日)27,000",要確認,,,,,,,,,,,
,スーパーバリュー,スーパーバリュー卸売パワーセンター岩槻,さいたま市岩槻区大口800,要確認,屋内（風除室含む）,場所とる,"23,000","(土)2,5000／(日)27,000",要確認,,,,,,,,,,,
,スーパーバリュー,スーパーバリュー戸田,戸田市南町9-29,要確認,屋内（風除室含む）,場所とる,"23,000","(土)2,5000／(日)27,000",要確認,,,,,,,,,,,
,スーパーバリュー,スーパーバリュー春日部小渕①　風除室スペース,春日部市小渕462-1,長机1台程度,屋内（風除室含む）,場所とる,"23,000","(土)2,5000／(日)27,000",要確認,,,,,,,,,,,
,スーパーバリュー,スーパーバリュー春日部小渕②　店頭または駐車場へ向かう通路,春日部市小渕462-1,要確認,屋外,場所とる,"23,000","(土)2,5000／(日)27,000",要確認,,,,,,,,,,,
,スーパーバリュー,スーパーバリュー春日部大場①　レジ後方催事スペース,春日部市大場14-1,長机1～2台程度,屋内（風除室含む）,場所とる,"23,000","(土)2,5000／(日)27,000",要確認,,,,,,,,,,,
,スーパーバリュー,スーパーバリュー春日部大場②　催事スペース,春日部市大場14-1,要確認,屋外,場所とる,"23,000","(土)2,5000／(日)27,000",要確認,,,,,,,,,,,
,スーパーバリュー,スーパーバリュー入間春日町,入間市春日町1-12-1,長机1～2台程度,屋内（風除室含む）,場所とる,"23,000","(土)2,5000／(日)27,000",要確認,,,,SB　NG,,,,,,,
,スーパーバリュー,スーパーバリュー飯能,飯能市柳町21-17,要確認,屋外,場所とる,"23,000","(土)2,5000／(日)27,000",要確認,,,,,,,,,,,
,スーパーマルサン,スーパーマルサン越谷花田①　店内スペース　,越谷市花田3-7-1,長机2台分程,屋内（風除室含む）,グラスト,"24,000","24,000",要確認,,,,,,,,,,,
,スーパーマルサン,スーパーマルサン越谷花田②　店内スペース,越谷市花田3-7-1,長机1台分程,屋内（風除室含む）,グラスト,"12,000","12,000",要確認,,,,,,,,,,,
,スーパーマルサン,スーパーマルサン越谷花田③　店内スペース,越谷市花田3-7-1,長机3台分程,屋内（風除室含む）,グラスト,"31,000","31,000",要確認,,,,,,,,,,,
,スーパーマルサン,スーパーマルサン久喜①　会計レジ脇(出口付近),久喜市大字古久喜403-3,長机1台分程,屋内（風除室含む）,グラスト,"17,000","17,000",要確認,,,,,,,,,,,
,スーパーマルサン,スーパーマルサン久喜②　会計レジ脇(出口付近),久喜市大字古久喜403-3,長机2台分(L字),屋内（風除室含む）,グラスト,"24,000","24,000",要確認,,,,,,,,,,,
,イオン,イオン八潮南①　1F 立体駐車場側入口横,八潮市大曽根２７３−５,1.5ｍ×2ｍ(1坪),屋内（風除室含む）,グラスト,"25,000","25,000",要確認,,,,,,,,,,,
,イオン,イオン八潮南②　1F エスカレーター前,八潮市大曽根２７３−５,1.5m×2m(1坪),屋内（風除室含む）,グラスト,"25,000","25,000",要確認,,,,,,,,,,,
,イオン,イオン八潮南③　東側駐車場入口,八潮市大曽根２７３−５,要確認,屋内（風除室含む）,場所とる,"20,000","20,000",要確認,,,,,,,,,,,
,マルエツ,マルエツ入間川,狭山市中央２丁目１−１,長机1台分程,屋内（風除室含む）,ダイエースペース,"15,000","20,000",要確認,,,,,,,,,,,
,ヨークマート,ヨークマート入間,入間市下藤沢1317−1,長机1台～,屋内（風除室含む）,場所とる,"30,000","30,000",要確認,,,,,,,,,,,
,ヨークマート,ヨークマート越谷花田,越谷市花田2丁目2-3,長机2台程度,屋内（風除室含む）,場所とる,"30,000","30,000",要確認,,,,【8.15.18.25.28日は土日祝料金】【3月.5月.8月.12月は賃料増額】,,,,,,,
,ヨークマート,ヨークマート越谷赤山,越谷市赤山町5丁目8-39,長机2台程度,屋内（風除室含む）,場所とる,"30,000","30,000",要確認,,,,【8.15.18.25.28日は土日祝料金】【3月.5月.8月.12月は賃料増額】,,,,,,,
,ヨークマート,ヨークマート桶川,長机2台程度,長机2台程度,屋内（風除室含む）,場所とる,"30,000","30,000",要確認,,,,【8.15.18.25.28日は土日祝料金】【3月.5月.8月.12月は賃料増額】,,,,,,,
,ヨークマート,ヨークマート下前,戸田市下前2丁目1-12,長机1台程度,屋内（風除室含む）,場所とる,"30,000","30,000",要確認,,,,【8.15.18.25.28日は土日祝料金】【3月.5月.8月.12月は賃料増額】,,,,,,,
,ヨークマート,ヨークマート大宮南中野,さいたま市見沼区南中野840-1,長机1台程度,屋内（風除室含む）,場所とる,"30,000","30,000",要確認,,,,【8.15.18.25.28日は土日祝料金】【3月.5月.8月.12月は賃料増額】,,,,,,,
,ヨークマート,ヨークフーズ東岩槻,さいたま市岩槻区諏訪5丁目1-1,長机L字2台程度,屋内（風除室含む）,場所とる,"30,000","30,000",要確認,,,,【8.15.18.25.28日は土日祝料金】【3月.5月.8月.12月は賃料増額】,,,,,,,
,ヨークマート,ヨークフーズ新座馬場,新座市馬場4-6-15,長机1台程度,屋内（風除室含む）,場所とる,"30,000","30,000",要確認,,,,【8.15.18.25.28日は土日祝料金】【3月.5月.8月.12月は賃料増額】,,,,,,,
,ヨークマート,ヨークフーズ中浦和,さいたま市桜区西堀4-3-23,8坪程度,屋内（風除室含む）,場所とる,"30,000","30,000",要確認,,,,【8.15.18.25.28日は土日祝料金】【3月.5月.8月.12月は賃料増額】,,,,,,,
,ヨークマート,ヨークマート日進①　1Fベーカリー横スペース,さいたま市北区日進町2丁目1916-8,8㎡程度,屋内（風除室含む）,場所とる,"30,000","30,000",要確認,,,,au不可【8.15.18.25.28日は土日祝料金】【3月.5月.8月.12月は賃料増額】,,,,,,,
,ヨークマート,ヨークマート日進②　2Fベーカリー横スペース,さいたま市北区日進町2丁目1916-9,23㎡程度,屋内（風除室含む）,場所とる,"30,000","30,000",要確認,,,,au不可【8.15.18.25.28日は土日祝料金】【3月.5月.8月.12月は賃料増額】,,,,,,,
,ヨークマート,ヨークマート北本二ツ家,北本市二ツ家4丁目118-1,長机1台程度,屋内（風除室含む）,場所とる,"30,000","30,000",要確認,,,,【8.15.18.25.28日は土日祝料金】【3月.5月.8月.12月は賃料増額】,,,,,,,
,ヨークマート,ヨークマート柳崎,川口市柳崎5丁目1-35,長机2台程度,屋内（風除室含む）,場所とる,"30,000","30,000",要確認,,,,【8.15.18.25.28日は土日祝料金】【3月.5月.8月.12月は賃料増額】,,,,,,,
,ヨークマート,ヨークマート芝前川,川口市芝下3-37-28,6.6㎡程度,屋内（風除室含む）,場所とる,"30,000","30,000",要確認,,,,【8.15.18.25.28日は土日祝料金】【3月.5月.8月.12月は賃料増額】,,,,,,,
,島忠ホームズ,島忠ホームズ川口①　１F店頭入口,川口市大字芝7229,2.0m×2.4m程度,屋内（風除室含む）,場所とる,"38,000","68,000",要確認,,,,,,,,,,,
,島忠ホームズ,島忠ホームズ川口②　１F店頭軒下,川口市大字芝7229,要確認,屋外,場所とる,"28,000","48,000",要確認,,,,,,,,,,,
,島忠ホームズ,島忠草加,草加市花栗2-7-21,4m×1.8m,屋内（風除室含む）,場所とる,"38,000","58,000",要確認,,,,,,,,,,,
,島忠ホームズ,島忠新座,新座市東北2-5-26,2m×2m,屋内（風除室含む）,グラスト,"40,000","72,000",実施不可,,,,,,,,,,,
,島忠ホームズ,島忠和光①　2階EVホール,和光市南1-4-15,3m×2.6m,屋内（風除室含む）,場所とる,"48,000","88,000",要確認,,,,,,,,,,,
,島忠ホームズ,島忠和光②　3階駐車場入口,和光市南1-4-15,2.4m×1m,屋内（風除室含む）,グラスト,"40,000","60,000",要確認,,,,,,,,,,,
,島忠ホームズ,島忠和光③　1階2階段踊り場,和光市南1-4-15,3㎡程度,屋内（風除室含む）,場所とる,"48,000","88,000",要確認,,,,,,,,,,,
,島忠ホームズ,島忠和光④　1階レジ出口,和光市南1-4-15,要確認,屋内（風除室含む）,場所とる,"48,000","68,000",要確認,,,,,,,,,,,
,島忠ホームズ,島忠川口朝日,川口市朝日4-3-14,3m×1.2m,屋内（風除室含む）,グラスト,"40,000","60,000",要確認,,,,,,,,,,,
,島忠ホームズ,島忠浦和中尾,さいたま市緑区中尾835,3.5坪程度,屋内（風除室含む）,場所とる,"38,000","58,000",要確認,,,,,,,,,,,
,島忠ホームズ,島忠ホームズ三郷中央①　2階エレベーターホール（エスカレーター付近）,三郷市中央3-33-8,5.4m×3.6m程度,屋内（風除室含む）,場所とる,"38,000","68,000",要確認,,,,,,,,,,,
,島忠ホームズ,島忠ホームズ三郷中央②　3階EVホール,三郷市中央3-33-8,1.8坪程度,屋内（風除室含む）,場所とる,"38,000","68,000",実施不可,,,,,,,,,,,
,島忠ホームズ,島忠ホームズ所沢①　1Fイベントスペース Ⓐ,所沢市青葉台1327番地,3.8坪/12.5㎡,屋内（風除室含む）,グラスト,"70,000","130,000",実施不可,,,,,,,,,,,
,島忠ホームズ,"島忠ホームズ所沢②　""２ＦイベントスペースⒷ""",所沢市青葉台1327番地,4.5坪/14.8㎡,屋内（風除室含む）,グラスト,"60,000","120,000",実施不可,,,,,,,,,,,
,島忠ホームズ,"島忠ホームズ所沢③　""３Ｆイベントスペース Ⓓ""",所沢市青葉台1327番地,4.6坪/15.3㎡,屋内（風除室含む）,グラスト,"60,000","120,000",実施不可,,,,,,,,,,,
,島忠ホームズ,"島忠ホームズ所沢④　""３Ｆイベントスペース Ⓔ""",所沢市青葉台1327番地,3.8坪/12.4㎡,屋内（風除室含む）,グラスト,"60,000","120,000",実施不可,,,,,,,,,,,
,島忠ホームズ,島忠ホームズ浦和南,さいたま市南区内谷7-12-5,2.8m×3.2m,屋内（風除室含む）,場所とる,"38,000","58,000",要確認,,,,,,,,,,,
,島忠ホームズ,島忠ホームズ川越①　1階イベントスペース,川越市小仙波691-1,2.8m×1.5m,屋内（風除室含む）,場所とる,"58,000","108,000",要確認,,,,,,,,,,,
,島忠ホームズ,島忠ホームズ川越②　2階イベントスペース,川越市小仙波691-1,2.5m×2m,屋内（風除室含む）,場所とる,"38,000","68,000",要確認,,,,,,,,,,,
,島忠ホームズ,島忠ホームズさいたま中央①　1階イベントスペース,さいたま市中央区上落合 8-3-32,4m×2.5m,屋内（風除室含む）,グラスト,"60,000","120,000",要確認,,,,,,,,,,,
,島忠ホームズ,島忠ホームズさいたま中央②　2階イベントスペース,さいたま市中央区上落合 8-3-32,4m×4m,屋内（風除室含む）,グラスト,"60,000","120,000",要確認,,,,,,,,,,,
,島忠ホームズ,島忠ホームズさいたま中央③　1階エスカレーター横,さいたま市中央区上落合 8-3-32,10.72坪程度,屋内（風除室含む）,場所とる,"58,000","108,000",要確認,,,,,,,,,,,
,島忠ホームズ,島忠ホームズ与野①　１階ATM横スペース,さいたま市中央区新中里3-20-30,要確認,屋内（風除室含む）,場所とる,"38,000","68,000",要確認,,,,,,,,,,,
,島忠ホームズ,島忠ホームズ与野②　１階店頭入口,さいたま市中央区新中里3-20-30,3.6m×2.4m程度,屋内（風除室含む）,場所とる,"38,000","68,000",要確認,,,,,,,,,,,
,島忠ホームズ,島忠ホームズ与野③　１階店頭入口（駐車場入口）,さいたま市中央区新中里3-20-30,3.6m×1.8m程度,屋内（風除室含む）,場所とる,"38,000","68,000",要確認,,,,,,,,,,,
,島忠ホームズ,島忠春日部本店,春日部市西八木崎2-8-1,4m×1.2m程度,屋内（風除室含む）,場所とる,"38,000","58,000",要確認,,,,,,,,,,,
,イオンスタイル,イオンスタイル南栗橋①　店内入り口付近,久喜市南栗橋8-2-1,長机1~2台分程,屋内（風除室含む）,ダイエースペース,"25,000","30,000",要確認,,,,,,,,,,,
,イオンスタイル,イオンスタイル南栗橋②　屋外スペース,久喜市南栗橋8-2-1,長机1~2台分程,屋外,グラスト,"30,000","30,000",要確認,,,,,,,,,,,
,イオンスタイル,イオンスタイルせんげん台①　1F イートイン側 珈琲百貨店横,越谷市千間台西3-2-12,1.5ｍ×2.2ｍ(1坪),屋内（風除室含む）,ダイエースペース,"20,000","40,000",要確認,,,,電源有り,,,,,,,
,イオンスタイル,イオンスタイルせんげん台②　1Fエスカレーター前催事場,越谷市千間台西3-2-12,2ｍ×3.5ｍ(2.1坪),屋内（風除室含む）,グラスト,"40,000","60,000",要確認,,,,電源有り,,,,,,,
,イオンスタイル,イオンスタイルせんげん台③　1F 西側駐車場出口,越谷市千間台西3-2-12,3.5ｍ×3.5ｍ(3.7坪),屋内（風除室含む）,グラスト,"30,000","50,000",要確認,,,,電源有り,,,,,,,
,イオンスタイル,イオンスタイルせんげん台④　1F リカー出入口横,越谷市千間台西3-2-12,2.5m×1.8m(1.5坪),屋内（風除室含む）,グラスト,"25,000","40,000",要確認,,,,電源有り,,,,,,,
,イオンスタイル,イオンスタイルせんげん台⑤　1F 銀行ATM横,越谷市千間台西3-2-12,3m×1.5m(1.4坪),屋内（風除室含む）,グラスト,"25,000","40,000",要確認,,,,電源有り,,,,,,,
,イオンスタイル,イオンスタイルせんげん台⑥　1F 上りエスカレーター横,越谷市千間台西3-2-12,3.6m×1.8m(2坪),屋内（風除室含む）,グラスト,"30,000","50,000",要確認,,,,電源有り,,,,,,,
,イオンスタイル,イオンスタイル入間　2F中央エレベーター前,入間市上藤沢462-1,要確認,屋内（風除室含む）,場所とる,"35,000","55,000",要確認,,,,"SB,YM NG",,,,,,,
,イオンスタイル,イオンスタイル武蔵狭山　2Fバーガーキング前,狭山市入間川３丁目３１−５,要確認,屋内（風除室含む）,ダイエースペース,"20,000","30,000",要確認,,,,,,,,,,,
,イオンスタイル,イオンスタイル北戸田,戸田市美女木東1-3-1,要確認,屋内（風除室含む）,ダイエースペース,"30,000","45,000",要確認,,,,,,,,,,,
,イオンスタイル,イオンスタイル新井宿駅前　イートイン脇,川口市大字新井宿95-1,要確認,屋内（風除室含む）,場所とる,"17,000","17,000",要確認,,,,,,,,,,,
,イオンスタイル,イオンスタイル入曽駅前①　1F食品レジ後ろ,南入曽540-1,約1.5m × 約1.5m,屋内（風除室含む）,ダイエースペース,"25,000","37,500",要確認,,,,,,,,,,,
,イオンスタイル,イオンスタイル入曽駅前①　2F店内スペース,南入曽540-1,要確認,屋内（風除室含む）,ダイエースペース,"25,000","37,500",要確認,,,,,,,,,,,
,イオンスタイル,イオンフードスタイル東浦和　JR東浦和駅川出入口脇,さいたま市緑区東浦和5-2-1,要確認,屋外,ダイエースペース,"15,000","20,000",要確認,,,,,,,,,,,
,マミーマート,マミーマート蓮田,蓮田市上1-8-5,,屋内（風除室含む）,場所とる,"21,000","21,000",要確認,,,,,,,,,,,
,マミーマート,マミープラス下戸田①　1Fガチャガチャ横,戸田市下戸田2-31-4,2.6m×2m程度,屋内（風除室含む）,場所とる,"21,000","21,000",要確認,,,,,,,,,,,
,マミーマート,マミープラス下戸田②　1F軒下,戸田市下戸田2-31-4,2m×1.5m程度,屋外,場所とる,"21,000","21,000",要確認,,,,,,,,,,,
,マミーマート,マミーマート小手指,所沢市小手指町4-2-5,長机1台程度,屋外,場所とる,"21,000","21,000",要確認,,,,,,,,,,,
,マミーマート,マミーマート菖蒲,久喜市菖蒲町三箇477-1,2m×2m程度,屋外,場所とる,"21,000","21,000",要確認,,,,,,,,,,,
,パトリア,パトリア東大宮①　1F北側出入口風除室前（館内）,さいたま市見沼区春野２丁目８,約0.5坪,屋内（風除室含む）,グラスト,"30,000","30,000",要確認,,,,,,,,,,,
,パトリア,パトリア東大宮②　1Fエレベーターホール前,さいたま市見沼区春野２丁目８,約２坪,屋内（風除室含む）,グラスト,"30,000","30,000",要確認,,,,,,,,,,,
,イオンモール,イオンモール川口①　1階 ウエストコート,川口市安行領根岸3180番地,約33坪,屋内（風除室含む）,グラスト,"300,000","600,000",要確認,,,,,,,,,,,
,イオンモール,イオンモール川口②　1階 センターコート,川口市安行領根岸3180番地,"""約	38坪""",屋内（風除室含む）,グラスト,"300,000","600,000",要確認,,,,,,,,,,,
,イオンモール,イオンモール川口③　1階 イーストコート,川口市安行領根岸3180番地,"""	約	30坪""",屋内（風除室含む）,グラスト,"300,000","600,000",要確認,,,,,,,,,,,
,イオンモール,イオンモール川口④　1階 センターコート横,川口市安行領根岸3180番地,約9坪,屋内（風除室含む）,グラスト,"150,000","300,000",要確認,,,,,,,,,,,
,イオンモール,イオンモール川口⑤　2階 ウエストブリッジ左,川口市安行領根岸3180番地,約6坪,屋内（風除室含む）,グラスト,"90,000","180,000",要確認,,,,,,,,,,,
,イオンモール,イオンモール川口⑥　2階 ウエストブリッジ右,川口市安行領根岸3180番地,約6坪,屋内（風除室含む）,ダイエースペース,"70,000","130,000",要確認,,,,,,,,,,,
,イオンモール,イオンモール川口⑦　 2階 センターブリッジ,川口市安行領根岸3180番地,"""約	5坪""",屋内（風除室含む）,グラスト,"90,000","180,000",要確認,,,,,,,,,,,
,イオンモール,イオンモール川口⑧　 2階 フードフォレスト入口,川口市安行領根岸3180番地,約9坪,屋内（風除室含む）,グラスト,"150,000","300,000",要確認,,,,,,,,,,,
,イオンモール,イオンモール川口⑨　 3階 ウエストブリッジ,川口市安行領根岸3180番地,約6坪,屋内（風除室含む）,グラスト,"90,000","180,000",要確認,,,,,,,,,,,
,イオンモール,イオンモール川口⑩　 3階 センターブリッジ,川口市安行領根岸3180番地,"""約	3坪""",屋内（風除室含む）,グラスト,"90,000","180,000",要確認,,,,,,,,,,,
,イオンモール,イオンモール川口⑪　3階 イーストブリッジ,川口市安行領根岸3180番地,"""約	4坪""",屋内（風除室含む）,グラスト,"90,000","180,000",要確認,,,,,,,,,,,
,イオンモール,イオンモール北戸田①　2Fフードコート前,戸田市美女木東１丁目３−１,約3ｍ　×　約5ｍ　　（約4.5坪）,屋内（風除室含む）,ダイエースペース,"60,000","110,000",実施可能,,,,強引な接客は禁止,,,,,,,
,イオンモール,イオンモール北戸田②　店内スペース,戸田市美女木東１丁目３−１,要確認,屋内（風除室含む）,ダイエースペース,"60,000","110,000",実施可能,,,,通行客の前に立たない（通行の妨げ）,,,,,,,
,イオンモール,イオンモール北戸田③　店頭外スペース,戸田市美女木東１丁目３−１,要確認,屋内（風除室含む）,ダイエースペース,"60,000","110,000",実施可能,,,,区画外での営業禁止,,,,,,,
,イオンモール,イオンモール北戸田④　店頭外スペース,戸田市美女木東１丁目３−１,要確認,屋内（風除室含む）,ダイエースペース,"60,000","110,000",実施可能,,,,区画外での営業禁止,,,,,,,
,イオンモール,イオンモール北戸田⑤　2Fブリッジ,戸田市美女木東１丁目３−１,要確認,屋内（風除室含む）,ダイエースペース,"60,000","110,000",実施可能,,,,,,,,,,,
,ダイエー,ダイエー草加,草加市氷川町２１０２−３,長机1台分程,屋内（風除室含む）,ダイエースペース,"15,000","20,000",要確認,,,,,,,,,,,
,ドン・キホーテ,MEGAドン・キホーテ三郷,三郷市さつき平1-1-1,4.5㎡,屋内（風除室含む）,自由市場,"24,500","31,500",要確認,無,無,有,,,,,,,,
,ドン・キホーテ,MEGAドン・キホーテ草加,草加市栄町2-8-33,1.6㎡,屋内（風除室含む）,自由市場,"21,500","26,500",要確認,無,無,有,,,,,,,,
,ドン・キホーテ,ドン・キホーテ大宮,さいたま市北区東大成町2-685,9㎡,屋外,グラスト,"13,000","13,000",要確認,,,,,,,,,,,
,ドン・キホーテ,ドン・キホーテ蕨①　自転車買場横イベントスペース,蕨市錦町1-11-11,7㎡,屋外,自由市場,"15,500","17,500",要確認,無,無,有,,,,,,,,
,ドン・キホーテ,ドン・キホーテ蕨②　出口横イベントスペース,蕨市錦町1-11-11,"2,8㎡",屋外,自由市場,"15,500","20,500",要確認,無,無,有,,,,,,,,
,ドン・キホーテ,ドン・キホーテ新座野火止①　店頭スペース,新座市野火止4-1-77,1.4㎡,屋外,自由市場,"12,500","15,500",要確認,無,無,有,,,,,,,,
,ドン・キホーテ,ドン・キホーテ新座野火止②　1階中央イベントスペース,新座市野火止4-1-77,2.3㎡,屋内（風除室含む）,自由市場,"23,500","29,500",要確認,無,無,有,,,,,,,,
,ドン・キホーテ,ドン・キホーテ川越①　店頭自転車売場側スペース,川越市小仙波938-2,15㎡,屋外,自由市場,"3,000","3,000",要確認,無,無,有,,,,,,,,
,ドン・キホーテ,ドン・キホーテ川越②　屋外催事スペース,川越市小仙波938-2,4㎡,屋外,自由市場,"19,500","25,500",要確認,無,無,有,,,,,,,,
,ドン・キホーテ,ドン・キホーテ与野,さいたま市中央区八王子1-7-26,1.6㎡,屋外,グラスト,"17,500","20,500",要確認,,,,,,,,,,,
,ドン・キホーテ,MEGAドン･キホーテ春日部①　生鮮館入口側スペース(屋外)※キャンペーン専用,春日部市南中曽根895-1,10㎡,屋外,グラスト,"18,500","20,500",要確認,,,,通信系ＮＧ,,,,,,,
,ドン・キホーテ,MEGAドン･キホーテ春日部②　生鮮館入口駐車場イベントスペース(屋外),春日部市南中曽根895-1,10㎡,屋外,グラスト,"22,500","24,500",要確認,,,,通信系ＮＧ,,,,,,,
,ドン・キホーテ,MEGAドン･キホーテ春日部③　生鮮館屋内イベントスペース1,春日部市南中曽根895-1,3.5㎡,屋内（風除室含む）,グラスト,"29,500","32,500",要確認,,,,通信系ＮＧ,,,,,,,
,ドン・キホーテ,ドン・キホーテ所沢宮本町①　レジアウト催事スペース,所沢市宮本町2-25-15,1㎡,屋内（風除室含む）,自由市場,"22,500","25,500",要確認,無,無,有,,,,,,,,
,ドン・キホーテ,ドン・キホーテ所沢宮本町②　店頭入口,所沢市宮本町2-25-15,1㎡,屋外,自由市場,"10,500","20,500",要確認,無,無,有,,,,,,,,
,ドン・キホーテ,ＭＥＧＡドン・キホーテ蓮田,蓮田市東4-5-13,1.8㎡,屋内（風除室含む）,グラスト,"29,500","30,500",要確認,,,,,,,,,,,
,ドン・キホーテ,ドン・キホーテ越谷,越谷市谷中町2-55-2,4㎡,屋外,場所とる,"15,500","18,500",要確認,無,無,有,,,,,,,,
,ドン・キホーテ,MEGAドン・キホーテ東松山①　屋外店頭スペース,東松山市石橋1648-1,3㎡,屋外,自由市場,"14,500","17,500",要確認,無,無,有,,,,,,,,
,ドン・キホーテ,MEGAドン・キホーテ東松山②　1階屋内レジ前催事スペース,東松山市石橋1648-1,"1,6㎡",屋内（風除室含む）,自由市場,"24,500","32,500",要確認,無,無,有,,,,,,,,
,ドン・キホーテ,ドン・キホーテUNY大桑,加須市鳩山町10-10,1.8㎡,屋外,自由市場,"15,500","20,500",要確認,無,無,有,,,,,,,,
,ドン・キホーテ,MEGAドン・キホーテ北鴻巣店①　1階屋内レジ横イベントスペース,鴻巣市箕田3111-1,"7,5㎡",屋内（風除室含む）,自由市場,"22,500","32,500",要確認,無,無,有,,,,,,,,
,ドン・キホーテ,MEGAドン・キホーテ北鴻巣店②　店頭自販機前スペース,鴻巣市箕田3111-1,4㎡,屋外,自由市場,"14,500","17,500",要確認,無,無,無,,,,,,,,
,ドン・キホーテ,ドン・キホーテ鶴ヶ島,鶴ヶ島市三ツ木新町2-8-3 1階,"3,7㎡",屋内（風除室含む）,自由市場,"24,500","30,500",要確認,無,無,有,,,,,,,,
,ドン・キホーテ,ドン・キホーテ北上尾PAPA,上尾市緑丘3-3-11-1,"1,8㎡",屋内（風除室含む）,自由市場,"25,500","31,500",要確認,無,無,有,,,,,,,,
,ドン・キホーテ,ドン・キホーテ入間,入間市小谷田2-3-33,"12,5㎡",屋外,自由市場／場所とる,"11,500","20,500",要確認,無,無,有,,,,,,,,
,ドン・キホーテ,ドン・キホーテ武蔵浦和①　店頭催事スペース1,さいたま市南区白幡5-16-10,"6,8㎡",屋外,自由市場,"24,500","29,500",要確認,無,無,有,,,,,,,,
,ドン・キホーテ,ドン・キホーテ武蔵浦和②　店頭催事スペース2,さいたま市南区白幡5-16-10,"6,8㎡",屋外,自由市場,"24,500","29,500",要確認,無,無,有,,,,,,,,
,ドン・キホーテ,ドン・キホーテ武蔵原山①　店頭催事スペース,さいたま市緑区原山4-3-3,"5,2㎡",屋外,自由市場,"10,500","13,500",要確認,無,無,有,,,,,,,,
,ドン・キホーテ,ドン・キホーテ武蔵原山②　B1フードコート,さいたま市緑区原山4-3-3,"2,4㎡",屋内（風除室含む）,自由市場,"21,500","29,500",要確認,無,無,有,,,,,,,,
,ドン・キホーテ,ドン・キホーテ川口新井宿,川口市西新井宿81-1,"2,7㎡",屋外,自由市場,"15,500","17,500",要確認,無,無,有,,,,,,,,
,ドン・キホーテ,ドン・キホーテUNY本庄①　1階テナント区画,本庄市南1-2-10,51㎡,屋内（風除室含む）,自由市場,"21,500","29,500",要確認,無,無,有,,,,,,,,
,ドン・キホーテ,ドン・キホーテUNY本庄②　1階催事場前,本庄市南1-2-10,"3,2㎡",屋内（風除室含む）,自由市場,"21,500","30,500",要確認,無,無,有,,,,,,,,
,ヤオコー,ヤオコーマーケットプレイス狭山,狭山市広瀬東2-41-1,長机1～2台程度,屋内（風除室含む）,場所とる,"23,000","28,000",要確認,,,,ドコモＮＧ,,,,,,,
,西友,西友中浦和,さいたま市南区関1-1-11,長机1台分,屋内（風除室含む）,グラスト,"25,000","30,000",要確認,,,,,,,,,,,
,西友,西友蒲生伊原,越谷市伊原1丁目4-1,6.61㎡程度,屋内（風除室含む）,場所とる,"21,000","21,000",要確認,,,,,,,,,,,
,西友,西友所沢ニュータウン,所沢市中新井3丁目20-37,6.61㎡程度,屋外,場所とる,"17,000","17,000",要確認,,,,,,,,,,,
,西友,西友所沢榎町,所沢市榎町1-19,2.38㎡程度,屋内（風除室含む）,場所とる,"20,000","20,000",要確認,,,,,,,,,,,
,西友,西友新所沢,所沢市緑町1丁目21-26,6.6㎡程度,屋外,場所とる,"20,000","20,000",要確認,,,,,,,,,,,
,西友,西友吹上,鴻巣市鎌塚4丁目8-19,6㎡程度,屋外,場所とる,"17,000","17,000",要確認,,,,,,,,,,,
,西友,西友西所沢,所沢市西所沢1丁目26-4,4㎡程度,屋内（風除室含む）,場所とる,"20,000","20,000",要確認,,,,,,,,,,,
,西友,西友川口赤山,川口市赤山1426,6.61㎡程度,屋内（風除室含む）,場所とる,"21,000","21,000",要確認,,,,,,,,,,,
,西友,西友川口本町,川口市本町4丁目5-26,長机1台程度,屋内（風除室含む）,場所とる,"20,000","20,000",要確認,,,,,,,,,,,
,西友,西友草加①　1F催事スペース1,草加市高砂1丁目6-21,6.6㎡程度,屋内（風除室含む）,場所とる,"20,000","35,000",要確認,,,,,,,,,,,
,西友,西友草加②　1F催事スペース2,草加市高砂1丁目6-21,6.6㎡程度,屋内（風除室含む）,場所とる,"20,000","35,000",要確認,,,,,,,,,,,
,西友,西友朝霞根岸,朝霞市根岸台5丁目3-20,9.92㎡程度,屋内（風除室含む）,場所とる,"22,000","22,000",要確認,,,,,,,,,,,
,西友,西友鳩山ニュータウン①　１F店頭,鳩山町松ヶ丘1丁目2-1,20㎡程度,屋外,場所とる,"17,000","17,000",要確認,,,,,,,,,,,
,西友,西友鳩山ニュータウン②　１F軒先スペース,鳩山町松ヶ丘1丁目2-2,23.14㎡程度,屋外,場所とる,"17,000","17,000",要確認,,,,,,,,,,,
,西友,西友蕨,蕨市中央3丁目17-18,6.61㎡程度,屋外,場所とる,"20,000","20,000",要確認,,,,,,,,,,,
,MOVIX,MOVIX川口　シアターロビー,川口市並木元町1-79アリオ川口3F,2㎡程度,屋内（風除室含む）,場所とる,"55,000","55,000",,,,,,,,,,,,
,Aコープ東日本,JAファーマーズ入間①　屋外軒下,狭山市南入曽628-1,長机1～2台程,屋外,グラスト,"30,000","30,000",要確認,,,,,,,,,,,
,Aコープ東日本,JAファーマーズ入間②　店内or風除室,狭山市南入曽628-1,長机1～2台程,屋内（風除室含む）,グラスト,"20,000","20,000",要確認,,,,,,,,,,,
,大宮ラクーン,大宮ラクーン①　1階ラクーンストリート,さいたま市大宮区宮町1-60,2.8坪程度,屋内（風除室含む）,場所とる,"48,000","55,000",,,,,,,,,,,,
,大宮ラクーン,大宮ラクーン②　3階イベントスペース(しゃべる木裏),さいたま市大宮区宮町1-60,要確認,屋内（風除室含む）,場所とる,"38,000","45,000",,,,,,,,,,,,
,ダイエー,ダイエー東川口,川口市東川口３丁目７−８,長机1台分,屋内（風除室含む）,グラスト,"25,000","30,000",要確認,,,,,,,,,,,
,ダイエー,グルメシティ浦和道場店　店内入口スペース,埼玉県さいたま市桜区道場2丁目1-1,要確認,屋内（風除室含む）,ダイエースペース,"15,000","20,000",要確認,,,,,,,,,,,
,マルエツ,マルエツアクロスプラザ坂戸,坂戸市日の出町５−３０,長机1台分程～,屋内（風除室含む）,ダイエースペース,"15,000","20,000",要確認,,,,,,,,,,,
,マルエツ,マルエツ上青木,川口市上青木西５丁目１３−２,長机1台分程～,屋内（風除室含む）,ダイエースペース,"15,000","20,000",要確認,,,,,,,,,,,
,マルエツ,マルエツ東大宮,さいたま市見沼区東大宮４丁目２７−７,長机1台分程～,屋内（風除室含む）,グラスト,"25,000","30,000",要確認,,,,人数制限有り,,,,,,,
,マルエツ,マルエツ白鍬,さいたま市桜区白鍬５６１,長机1台分程～,屋外,ダイエースペース,"15,000","20,000",要確認,,,,,,,,,,,
,マルエツ,マルエツ安行北谷,川口市安行北谷６００,長机1台分程～,屋内（風除室含む）,ダイエースペース,"15,000","20,000",要確認,,,,,,,,,,,
,マルエツ,マルエツ大成,さいたま市北区東大成町１丁目５０７,長机1台分程～,屋外,グラスト,"25,000","30,000",要確認,,,,,,,,,,,
,マルエツ,マルエツ草加八幡①　屋外スペース,草加市八幡町１３３５,長机1台分程～,屋外,ダイエースペース,"15,000","20,000",要確認,,,,毎月1日、第3土曜催事不可,,,,,,,
,マルエツ,マルエツ草加八幡②　店内スペース,草加市八幡町１３３５,要確認,屋内（風除室含む）,ダイエースペース,"15,000","20,000",要確認,,,,,,,,,,,
,マルエツ,マルエツ西川口東口,川口市西青木３丁目８−１８,長机1台分程～,屋内（風除室含む）,ダイエースペース,"15,000","20,000",要確認,,,,,,,,,,,
,マルエツ,マルエツ伊奈①　1階レジ横,北足立郡伊奈町寿３丁目９４,1.0m×1.5m程度,屋内（風除室含む）,場所とる,"20,000","25,000",要確認,,,,,,,,,,,
,マルエツ,マルエツ伊奈②　2階遊休スペース,北足立郡伊奈町寿３丁目９４,1.0m×1.5m程度,屋内（風除室含む）,場所とる,"20,000","25,000",要確認,,,,,,,,,,,
,マルエツ,マルエツ伊奈③　屋外,北足立郡伊奈町寿３丁目９４,要確認,屋外,ダイエースペース,"15,000","20,000",要確認,,,,,,,,,,,
,マルエツ,マルエツ与野,さいたま市中央区上落合４丁目９−９,長机1台分程～,屋外,ダイエースペース,"15,000","20,000",要確認,,,,,,,,,,,
,マルエツ,マルエツ浦和大久保,さいたま市桜区上大久保 作田９８２－１,長机1台分程～,屋外,ダイエースペース,"15,000","20,000",要確認,,,,,,,,,,,
,マルエツ,マルエツ豊春,春日部市下蛭田２７８,長机1台分程～,屋内（風除室含む）,ダイエースペース,"15,000","20,000",要確認,,,,,,,,,,,
,マルエツ,マルエツ東門前,さいたま市見沼区大字東門前字谷中77-1,要確認,屋内（風除室含む）,ダイエースペース,"15,000","20,000",要確認,,,,電源使用時は要相談,,,,,,,
,マルエツ,マルエツ蕨,埼玉県蕨市中央3-20-13,要確認,屋内（風除室含む）,ダイエースペース,"15,000","20,000",要確認,,,,,,,,,,,
,マルエツ,マルエツ蕨北町　屋外スペース,埼玉県蕨市北町5-4-32,2ｍ　×　1ｍ　（0.6坪）　,屋内（風除室含む）,ダイエースペース,要確認,要確認,要確認,,,,,,,,,,,
,マルエツ,マルエツ所沢御幸町　店内入口スペース,埼玉県所沢市御幸町１−１６,長机1台（約1．8m ×約1．0ｍ）　,屋内（風除室含む）,ダイエースペース,"15,000","20,000",要確認,,,,,,,,,,,
,マルエツ,マルエツ三橋　屋外スペース,埼玉県さいたま市大宮区三橋4-4-1,要確認,屋外,ダイエースペース,"15,000","20,000",要確認,,,,,,,,,,,
,マルエツ,マルエツ蓮田椿山　レジ後方,埼玉県蓮田市椿山2-12-15,要確認,屋内（風除室含む）,ダイエースペース,"15,000","20,000",要確認,,,,,,,,,,,
,マルエツ,マルエツ西大宮駅前　店頭外スペース,さいたま市西区西大宮1-7-7,要確認,屋外,ダイエースペース,"15,000","20,000",要確認,,,,,,,,,,,
,マルエツ,マルエツ戸田氷川町　サービスカウンター前,埼玉県戸田市氷川町2-16-19,要確認,屋内（風除室含む）,ダイエースペース,"15,000","20,000",要確認,,,,,,,,,,,
,マルエツ,マルエツ一の割　レジアウト,埼玉県春日部市備後東 1 -24- 1,要確認,屋内（風除室含む）,ダイエースペース,"15,000","20,000",要確認,,,,,,,,,,,
,マルエツ,マルエツ三郷中央　風除室,埼玉県三郷市中央1-3-1,要確認,屋内（風除室含む）,ダイエースペース,"15,000","20,000",要確認,,,,お客様の導線確保,,,,,,,
,マルエツ,マルエツナリア武蔵浦和①　店内惣菜側,埼玉県さいたま市南区沼影1-12-1,2ｍ　×　1ｍ　（0.6坪）　,屋内（風除室含む）,ダイエースペース,"15,000","20,000",要確認,,,,,,,,,,,
,マルエツ,マルエツナリア武蔵浦和②　店内青果側,埼玉県さいたま市南区沼影1-12-1,要確認,屋内（風除室含む）,ダイエースペース,要確認,要確認,要確認,,,,,,,,,,,
,マルエツ,マルエツ柳崎　店内スペース,埼玉県川口市北園町1-1,要確認,屋内（風除室含む）,ダイエースペース,"15,000","20,000",要確認,,,,,,,,,,,
,マルエツ,マルエツ芝塚原　店内スペース,埼玉県川口市芝塚原２丁目５−１１,要確認,屋内（風除室含む）,ダイエースペース,"15,000","20,000",要確認,,,,,,,,,,,
,マルエツ,マルエツ川口キュポラ　店内スペース,埼玉県川口市川口１丁目１−１,要確認,屋内（風除室含む）,ダイエースペース,"15,000","20,000",要確認,,,,,,,,,,,
,マルエツ,マルエツ天沼　屋外スペース,埼玉県さいたま市 大宮区浅間町1-181,要確認,屋外,ダイエースペース,"15,000","20,000",要確認,,,,,,,,,,,
,マルエツ,マルエツ幸手上高野　店内スペース,埼玉県幸手市上高野１丁目８−７７８,要確認,屋内（風除室含む）,ダイエースペース,"15,000","20,000",要確認,,,,,,,,,,,
,マルエツ,マルエツ大宮プラザ　屋外スペース,埼玉県さいたま市西区プラザ44-1,3ｍ　×　１､5ｍ　　（約 1.3坪）　,屋外,ダイエースペース,"15,000","20,000",要確認,,,,,,,,,,,
,フレスポ,フレスポ八潮①　1階プロムナード1(タウンハウジング前),八潮市大瀬1-1-3,66.12㎡程度,屋内（風除室含む）,場所とる,"35,000","45,000",要確認,,,,【1週間以上開催必須】1階　プロムナード1(タウンハウジング前),,,,,,,
,フレスポ,フレスポ八潮②　1階プロムナード2(ユニクロ前),八潮市大瀬1-1-3,9.91㎡程度,屋内（風除室含む）,場所とる,"30,300","42,950",要確認,,,,,,,,,,,
,フレスポ,フレスポ八潮③　2階はま寿司前,八潮市大瀬1-1-3,23.14㎡程度,屋内（風除室含む）,場所とる,"35,000","45,000",要確認,,,,,,,,,,,
,フレスポ,フレスポ八潮④　2階ヨガスタジオ横,八潮市大瀬1-1-3,9.91㎡程度,屋内（風除室含む）,場所とる,"35,000","45,000",要確認,,,,,,,,,,,
,フレスポ,フレスポ八潮⑤　3階エスカレーターホール1(通路側),八潮市大瀬1-1-3,9.91㎡程度,屋内（風除室含む）,場所とる,"35,000","45,000",要確認,,,,,,,,,,,
,フレスポ,フレスポ八潮⑥　3階エスカレーターホール2(ホール内),八潮市大瀬1-1-3,49.59㎡程度,屋内（風除室含む）,場所とる,"35,000","45,000",要確認,,,,,,,,,,,
,フレスポ,フレスポ八潮⑦　1階カスミ北側出入口前,八潮市大瀬1-1-3,9.91㎡程度,屋外,場所とる,"35,000","45,000",要確認,,,,,,,,,,,
,フレスポ,フレスポ八潮⑧　3階ノジマ前,八潮市大瀬1-1-3,16.53㎡程度,屋外,場所とる,"35,000","45,000",要確認,,,,,,,,,,,
,フレスポ,フレスポ八潮⑨　1階プロムナード1(タウンハウジング前),八潮市大瀬1-1-3,16.53㎡程度,屋外,場所とる,"35,000","45,000",要確認,,,,,,,,,,,
,フレスポ,フレスポ八潮⑩　1階イベント広場1(エスカレーター下),八潮市大瀬1-1-3,14.87㎡程度,屋外,場所とる,"35,000","45,000",要確認,,,,,,,,,,,
,フレスポ,フレスポ八潮⑪　1階イベント広場2(キタムラ前),八潮市大瀬1-1-3,14.87㎡程度,屋外,場所とる,"35,000","45,000",要確認,,,,,,,,,,,
,フレスポ,フレスポ八潮⑫　1階イベント広場3(駐車場側),八潮市大瀬1-1-3,14.87㎡程度,屋外,場所とる,"35,000","45,000",要確認,,,,,,,,,,,
,フレスポ,フレスポ八潮⑬　1階イベント広場4(メトロ製菓前),八潮市大瀬1-1-3,14.87㎡程度,屋外,場所とる,"35,000","45,000",要確認,,,,,,,,,,,
,フレスポ,フレスポ八潮⑭　1階サンマルク横,八潮市大瀬1-1-3,9.91㎡程度,屋外,場所とる,"35,000","45,000",要確認,,,,,,,,,,,
,フレスポ,フレスポ八潮⑮　1階ハニーズ前,八潮市大瀬1-1-3,23.14㎡程度,屋外,場所とる,"35,000","45,000",要確認,,,,,,,,,,,
,フレスポ,フレスポ八潮⑯　1階メガネフラワー前,八潮市大瀬1-1-3,9.91㎡程度,屋外,場所とる,"35,000","45,000",要確認,,,,,,,,,,,
,とりせん,とりせん北本①　店内スペース,北本市北中丸1丁目75-1,長机2台分程,屋内（風除室含む）,グラスト,"30,000","30,000",要確認,,,,,,,,,,,
,とりせん,とりせん北本②　イートインスペース,北本市北中丸1丁目75-1,長机2台分程,屋内（風除室含む）,グラスト,"30,000","30,000",要確認,,,,,,,,,,,
,とりせん,とりせん上里,児玉郡上里町七本木2033-1,長机1台分程,屋内（風除室含む）,グラスト,"25,000","25,000",要確認,,,,,,,,,,,
,とりせん,とりせん加須浜町①　店内スペース,加須市浜町1-17,長机1台分程,屋内（風除室含む）,グラスト,"25,000","25,000",要確認,,,,,,,,,,,
,とりせん,とりせん加須浜町②　屋外軒下スペース,加須市浜町1-17,長机2台分程,屋外,グラスト,"30,000","30,000",要確認,,,,,,,,,,,
,コ・ス・パ,コ・ス・パ　草加松原24,草加市松原1-2-15,長机1台程度,屋内（風除室含む）,場所とる,"30,000","30,000",要確認,,,,,,,,,,,
,極楽湯,極楽湯羽生①　玄関風除室,羽生市神戸８４３−１,長机１台分,屋内（風除室含む）,場所とる,"35,000","35,000",要確認,,,,,,,,,,,
,極楽湯,極楽湯羽生②　玄関風除室(契約行為ありの場合),羽生市神戸８４３−１,長机１台分,屋内（風除室含む）,グラスト,"60,000","60,000",要確認,,,,,,,,,,,
,極楽湯,極楽湯　羽生温泉③　1階ロビー塔突き当たりスペース,羽生市神戸８４３−１,長机1.5台程度,屋内（風除室含む）,場所とる,"35,000","35,000",要確認,,,,【2日以上連続開催必須】【申請時要問合せ】,,,,,,,
,極楽湯,極楽湯　和光店①　1階ゲームエリア横,和光市白子1丁目7-6,長机1.5台程度,屋内（風除室含む）,場所とる,"35,000","35,000",要確認,,,,【2日以上連続開催必須】【申請時要問合せ】,,,,,,,
,極楽湯,極楽湯　和光店②　1階玄関風除室,和光市白子1丁目7-6,長机1.5台程度,屋内（風除室含む）,場所とる,"35,000","35,000",要確認,,,,【2日以上連続開催必須】【申請時要問合せ】,,,,,,,
,極楽湯,極楽湯　上尾店,上尾市上尾村500 - 1,長机1.5台程度,屋内（風除室含む）,場所とる,"35,000","35,000",要確認,,,,【2日以上連続開催必須】【申請時要問合せ】,,,,,,,
,春日部温泉　湯楽の里,春日部温泉　湯楽の里,春日部市小渕105-1,長机1～2台程度,屋内（風除室含む）,場所とる,"18,000","18,000",要確認,,,,,,,,,,,
,おふろの王様　和光,おふろの王様　和光①　ロビー,和光市広沢1-5-55,要確認,屋内（風除室含む）,場所とる,"20,000","20,000",要確認,,,,,,,,,,,
,おふろの王様　和光,おふろの王様　和光②　玄関スペース,和光市広沢1-5-55,長机1台程度,屋内（風除室含む）,場所とる,"20,000","20,000",要確認,,,,,,,,,,,
,小江戸温泉KASHIBA,小江戸温泉KASHIBA,川越市松郷1313-1,長机1台程度,屋内（風除室含む）,場所とる,"13,000","15,000",要確認,,,,,,,,,,,
,小さな旅　川越温泉,小さな旅　川越温泉,川越市上野田町41-7,長机1台程度,屋内（風除室含む）,場所とる,"10,000","15,000",要確認,,,,,,,,,,,
,坂戸天然温泉　ふるさとの湯,坂戸天然温泉　ふるさとの湯,坂戸市粟生田40,長机1台程度,屋内（風除室含む）,場所とる,"10,000","10,000",要確認,,,,,,,,,,,
,グリーンガーデン武蔵藤沢,グリーンガーデン武蔵藤沢,入間市東藤沢3丁目4,3m×1.5m程度,屋外,場所とる,"17,000","20,000",要確認,,,,,,,,,,,
,ヴェルモ,ヴェルモ志木,志木市本町6-22-38,長机二台程度,屋外,場所とる,"20,000","35,000",要確認,,,,,,,,,,,
,BOOKOFF,BOOKOFF　SUPER　BAZAAR　17号鴻巣吹上①　休憩スペース,鴻巣市新宿2-193,長机1～2台程度,屋内（風除室含む）,場所とる,"35,000","35,000",要確認,,,,,,,,,,,
,BOOKOFF,BOOKOFF　SUPER　BAZAAR　17号鴻巣吹上②　風除室,鴻巣市新宿2-193,長机1～2台程度,屋内（風除室含む）,場所とる,"35,000","35,000",要確認,,,,,,,,,,,
,トライアル,メガセンタートライアル上里①　風除室のイベントスペース①　,児玉郡上里町七本木2121番地2,6㎡,屋内（風除室含む）,グラスト,"35,000","40,000",要確認,,,,,,,,,,,
,トライアル,メガセンタートライアル上里②　風除室のイベントスペース②,児玉郡上里町七本木2121番地2,6㎡,屋内（風除室含む）,グラスト,"35,000","40,000",要確認,,,,,,,,,,,
,トライアル,メガセンタートライアル上里③　1階レジアウトスペース,児玉郡上里町七本木2121番地2,6㎡程度,屋内（風除室含む）,場所とる,"30,000","35,000",要確認,,,,,,,,,,,
,トライアル,メガセンタートライアル上里④　自販機前(軒なし),児玉郡上里町七本木2121番地2,12㎡程度,屋外,場所とる,"15,000","20,000",要確認,,,,,,,,,,,
,UNICUS,UNICUS南古谷,川越市泉町３−１,長机2台程,屋内（風除室含む）,グラスト,"50,000","50,000",要確認,,,,Eエリア、Fエリア指定可能,,,,,,,
,コープみらい,コープ上木崎,さいたま市浦和区上木崎7-6-7,長机1台分程,屋外,グラスト,"30,000","30,000",要確認,,,,,,,,,,,
,コープみらい,コープ深谷,深谷市栄町3-23,長机1~2台分,屋内（風除室含む）,グラスト,"30,000","30,000",要確認,,,,,,,,,,,
,コープみらい,コープ久喜,久喜市久喜東1-15-38,長机1~2台分,屋内（風除室含む）,グラスト,"30,000","30,000",要確認,,,,,,,,,,,
,コープみらい,コープ指扇,さいたま市西区指扇1049-1,長机1~2台分程,屋内（風除室含む）,グラスト,"30,000","30,000",要確認,,,,,,,,,,,
,P・A・P・A上尾ショッピングアヴェニュー,P・A・P・A上尾ショッピングアヴェニュー,上尾市緑丘3-3-11,長机1台分,屋内（風除室含む）,グラスト,"30,000","40,000",要確認,,,,,,,,,,,
,いなげや,いなげや大里江南①　お客様休憩室,熊谷市江南中央20-19-2,長机1~2台分程,屋内（風除室含む）,場所とる,"23,000","23,000",要確認,,,,,,,,,,,
,いなげや,いなげや大里江南②　店頭軒下,熊谷市江南中央20-19-2,5㎡程度,屋内（風除室含む）,場所とる,"23,000","23,000",要確認,,,,,,,,,,,
,いなげや,いなげや志木柏町①　風除室,志木市柏町1-6-72,長机1~2台分程,屋内（風除室含む）,グラスト,"28,000","28,000",要確認,,,,,,,,,,,
,いなげや,いなげや志木柏町②　店頭軒下スペース,志木市柏町1-6-72,長机1~2台分程,屋内（風除室含む）,グラスト,"28,000","28,000",要確認,,,,,,,,,,,
,いなげや,いなげや志木柏町③　店内エレベーター横,志木市柏町1-6-72,長机1~2台分程,屋内（風除室含む）,グラスト,"28,000","28,000",要確認,,,,,,,,,,,
,いなげや,いなげや所沢西武園,所沢市荒幡1359-17,長机2台分程,屋外,場所とる,"23,000","23,000",要確認,,,,,,,,,,,
,いなげや,いなげや所沢狭山ヶ丘,所沢市若狭1-2938-2,長机1台分程,屋内（風除室含む）,場所とる,"23,000","23,000",要確認,,,,,,,,,,,
,いなげや,いなげや新座東,新座市東3-1-1,長机1~2台分程,屋内（風除室含む）,グラスト,"28,000","28,000",要確認,,,,,,,,,,,
,いなげや,いなげや新座野寺,新座市野寺2-6-38,長机1台分程,屋内（風除室含む）,場所とる,"23,000","23,000",要確認,,,,,,,,,,,
,いなげや,いなげや鶴ヶ島①　店内スペース,鶴ヶ島市脚折137-1,長机1~2台分程,屋内（風除室含む）,場所とる,"23,000","23,000",要確認,,,,,,,,,,,
,いなげや,いなげや鶴ヶ島②　店頭軒下スペース,鶴ヶ島市脚折137-1,長机1~2台分程,屋外,場所とる,"23,000","23,000",要確認,,,,,,,,,,,
,いなげや,いなげや毛呂,入間郡毛呂山町岩井西2-14-6,長机1~2台分程,屋内（風除室含む）,グラスト,"48,000","48,000",要確認,,,,,,,,,,,
,いなげや,いなげや入間春日町,入間市春日町1-4-15,長机1~2台分程,屋外,場所とる,"23,000","23,000",要確認,,,,,,,,,,,
,いなげや,いなげや川越新河岸①　サービスカウンター横,川越市砂新田89-1,5㎡程度,屋内（風除室含む）,場所とる,"23,000","23,000",要確認,,,,,,,,,,,
,いなげや,いなげや川越新河岸②　店頭軒下,川越市砂新田89-1,5㎡程度,屋内（風除室含む）,場所とる,"23,000","23,000",要確認,,,,,,,,,,,
,いなげや,いなげや川越南大塚駅前,川越市南台3-2-1,5㎡程度,屋内（風除室含む）,場所とる,"23,000","23,000",要確認,,,,,,,,,,,
,いなげや,いなげや三郷戸ヶ崎,三郷市戸ヶ崎2-243-5,長机1～2台程度,屋外,場所とる,"23,000","23,000",要確認,,,,,,,,,,,
,カスミ,カスミフードスクエアフレスポ桶川坂田,埼玉県桶川市坂田東2-3-1-2,都度確認,屋内（風除室含む）,グラスト,,,要確認,,,,,,,,,,,
,マルサン,マルサン桶川,埼玉県桶川市西2-9-36,長机2本,屋内（風除室含む）,グラスト,,,要確認,,,,,,,,,,,
,ららぽーと,ららぽーと新三郷①　１Fパンダレコード前,三郷市新三郷ららシティ3-1-1,3.0m×6.0m程度,屋内（風除室含む）,場所とる,"108,000","208,000",要確認,,,,SB NG,,,,,,,
,ららぽーと,ららぽーと新三郷②　１Fペテモ前,三郷市新三郷ららシティ3-1-1,要確認,屋内（風除室含む）,場所とる,"78,000","158,000",要確認,,,,SB NG,,,,,,,
,ららぽーと,ららぽーと新三郷③　１Fヤマハ音楽教室前,三郷市新三郷ららシティ3-1-1,要確認,屋内（風除室含む）,場所とる,"108,000","208,000",要確認,,,,SB NG,,,,,,,
,ららぽーと,ららぽーと新三郷④　１F南モール1-C(ノースフェイス前),三郷市新三郷ららシティ3-1-1,21㎡程度,屋内（風除室含む）,場所とる,"108,000","208,000",要確認,,,,SB NG,,,,,,,
,ららぽーと,ららぽーと新三郷⑤　１F屋内広場,三郷市新三郷ららシティ3-1-1,11.6m×7.5m程度,屋内（風除室含む）,場所とる,"158,000","308,000",要確認,,,,SB NG,,,,,,,
,ららぽーと,ららぽーと新三郷⑥　１F島村楽器前A,三郷市新三郷ららシティ3-1-1,要確認,屋内（風除室含む）,場所とる,"108,000","208,000",要確認,,,,SB NG,,,,,,,
,ららぽーと,ららぽーと新三郷⑦　１F島村楽器前B,三郷市新三郷ららシティ3-1-1,要確認,屋内（風除室含む）,場所とる,"108,000","208,000",要確認,,,,SB NG,,,,,,,
,ららぽーと,ららぽーと新三郷⑧　２Fスターバックス前,三郷市新三郷ららシティ3-1-1,要確認,屋内（風除室含む）,場所とる,"108,000","208,000",要確認,,,,SB NG,,,,,,,
,ららぽーと,ららぽーと新三郷⑨　２Fみさとキッチン横,三郷市新三郷ららシティ3-1-1,6.0m×6.0m程度,屋内（風除室含む）,場所とる,"108,000","208,000",要確認,,,,SB NG,,,,,,,
,ららぽーと,ららぽーと新三郷⑩　２F北モール-Bサーティーワン前,三郷市新三郷ららシティ3-1-1,4.0m×6.0m程度,屋内（風除室含む）,場所とる,"108,000","208,000",要確認,,,,SB NG,,,,,,,
,ららぽーと,ららぽーと新三郷⑪　銀座コージーコーナー前(スカイガーデンエスカレーター下),三郷市新三郷ららシティ3-1-1,要確認,屋外,場所とる,"108,000","158,000",要確認,,,,SB NG,,,,,,,
,ららぽーと,ららぽーと新三郷⑫　1階スカイガーデンステージ・緑の広場,三郷市新三郷ららシティ3-1-1,18.0m×25.0m程度,屋外,場所とる,"208,000","408,000",要確認,,,,SB NG,,,,,,,
,ららぽーと,ららぽーと新三郷⑬　1階京王百貨店前,三郷市新三郷ららシティ3-1-1,要確認,屋外,場所とる,"108,000","158,000",要確認,,,,SB NG,,,,,,,
,ララガーデン,ララガーデン春日部①　1階北側エスカレーター下(ミスド前),春日部市南1-1-1,30㎡程度,屋外,場所とる,"58,000","88,000",要確認,,,,SB au NG,,,,,,,
,ララガーデン,ララガーデン春日部②　1階ステージ,春日部市南1-1-1,要確認,屋外,場所とる,"48,000","138,000",要確認,,,,SB au NG,,,,,,,
,ララガーデン,ララガーデン春日部③ 　1階プラザ,春日部市南1-1-1,要確認,屋外,場所とる,"58,000","138,000",要確認,,,,SB au NG,,,,,,,
,ララガーデン,ララガーデン春日部④ 　1階ヤオコー前,春日部市南1-1-1,要確認,屋外,場所とる,"48,000","88,000",要確認,,,,SB au NG,,,,,,,
,ララガーデン,ララガーデン春日部⑤　1階リブロ前,春日部市南1-1-1,要確認,屋外,場所とる,"48,000","88,000",要確認,,,,SB au NG,,,,,,,
,ララガーデン,ララガーデン春日部⑥　1階南エントランス,春日部市南1-1-1,要確認,屋外,場所とる,"48,000","108,000",要確認,,,,SB au NG,,,,,,,
,ララガーデン,ララガーデン春日部⑦　1階総合案内所前,春日部市南1-1-1,要確認,屋外,場所とる,"48,000","88,000",要確認,,,,SB au NG,,,,,,,
,ララガーデン,ララガーデン春日部⑧　2階コミュニティールーム,春日部市南1-1-1,要確認,屋外,場所とる,"58,000","108,000",要確認,,,,SB au NG,,,,,,,
,ララガーデン,ララガーデン春日部⑨　2階ユニクロ・アカチャンホンポ前,春日部市南1-1-1,要確認,屋外,場所とる,"48,000","88,000",要確認,,,,SB au NG,,,,,,,
,ララガーデン,ララガーデン春日部⑩　3階シネマ前,春日部市南1-1-1,要確認,屋外,場所とる,"48,000","88,000",要確認,,,,SB au NG,,,,,,,
,コナミ,コナミスポーツテニススクール大宮,さいたま市大宮区桜木町2-3 DOMショッピングセンター屋上,要確認,屋内（風除室含む）,場所とる,"25,750","25,750",要確認,,,,【同月内で3日間以上の申請必須】,,,,,,,
,コナミ,コナミスポーツクラブ行田,行田市持田1-4-56,要確認,屋内（風除室含む）,場所とる,"25,750","25,750",要確認,,,,【同月内で3日間以上の申請必須】,,,,,,,
,コナミ,コナミスポーツテニススクール狭山,狭山市入間川2-23,要確認,屋内（風除室含む）,場所とる,"25,750","25,750",要確認,,,,【同月内で3日間以上の申請必須】,,,,,,,
,コナミ,コナミスポーツクラブ北浦和,さいたま市浦和区常盤10-1-20,要確認,屋内（風除室含む）,場所とる,"25,750","25,750",要確認,,,,【同月内で3日間以上の申請必須】,,,,,,,
,コナミ,コナミスポーツクラブ所沢,所沢市星の宮1-13,要確認,屋内（風除室含む）,場所とる,"25,750","25,750",要確認,,,,【同月内で3日間以上の申請必須】,,,,,,,
,コナミ,コナミスポーツクラブ川口,川口市宮町18-9,要確認,屋内（風除室含む）,場所とる,"25,750","25,750",要確認,,,,【同月内で3日間以上の申請必須】,,,,,,,
,コナミ,コナミスポーツクラブ武蔵浦和,さいたま市南区別所7-2-1,要確認,屋内（風除室含む）,場所とる,"25,750","25,750",要確認,,,,【同月内で3日間以上の申請必須】,,,,,,,
,コナミ,コナミスポーツクラブ川越,川越市鯨井新田10-1,要確認,屋内（風除室含む）,場所とる,"25,750","25,750",要確認,,,,【同月内で3日間以上の申請必須】,,,,,,,
,コナミ,コナミスポーツテニススクール浦和,さいたま市浦和区高砂1-12-1,要確認,屋内（風除室含む）,場所とる,"25,750","25,750",要確認,,,,【同月内で3日間以上の申請必須】,,,,,,,
,コナミ,コナミスポーツクラブ和光,和光市白子1-6-9,要確認,屋内（風除室含む）,場所とる,"25,750","25,750",要確認,,,,【同月内で3日間以上の申請必須】,,,,,,,
,コナミ,コナミスポーツクラブ入間,入間市豊岡1-1-12,要確認,屋内（風除室含む）,場所とる,"25,750","25,750",要確認,,,,【同月内で3日間以上の申請必須】,,,,,,,
,コナミ,コナミスポーツクラブ北上尾,上尾市緑丘3-4-61,要確認,屋内（風除室含む）,場所とる,"25,750","25,750",要確認,,,,【同月内で3日間以上の申請必須】,,,,,,,
,マルサン,マルサン久喜,久喜市大字古久喜403-3,要確認,屋内（風除室含む）,場所とる,"19,000","19,000",要確認,,,,,,,,,,,
,マルサン,マルサン越谷花田①　レジ付近スペース(1ブース利用),越谷市花田3-7-1,長机1台程度,屋内（風除室含む）,場所とる,"17,000","19,000",要確認,,,,,,,,,,,
,マルサン,マルサン越谷花田②　レジ付近スペース(2ブース利用),越谷市花田3-7-1,長机1～2台程度,屋内（風除室含む）,場所とる,"29,000","33,000",要確認,,,,,,,,,,,
,マルサン,マルサン吉川,吉川市中野57-1,3㎡程度,屋内（風除室含む）,場所とる,"13,000","15,000",要確認,,,,,,,,,,,
,,おけがわマイン,埼玉県桶川市若宮1丁目5-2,都度確認,屋内（風除室含む）,グラスト,,,要確認,,,,,,,,,,,
,ユニディ,ユニディ川口①　入口付近,川口市上青木5-5-16,2㎡程度,屋内（風除室含む）,場所とる,"25,000","30,000",要確認,,,,,,,,,,,
,ユニディ,ユニディ川口②　駐車場付近,川口市上青木5-5-16,23㎡程度,屋外,場所とる,"15,000","17,000",要確認,,,,,,,,,,,
,ユニディ,ユニディ川口③　店舗正面屋外,川口市上青木5-5-16,5㎡程度,屋外,場所とる,"15,000","17,000",要確認,,,,,,,,,,,
,ユニディ,ユニディ草加新栄町,草加市新栄2-14-3,2.8㎡程度,屋内（風除室含む）,場所とる,"25,000","30,000",要確認,,,,,,,,,,,
,ライフ,指扇店,埼玉県さいたま市西区大字指扇領別所355-1,,,ライフ,"40,000","40,000",実施不可,,,,,,,,,,,
,モールプラザ,モールプラザ草加①　1階ゴールウェイ前,草加市中央1-6,6㎡程度,屋外,場所とる,"38,000","58,000",,,,,,,,,,,,
,モールプラザ,モールプラザ草加②　1階ヨークマート側自販機付近,草加市中央1-6,2.5m×5.0m程度,屋外,場所とる,"38,000","58,000",,,,,,,,,,,,
,ライフ,さいたま新都心店,埼玉県さいたま市大宮区吉敷町4-267-2,,,ライフ,"40,000","40,000",実施不可,,,,,,,,,,,
,ライフ,吉川栄町店,埼玉県吉川市栄町797-1,,,ライフ,"40,000","40,000",実施不可,,,,,,,,,,,
,ライフ,吉川駅前店,埼玉県吉川市保1-13-3,1階エスカレーター前区画長机2台は置ける,屋内（風除室含む）,ライフ,"40,000","40,000",実施可能,,,,,,,,,,,
,ライフ,北越谷店,埼玉県越谷市北越谷2-38-8,,,ライフ,"40,000","40,000",実施可能,,,,,,,,,,,
,ライフ,蕨駅前店,埼玉県蕨市塚越1丁目7-9,,,ライフ,"40,000","40,000",実施不可,,,,,,,,,,,
,ライフ,新座店,埼玉県新座市栗原4-12-25,長机2台は置ける,屋内（風除室含む）,ライフ,"40,000","40,000",実施可能,,,,,,,,,,,
,カスミ,フードスクエアカスミ八潮大曽根店,埼玉県八潮市大曽根1151-3,,,スペースラボ,"30,000","30,000",実施不可,,,,,,,,,,,
,カスミ,フードマーケットカスミイオンタウン上里店,埼玉県児玉郡上里町大字金久保字蓮山359-1,,,スペースラボ,"30,000","30,000",実施不可,,,,,,,,,,,
,カスミ,フードスクエアカスミ白岡店,埼玉県白岡市西4-2-6,,,スペースラボ,"30,000","30,000",実施不可,,,,,,,,,,,
,カスミ,カスミフードスクエア八潮駅前店,埼玉県八潮市大瀬一丁目１番地3,,,スペースラボ,"30,000","30,000",実施不可,,,,,,,,,,,
,カスミ,カスミFOOD OFFストッカー三郷店,埼玉県三郷市戸ヶ崎2丁目403,,,スペースラボ,"30,000","30,000",実施不可,,,,,,,,,,,
,カスミ,カスミフードスクエアふじみ野店,埼玉県ふじみ野市西鶴ヶ岡2-3-1,風除室,屋内（風除室含む）,スペースラボ,"30,000","30,000",要確認,,,,,,,,,,,
,カスミ,カスミFOOD OFFストッカー白岡原ケ井戸店,埼玉県白岡市白岡東27番地3,サービスカウンター付近,屋内（風除室含む）,スペースラボ,"30,000","30,000",実施可能,,,,,,,,,,,
,カスミ,カスミフードスクエア三芳店,埼玉県入間郡三芳町大字藤久保字俣埜305-1,入口付近,屋内（風除室含む）,スペースラボ,"30,000","30,000",実施可能,,,,,,,,,,,
,カスミ,カスミフードスクエアフレスポ桶川坂田店,埼玉県桶川市坂田東2丁目3-1-2,イートインコーナー一画,屋内（風除室含む）,スペースラボ,"30,000","30,000",要確認,,,,,,,,,,,
,カスミ,カスミ鷲宮店,埼玉県久喜市鷲宮中央1-14-14,店頭軒下,屋外,スペースラボ,"30,000","30,000",実施可能,,,,,,,,,,,
,カスミ,カスミフードスクエア深井店,埼玉県北本市深井6丁目87番地,フードコート内,屋内（風除室含む）,スペースラボ,"30,000","30,000",要確認,,,,,,,,,,,
,カスミ,カスミフードスクエア志木店,埼玉県志木市本町5丁目17番66-101号,,,スペースラボ,"30,000","30,000",実施不可,,,,,,,,,,,
,カスミ,カスミフードスクエア越谷ツインシティ店,埼玉県越谷市弥生町17番1号,,,スペースラボ,"30,000","30,000",実施不可,,,,,,,,,,,
,カスミ,カスミフードスクエア越谷レイクタウン店,埼玉県越谷市レイクタウン7丁目3番2,,,スペースラボ,"30,000","30,000",実施不可,,,,,,,,,,,
,カスミ,カスミフードスクエア南越谷店,埼玉県越谷市新越谷1丁目31番地2,,,スペースラボ,"30,000","30,000",実施不可,,,,,,,,,,,
,カスミ,カスミフードスクエアアルコ越谷店,埼玉県越谷市越ヶ谷1-16-6,イートインスペース,屋内（風除室含む）,スペースラボ,"30,000","30,000",実施可能,,,,,,,,,,,
,カスミ,カスミFOOD OFFストッカー吹上店,埼玉県鴻巣市吹上富士見2-4-19,,,スペースラボ,"30,000","30,000",実施不可,,,,,,,,,,,
,カスミ,カスミフードスクエア越谷大袋店,埼玉県越谷市大道564,,,スペースラボ,"30,000","30,000",実施不可,,,,,,,,,,,
,カスミ,カスミフードスクエア春日部武里店,埼玉県春日部市大畑524-7,エスカレーター付近,屋内（風除室含む）,スペースラボ,"30,000","30,000",実施可能,,,,,,,,,,,
,カスミ,カスミフードスクエアライフガーデン東松山店,埼玉県東松山市あずま町4丁目8-3,イートインスペース,屋内（風除室含む）,スペースラボ,"30,000","30,000",実施不可,,,,,,,,,,,
,カスミ,カスミフードスクエア川口前川店,埼玉県川口市南前川1丁目16-7,エスカレーター前,屋内（風除室含む）,スペースラボ,"30,000","30,000",実施可能,,,,,,,,,,,
,カスミ,カスミフードスクエアビバモール加須店,埼玉県加須市下高柳1丁目29番地,イートインコーナー横,屋内（風除室含む）,スペースラボ,"30,000","30,000",実施可能,,,,,,,,,,,
,カスミ,カスミフードスクエア大利根店,埼玉県加須市北下新井野中95,,,スペースラボ,"30,000","30,000",実施不可,,,,,,,,,,,
,カスミ,カスミ春日部藤塚店,埼玉県春日部市藤塚字下谷2341,南側入口横空きテナント区画,屋内（風除室含む）,スペースラボ,"30,000","30,000",実施可能,,,,,,,,,,,
,カスミ,カスミFOOD OFFストッカー鴻巣店,埼玉県鴻巣市神明1丁目957-1,店頭軒下,屋外,スペースラボ,"30,000","30,000",実施可能,,,,,,,,,,,
,カスミ,カスミイール妻沼店,埼玉県熊谷市弥藤吾1120-1,,,スペースラボ,"30,000","30,000",実施不可,,,,,,,,,,,
,カスミ,カスミ三郷駅前店,埼玉県三郷市三郷1-6-3,,,スペースラボ,"30,000","30,000",実施不可,,,,,,,,,,,
,カスミ,カスミフードスクエア宮代店,埼玉県南埼玉郡宮代町道佛一丁目1番50号,,,スペースラボ,"30,000","30,000",実施不可,,,,,,,,,,,
,カスミ,カスミ杉戸店,埼玉県北葛飾郡杉戸町内田2丁目14-14,,,スペースラボ,"30,000","30,000",実施不可,,,,,,,,,,,
,カスミ,カスミフードスクエア原馬室店,埼玉県鴻巣市原馬室114-1,イートインコーナー,屋内（風除室含む）,スペースラボ,"30,000","30,000",実施可能,,,,,,,,,,,
,カスミ,カスミ花崎店,埼玉県加須市花崎北3丁目12-4,デリカ側入口付近,屋内（風除室含む）,スペースラボ,"30,000","30,000",実施可能,,,,,,,,,,,
,カスミ,カスミ妻沼店,埼玉県熊谷市妻沼東2丁目1番,入口横イートインコーナー,屋内（風除室含む）,スペースラボ,"30,000","30,000",実施可能,,,,,,,,,,,
,オザム,スーパーオザム東所沢店,埼玉県所沢市東所沢1-18-1,店頭軒下,屋外,スペースラボ,"22,000","22,000",実施可能,,,,,,,,,,,
,オザム,スーパーオザム新堀店,埼玉県新座市新堀2-13-11,店頭軒下,屋外,スペースラボ,"22,000","22,000",実施可能,,,,,,,,,,,
,オザム,スーパーオザム高麗川店,埼玉県日高市高麗川3-12-1,風除室,屋内（風除室含む）,スペースラボ,"22,000","22,000",実施可能,,,,,,,,,,,
,オザム,オザムバリュー笠幡店,埼玉県川越市笠幡3714,入口付近,屋内（風除室含む）,スペースラボ,"22,000","22,000",実施可能,,,,,,,,,,,
,オザム,スーパーオザム中富店,埼玉県所沢市中富南町1-3-2,正面入口横,屋内（風除室含む）,スペースラボ,"22,000","22,000",実施可能,,,,※土日不可,,,,,,,
,オザム,スーパーオザムけやき台店,埼玉県所沢市けやき台2-20-1,右側風除室,屋内（風除室含む）,スペースラボ,"22,000","22,000",実施可能,,,,,,,,,,,
,オザム,スーパーオザム深谷店,埼玉県深谷市上野台2411-1,レジ後ろ,屋内（風除室含む）,スペースラボ,"22,000","22,000",実施可能,,,,,,,,,,,
,オザム,スーパーオザム東狭山ヶ丘店,埼玉県所沢市東狭山ヶ丘1-26-1,青果側入口風除室,屋内（風除室含む）,スペースラボ,"22,000","22,000",実施可能,,,,,,,,,,,
,オザム,スーパーオザム坂戸栄店,埼玉県坂戸市大字栄332-3,正面入口風除室,屋内（風除室含む）,スペースラボ,"22,000","22,000",実施可能,,,,,,,,,,,
,オザム,オザムバリュー川越天沼店,埼玉県川越市天沼新田104,100円ショップ売り場通路前,屋内（風除室含む）,スペースラボ,"22,000","22,000",実施可能,,,,,,,,,,,
,オザム,スーパーオザム草加両新田店,埼玉県草加市両新田西町441-1,サービスカウンター横,屋内（風除室含む）,スペースラボ,"22,000","22,000",実施可能,,,,,,,,,,,
,イオン,イオン大井店①　 1F 食品レジ横,埼玉県ふじみ野市ふじみ野1-2-1,6㎡ / 2坪,屋内（風除室含む）,場所とる,"55,000","65,000",要確認,,,,都度申請※決裁の都合上、開催日の1か月前締め切り/回答まで1週間前後,,,,,,,
,イオン,イオン大井店②　 1F 宝くじ側入口,埼玉県ふじみ野市ふじみ野1-2-1,8㎡ / 3坪,屋内（風除室含む）,場所とる,"55,000","65,000",要確認,,,,都度申請※決裁の都合上、開催日の1か月前締め切り/回答まで1週間前後,,,,,,,
,イオン,イオン大宮店①　フードコート 風除室側,埼玉県さいたま市北区櫛引町2-574-1,2㎡ / 1坪,屋内（風除室含む）,場所とる,"20,000","23,000",要確認,実施可能,実施可能,実施可能,都度申請※決裁の都合上、開催日の1か月前締め切り/回答まで1週間前後,,,,,,,
,イオン,イオン大宮店②　イートイン側出入口,埼玉県さいたま市北区櫛引町2-574-1,要確認,屋内（風除室含む）,ダイエースペース,"37,500","43,750",要確認,実施可能,実施可能,実施可能,都度申請※決裁の都合上、開催日の1か月前締め切り/回答まで1週間前後,,,,,,,
,イオン,イオン南越谷店①　1F 西側入口側,埼玉県越谷市南越谷1-2876-1,5㎡ / 1坪,屋内（風除室含む）,場所とる,"27,000","27,000",要確認,,,,都度申請※決裁の都合上、開催日の1か月前締め切り/回答まで1週間前後,,,,,,,
,イオン,イオン南越谷店②　線路側入口階段下,埼玉県越谷市南越谷1-2876-1,2ｍ　×　1ｍ　（0.6坪）　,屋内（風除室含む）,ダイエースペース,"20,000","30,000",要確認,,,,都度申請※決裁の都合上、開催日の1か月前締め切り/回答まで1週間前後,,,,,,,
,イオン,イオン狭山店①　1F 特設催事場,埼玉県狭山市大字上奥富１１２６－１,286㎡ / 89坪,屋内（風除室含む）,スペースラボ,要確認,要確認,要確認,,,,都度申請※決裁の都合上、開催日の1か月前締め切り/回答まで1週間前後,,,,,,,
,イオン,イオン狭山店②　2F 螺旋階段脇,埼玉県狭山市大字上奥富１１２６－１,4㎡ / 1坪,屋内（風除室含む）,スペースラボ,要確認,要確認,要確認,,,,都度申請※決裁の都合上、開催日の1か月前締め切り/回答まで1週間前後,,,,,,,
,イオン,イオン狭山店③　1F 螺旋階段脇,埼玉県狭山市大字上奥富１１２６－１,5㎡ / 2坪,屋内（風除室含む）,スペースラボ,要確認,要確認,要確認,,,,都度申請※決裁の都合上、開催日の1か月前締め切り/回答まで1週間前後,,,,,,,
,イオン,イオン熊谷店①　1F フードコート角サイゼリア前,埼玉県熊谷市本石2-135,25㎡ / 3坪,屋内（風除室含む）,場所とる,"15,000","25,000",実施不可,,,,都度申請※決裁の都合上、開催日の1か月前締め切り/回答まで1週間前後,,,,,,,
,イオン,イオン熊谷店②　3F Fit365前,埼玉県熊谷市本石2-135,165㎡ / 52坪,屋内（風除室含む）,場所とる,"15,000","25,000",実施不可,,,,都度申請※決裁の都合上、開催日の1か月前締め切り/回答まで1週間前後,,,,,,,
,郵便局,関東支社,さいたま市中央区新都心3-1,長机1台程度,屋内（風除室含む）,場所とる,"10,000","10,000",要確認,,,,,,,,,,,
,郵便局,さいたま中央郵便局,さいたま市南区別所7-1-12,長机1台程度,屋内（風除室含む）,場所とる,"30,000","30,000",要確認,,,,,,,,,,,
,郵便局,"川越郵便局30020",川越市三久保町13-1,長机1台程度,屋内（風除室含む）,場所とる,"20,000","20,000",要確認,,,,,,,,,,,
,郵便局,熊谷郵便局30030,熊谷市本町2-7,長机1台程度,屋内（風除室含む）,場所とる,"20,000","20,000",要確認,,,,,,,,,,,
,郵便局,幸手郵便局30040,幸手市東2-24-8,長机1台程度,屋内（風除室含む）,場所とる,"15,000","15,000",要確認,,,,,,,,,,,
,郵便局,岩槻郵便局30050,さいたま市岩槻区加倉4-10-1,長机1台程度,屋内（風除室含む）,場所とる,"15,000","15,000",要確認,,,,,,,,,,,
,郵便局,加須郵便局30060,加須市上三俣2309,長机1台程度,屋内（風除室含む）,場所とる,"15,000","15,000",要確認,,,,,,,,,,,
,郵便局,春日部郵便局30070,春日部市中央1-52-7,長机1台程度,屋内（風除室含む）,場所とる,"20,000","20,000",要確認,,,,,,,,,,,
,郵便局,大宮郵便局30080,さいたま市北区東大成町１丁目５０７,長机1台程度,屋内（風除室含む）,場所とる,"15,000","15,000",要確認,,,,,,,,,,,
,郵便局,"久喜郵便局30090",久喜市本町3-17-1,長机1台程度,屋内（風除室含む）,場所とる,"20,000","20,000",要確認,,,,,,,,,,,
,郵便局,秩父郵便局30100,秩父市上宮地町3-16,長机1台程度,屋内（風除室含む）,場所とる,"15,000","15,000",要確認,,,,,,,,,,,
,郵便局,東松山郵便局30110,東松山市本町2-10-27,長机1台程度,屋内（風除室含む）,場所とる,"15,000","15,000",要確認,,,,,,,,,,,
,郵便局,飯能郵便局30120,飯能市柳町16-23,長机1台程度,屋内（風除室含む）,場所とる,"15,000","15,000",要確認,,,,,,,,,,,
,郵便局,本庄郵便局30130,本庄市本庄1-2-2,長机1台程度,屋内（風除室含む）,場所とる,"15,000","15,000",要確認,,,,,,,,,,,
,郵便局,草加郵便局30140,草加市栄町3-8-1,長机1台程度,屋内（風除室含む）,場所とる,"15,000","15,000",要確認,,,,,,,,,,,
,郵便局,行田郵便局30150,行田市行田18-23,長机1台程度,屋内（風除室含む）,場所とる,"15,000","15,000",要確認,,,,,,,,,,,
,郵便局,杉戸郵便局30160,杉戸町内田1-6-13,長机1台程度,屋内（風除室含む）,場所とる,"15,000","15,000",要確認,,,,,,,,,,,
,郵便局,寄居郵便局30170,寄居町寄居389-1,長机1台程度,屋内（風除室含む）,場所とる,"10,000","10,000",要確認,,,,,,,,,,,
,郵便局,栗橋郵便局30180,久喜市栗橋東2-4-6,長机1台程度,屋内（風除室含む）,場所とる,"15,000","15,000",要確認,,,,,,,,,,,
,郵便局,川口郵便局30200,川口市本町2-2-1,長机1台程度,屋内（風除室含む）,場所とる,"15,000","15,000",要確認,,,,,,,,,,,
,郵便局,鳩ヶ谷郵便局30210,川口市坂下町1-6-12,長机1台程度,屋内（風除室含む）,場所とる,"15,000","15,000",要確認,,,,,,,,,,,
,郵便局,越谷郵便局30220,越谷市大沢4-6-15,長机1台程度,屋内（風除室含む）,場所とる,"20,000","20,000",要確認,,,,,,,,,,,
,郵便局,大越郵便局30240,加須市大越2481-1,長机1台程度,屋内（風除室含む）,場所とる,"10,000","10,000",要確認,,,,,,,,,,,
,郵便局,羽生郵便局30250,羽生市南1-3-2,長机1台程度,屋内（風除室含む）,場所とる,"15,000","15,000",要確認,,,,,,,,,,,
,郵便局,小川郵便局30260,小川町青山862-1,長机1台程度,屋内（風除室含む）,場所とる,"15,000","15,000",要確認,,,,,,,,,,,
,郵便局,深谷郵便局30270,深谷市深谷町3-60,長机1台程度,屋内（風除室含む）,場所とる,"20,000","20,000",要確認,,,,,,,,,,,
,郵便局,入間郵便局30280,入間市扇台2-1-20,長机1台程度,屋内（風除室含む）,場所とる,"15,000","15,000",要確認,,,,,,,,,,,
,郵便局,小鹿野郵便局30290,"小鹿野町小鹿野2807-2",長机1台程度,屋内（風除室含む）,場所とる,"10,000","10,000",要確認,,,,,,,,,,,
,郵便局,児玉郵便局30300,本庄市児玉町児玉330-7,長机1台程度,屋内（風除室含む）,場所とる,"15,000","15,000",要確認,,,,,,,,,,,
,郵便局,鴻巣郵便局30310,鴻巣市東4-1-5,長机1台程度,屋内（風除室含む）,場所とる,"15,000","15,000",要確認,,,,,,,,,,,
,郵便局,桶川郵便局30320,桶川市若宮1-6-30,長机1台程度,屋内（風除室含む）,場所とる,"20,000","20,000",要確認,,,,,,,,,,,
,郵便局,妻沼郵便局30330,熊谷市妻沼中央3-3,長机1台程度,屋内（風除室含む）,場所とる,"10,000","10,000",要確認,,,,,,,,,,,
,郵便局,吉川郵便局30340,吉川市保1-32-1,長机1台程度,屋内（風除室含む）,場所とる,"15,000","15,000",要確認,,,,,,,,,,,
,郵便局,三郷郵便局30350,三郷市中央5-2-1,長机1台程度,屋内（風除室含む）,場所とる,"20,000","20,000",要確認,,,,,,,,,,,
,郵便局,川島郵便局30360,川島町中山2168,長机1台程度,屋内（風除室含む）,場所とる,"10,000","10,000",要確認,,,,,,,,,,,
,郵便局,吉見郵便局30370,吉見町久保田1626-8,長机1台程度,屋内（風除室含む）,場所とる,"10,000","10,000",要確認,,,,,,,,,,,
,郵便局,吹上郵便局30380,鴻巣市筑波1-9-1,長机1台程度,屋内（風除室含む）,場所とる,"15,000","15,000",要確認,,,,,,,,,,,
,郵便局,騎西郵便局30390,加須市根古屋637-2,長机1台程度,屋内（風除室含む）,場所とる,"15,000","15,000",要確認,,,,,,,,,,,
,郵便局,和光郵便局30400,和光市本町12-32,長机1台程度,屋内（風除室含む）,場所とる,"20,000","20,000",要確認,,,,,,,,,,,
,郵便局,新座郵便局30410,新座市野火止8-1-5,長机1台程度,屋内（風除室含む）,場所とる,"20,000","20,000",要確認,,,,,,,,,,,
,郵便局,日高郵便局30420,日高市鹿山276-1,長机1台程度,屋内（風除室含む）,場所とる,"15,000","15,000",要確認,,,,,,,,,,,
,郵便局,長瀞郵便局30430,長瀞町本野上298-1,長机1台程度,屋内（風除室含む）,場所とる,"10,000","10,000",要確認,,,,,,,,,,,
,郵便局,中瀬郵便局30440,深谷市中瀬835-2,長机1台程度,屋内（風除室含む）,場所とる,"10,000","10,000",要確認,,,,,,,,,,,
,郵便局,"玉川郵便局30450",ときがわ町玉川2454,長机1台程度,屋内（風除室含む）,場所とる,"10,000","10,000",要確認,,,,,,,,,,,
,郵便局,越生郵便局30460,越生町上野633-4,長机1台程度,屋内（風除室含む）,場所とる,"10,000","10,000",要確認,,,,,,,,,,,
,郵便局,国神郵便局30470,皆野町国神656-12,長机1台程度,屋内（風除室含む）,場所とる,"10,000","10,000",要確認,,,,,,,,,,,
,郵便局,上尾郵便局30480,上尾市谷津1-87-1,長机1台程度,屋内（風除室含む）,場所とる,"20,000","20,000",要確認,,,,,,,,,,,
,郵便局,菖蒲郵便局30490,久喜市菖蒲町菖蒲5013-51,長机1台程度,屋内（風除室含む）,場所とる,"15,000","15,000",要確認,,,,,,,,,,,
,郵便局,坂戸郵便局30500,坂戸市千代田2-5-15,長机1台程度,屋内（風除室含む）,場所とる,"20,000","20,000",要確認,,,,,,,,,,,
,郵便局,蕨郵便局30510,蕨市中央5-8-21,長机1台程度,屋内（風除室含む）,場所とる,"20,000","20,000",要確認,,,,,,,,,,,
,郵便局,吾野郵便局30520,飯能市坂石町分267-8,長机1台程度,屋内（風除室含む）,場所とる,"10,000","10,000",要確認,,,,,,,,,,,
,郵便局,荒川郵便局30530,秩父市荒川贄川644-11,長机1台程度,屋内（風除室含む）,場所とる,"10,000","10,000",要確認,,,,,,,,,,,
,郵便局,三芳郵便局30540,三芳町藤久保320,長机1台程度,屋内（風除室含む）,場所とる,"15,000","15,000",要確認,,,,,,,,,,,
,郵便局,松伏郵便局30550,松伏町松葉1-5-4,長机1台程度,屋内（風除室含む）,場所とる,"15,000","15,000",要確認,,,,,,,,,,,
,郵便局,美園郵便局30560,さいたま市緑区大門1438-1,長机1台程度,屋内（風除室含む）,場所とる,"10,000","10,000",要確認,,,,,,,,,,,
,郵便局,東秩父郵便局30570,東秩父村安戸157,長机1台程度,屋内（風除室含む）,場所とる,"10,000","10,000",要確認,,,,,,,,,,,
,郵便局,志木郵便局30580,志木市本町5-20-9,長机1台程度,屋内（風除室含む）,場所とる,"20,000","20,000",要確認,,,,,,,,,,,
,郵便局,狭山郵便局30590,狭山市富士見1-15-32,長机1台程度,屋内（風除室含む）,場所とる,"20,000","20,000",要確認,,,,,,,,,,,
,郵便局,吉田郵便局30600,秩父市下吉田6395-1,長机1台程度,屋内（風除室含む）,場所とる,"10,000","10,000",要確認,,,,,,,,,,,
,郵便局,鷲宮郵便局30620,久喜市鷲宮4-1-6,長机1台程度,屋内（風除室含む）,場所とる,"15,000","15,000",要確認,,,,,,,,,,,
,郵便局,川越元町郵便局30630,川越市元町2-2-3,長机1台程度,屋内（風除室含む）,場所とる,"10,000","10,000",要確認,,,,,,,,,,,
,郵便局,不動岡郵便局30640,加須市不動岡2-6-41,長机1台程度,屋内（風除室含む）,場所とる,"10,000","10,000",要確認,,,,,,,,,,,
,郵便局,大宮西郵便局30650,さいたま市北区櫛引町2-713,長机1台程度,屋内（風除室含む）,場所とる,"20,000","20,000",要確認,,,,,,,,,,,
,郵便局,蓮田郵便局30660,蓮田市見沼町9-21,長机1台程度,屋内（風除室含む）,場所とる,"15,000","15,000",要確認,,,,,,,,,,,
,郵便局,皆野郵便局30680,皆野町皆野1623,長机1台程度,屋内（風除室含む）,場所とる,"10,000","10,000",要確認,,,,,,,,,,,
,郵便局,渡瀬郵便局30690,神川町渡瀬633-21,長机1台程度,屋内（風除室含む）,場所とる,"10,000","10,000",要確認,,,,,,,,,,,
,郵便局,原市郵便局30700,上尾市原市2299,長机1台程度,屋内（風除室含む）,場所とる,"10,000","10,000",要確認,,,,,,,,,,,
,郵便局,上里郵便局30720,上里町神保原町262-9,長机1台程度,屋内（風除室含む）,場所とる,"15,000","15,000",要確認,,,,,,,,,,,
,郵便局,熊谷石原郵便局30730,熊谷市本石2-1-3,長机1台程度,屋内（風除室含む）,場所とる,"10,000","10,000",要確認,,,,,,,,,,,
,郵便局,羽生新郷郵便局30740,羽生市上新郷1928-4,長机1台程度,屋内（風除室含む）,場所とる,"10,000","10,000",要確認,,,,,,,,,,,
,郵便局,川里広田郵便局30750,鴻巣市北根1629-2,長机1台程度,屋内（風除室含む）,場所とる,"10,000","10,000",要確認,,,,,,,,,,,
,郵便局,岡部郵便局30770,深谷市岡3835,長机1台程度,屋内（風除室含む）,場所とる,"10,000","10,000",要確認,,,,,,,,,,,
,郵便局,白岡郵便局30780,白岡市千駄野941-1,長机1台程度,屋内（風除室含む）,場所とる,"15,000","15,000",要確認,,,,,,,,,,,
,郵便局,深谷新井郵便局30790,深谷市新井323-1,長机1台程度,屋内（風除室含む）,場所とる,"10,000","10,000",要確認,,,,,,,,,,,
,郵便局,高坂郵便局30800,東松山市高坂978-5,長机1台程度,屋内（風除室含む）,場所とる,"10,000","10,000",要確認,,,,,,,,,,,
,郵便局,桶川西一郵便局30810,桶川市西1-12-7,長机1台程度,屋内（風除室含む）,場所とる,"10,000","10,000",要確認,,,,,,,,,,,
,郵便局,影森郵便局30820,秩父市下影森1069-1,長机1台程度,屋内（風除室含む）,場所とる,"10,000","10,000",要確認,,,,,,,,,,,
,郵便局,武里郵便局30830,春日部市大畑266-1,長机1台程度,屋内（風除室含む）,場所とる,"10,000","10,000",要確認,,,,,,,,,,,
,郵便局,宮寺郵便局30840,入間市宮寺525,長机1台程度,屋内（風除室含む）,場所とる,"10,000","10,000",要確認,,,,,,,,,,,
,郵便局,川本郵便局30850,深谷市田中586-1,長机1台程度,屋内（風除室含む）,場所とる,"10,000","10,000",要確認,,,,,,,,,,,
,郵便局,嵐山郵便局30860,嵐山町菅谷7-1,長机1台程度,屋内（風除室含む）,場所とる,"10,000","10,000",要確認,,,,,,,,,,,
,郵便局,籠原駅前郵便局30880,熊谷市新堀882-1,長机1台程度,屋内（風除室含む）,場所とる,"10,000","10,000",要確認,,,,,,,,,,,
,郵便局,浦和常盤郵便局30890,さいたま市浦和区常盤5-8-45,長机1台程度,屋内（風除室含む）,場所とる,"10,000","10,000",要確認,,,,,,,,,,,
,郵便局,熊谷広瀬郵便局30900,熊谷市石原1399-4,長机1台程度,屋内（風除室含む）,場所とる,"10,000","10,000",要確認,,,,,,,,,,,
,郵便局,高麗郵便局30910,日高市梅原49-2,長机1台程度,屋内（風除室含む）,場所とる,"10,000","10,000",要確認,,,,,,,,,,,
,郵便局,的場郵便局30940,川越市的場1266-2,長机1台程度,屋内（風除室含む）,場所とる,"10,000","10,000",要確認,,,,,,,,,,,
,郵便局,秩父大野原郵便局30950,秩父市大野原918-3,長机1台程度,屋内（風除室含む）,場所とる,"10,000","10,000",要確認,,,,,,,,,,,
,郵便局,吉岡郵便局30960,熊谷市万吉2299-1,長机1台程度,屋内（風除室含む）,場所とる,"10,000","10,000",要確認,,,,,,,,,,,
,郵便局,都幾川郵便局30970,ときがわ町西平719-3,長机1台程度,屋内（風除室含む）,場所とる,"10,000","10,000",要確認,,,,,,,,,,,
,郵便局,三郷彦成郵便局30980,三郷市上口1-64,長机1台程度,屋内（風除室含む）,場所とる,"10,000","10,000",要確認,,,,,,,,,,,
,郵便局,大里冑山郵便局30990,熊谷市胄山176-1,長机1台程度,屋内（風除室含む）,場所とる,"10,000","10,000",要確認,,,,,,,,,,,
,郵便局,鳩山郵便局31000,鳩山町赤沼2602-6,長机1台程度,屋内（風除室含む）,場所とる,"10,000","10,000",要確認,,,,,,,,,,,
,郵便局,大滝郵便局31010,秩父市大滝959-6,長机1台程度,屋内（風除室含む）,場所とる,"10,000","10,000",要確認,,,,,,,,,,,
,郵便局,浦和本太郵便局31030,さいたま市浦和区本太2-9-2,長机1台程度,屋内（風除室含む）,場所とる,"10,000","10,000",要確認,,,,,,,,,,,
,郵便局,荒木郵便局31040,行田市荒木1069-1,長机1台程度,屋内（風除室含む）,場所とる,"10,000","10,000",要確認,,,,,,,,,,,
,郵便局,八代郵便局31050,幸手市中野578-1,長机1台程度,屋内（風除室含む）,場所とる,"10,000","10,000",要確認,,,,,,,,,,,
,郵便局,美里郵便局31060,美里町甘粕1-2,長机1台程度,屋内（風除室含む）,場所とる,"10,000","10,000",要確認,,,,,,,,,,,
,郵便局,両神郵便局31070,小鹿野町両神薄2714-5,長机1台程度,屋内（風除室含む）,場所とる,"10,000","10,000",要確認,,,,,,,,,,,
,郵便局,高階郵便局31080,川越市砂新田136-1,長机1台程度,屋内（風除室含む）,場所とる,"15,000","15,000",要確認,,,,,,,,,,,
,郵便局,浦和岸町郵便局31090,さいたま市浦和区岸町3-14-11,長机1台程度,屋内（風除室含む）,場所とる,"10,000","10,000",要確認,,,,,,,,,,,
,郵便局,川越新富町郵便局31100,川越市新富町1-13-12,長机1台程度,屋内（風除室含む）,場所とる,"15,000","15,000",要確認,,,,,,,,,,,
,郵便局,毛呂山郵便局31110,毛呂山町毛呂本郷206-4,長机1台程度,屋内（風除室含む）,場所とる,"10,000","10,000",要確認,,,,,,,,,,,
,郵便局,坂戸森戸郵便局31120,坂戸市森戸492-8,長机1台程度,屋内（風除室含む）,場所とる,"10,000","10,000",要確認,,,,,,,,,,,
,郵便局,丹荘郵便局31140,神川町関口138-7,長机1台程度,屋内（風除室含む）,場所とる,"10,000","10,000",要確認,,,,,,,,,,,
,郵便局,川口駅前郵便局31150,川口市本町4-4-16,長机1台程度,屋内（風除室含む）,場所とる,"15,000","15,000",要確認,,,,,,,,,,,
,郵便局,浦和仲町郵便局31160,さいたま市浦和区仲町4-24-18,長机1台程度,屋内（風除室含む）,場所とる,"10,000","10,000",要確認,,,,,,,,,,,
,郵便局,花園郵便局31190,深谷市小前田1060-1,長机1台程度,屋内（風除室含む）,場所とる,"10,000","10,000",要確認,,,,,,,,,,,
,郵便局,北本郵便局31200,北本市緑1-167,長机1台程度,屋内（風除室含む）,場所とる,"15,000","15,000",要確認,,,,,,,,,,,
,郵便局,植水郵便局31210,さいたま市西区飯田39-5,長机1台程度,屋内（風除室含む）,場所とる,"10,000","10,000",要確認,,,,,,,,,,,
,郵便局,行田北河原郵便局31220,行田市北河原667,長机1台程度,屋内（風除室含む）,場所とる,"10,000","10,000",要確認,,,,,,,,,,,
,郵便局,金子郵便局31230,入間市寺竹805,長机1台程度,屋内（風除室含む）,場所とる,"10,000","10,000",要確認,,,,,,,,,,,
,郵便局,川越古谷郵便局31240,川越市古谷上799-1,長机1台程度,屋内（風除室含む）,場所とる,"10,000","10,000",要確認,,,,,,,,,,,
,郵便局,与野駅前郵便局31250,さいたま市中央区下落合1722SW102,長机1台程度,屋内（風除室含む）,場所とる,"10,000","10,000",要確認,,,,,,,,,,,
,郵便局,大山郵便局31270,白岡市柴山1161-1,長机1台程度,屋内（風除室含む）,場所とる,"10,000","10,000",要確認,,,,,,,,,,,
,郵便局,庄和郵便局31280,春日部市金崎851-1,長机1台程度,屋内（風除室含む）,場所とる,"15,000","15,000",要確認,,,,,,,,,,,
,郵便局,滑川福田郵便局31290,滑川町福田600-5,長机1台程度,屋内（風除室含む）,場所とる,"10,000","10,000",要確認,,,,,,,,,,,
,郵便局,美里東児玉郵便局31300,美里町阿那志266-5,長机1台程度,屋内（風除室含む）,場所とる,"10,000","10,000",要確認,,,,,,,,,,,
,郵便局,浦和東高砂郵便局31310,さいたま市浦和区東高砂町25-8,長机1台程度,屋内（風除室含む）,場所とる,"10,000","10,000",要確認,,,,,,,,,,,
,郵便局,熊谷筑波町郵便局31320,熊谷市銀座1-105,長机1台程度,屋内（風除室含む）,場所とる,"10,000","10,000",要確認,,,,,,,,,,,
,郵便局,蕨駅前郵便局31340,蕨市中央3-14-15,長机1台程度,屋内（風除室含む）,場所とる,"15,000","15,000",要確認,,,,,,,,,,,
,郵便局,安行郵便局31350,川口市大字安行327-1,長机1台程度,屋内（風除室含む）,場所とる,"10,000","10,000",要確認,,,,,,,,,,,
,郵便局,所沢日吉郵便局31360,所沢市日吉町9-3,長机1台程度,屋内（風除室含む）,場所とる,"15,000","15,000",要確認,,,,,,,,,,,
,郵便局,男衾郵便局31370,寄居町牟礼1489,長机1台程度,屋内（風除室含む）,場所とる,"10,000","10,000",要確認,,,,,,,,,,,
,郵便局,西武郵便局31380,入間市野田621-3,長机1台程度,屋内（風除室含む）,場所とる,"10,000","10,000",要確認,,,,,,,,,,,
,郵便局,狭山入曾郵便局31390,狭山市水野464-2,長机1台程度,屋内（風除室含む）,場所とる,"15,000","15,000",要確認,,,,,,,,,,,
,郵便局,所沢北野郵便局31400,所沢市小手指南2-22-1,長机1台程度,屋内（風除室含む）,場所とる,"10,000","10,000",要確認,,,,,,,,,,,
,郵便局,宮代和戸郵便局31410,宮代町和戸2-2-7,長机1台程度,屋内（風除室含む）,場所とる,"10,000","10,000",要確認,,,,,,,,,,,
,郵便局,伊奈寿郵便局31420,伊奈町寿2-385,長机1台程度,屋内（風除室含む）,場所とる,"15,000","15,000",要確認,,,,,,,,,,,
,郵便局,水深郵便局31440,加須市大室212-2,長机1台程度,屋内（風除室含む）,場所とる,"10,000","10,000",要確認,,,,,,,,,,,
,郵便局,豊野郵便局31460,加須市松永新田445-14,長机1台程度,屋内（風除室含む）,場所とる,"10,000","10,000",要確認,,,,,,,,,,,
,郵便局,川島三保谷郵便局31470,川島町紫竹131,長机1台程度,屋内（風除室含む）,場所とる,"10,000","10,000",要確認,,,,,,,,,,,
,郵便局,上吉田郵便局31500,秩父市上吉田4327,長机1台程度,屋内（風除室含む）,場所とる,"10,000","10,000",要確認,,,,,,,,,,,
,郵便局,上田野郵便局31510,秩父市荒川上田野1454-9,長机1台程度,屋内（風除室含む）,場所とる,"10,000","10,000",要確認,,,,,,,,,,,
,郵便局,藤田郵便局31530,本庄市牧西452-5,長机1台程度,屋内（風除室含む）,場所とる,"10,000","10,000",要確認,,,,,,,,,,,
,郵便局,金杉郵便局31540,松伏町築比地1692-2,長机1台程度,屋内（風除室含む）,場所とる,"10,000","10,000",要確認,,,,,,,,,,,
,郵便局,戸田笹目郵便局31550,戸田市笹目2-24-10,長机1台程度,屋内（風除室含む）,場所とる,"15,000","15,000",要確認,,,,,,,,,,,
,郵便局,大宮片柳郵便局31560,さいたま市見沼区東新井360,長机1台程度,屋内（風除室含む）,場所とる,"10,000","10,000",要確認,,,,,,,,,,,
,郵便局,八潮中馬場郵便局31570,八潮市八潮8-2-13,長机1台程度,屋内（風除室含む）,場所とる,"10,000","10,000",要確認,,,,,,,,,,,
,郵便局,与野上落合郵便局31580,さいたま市中央区上落合9-3-3,長机1台程度,屋内（風除室含む）,場所とる,"10,000","10,000",要確認,,,,,,,,,,,
,郵便局,三ヶ尻郵便局31590,熊谷市三ケ尻1578-1,長机1台程度,屋内（風除室含む）,場所とる,"10,000","10,000",要確認,,,,,,,,,,,
,郵便局,箕田郵便局31610,鴻巣市箕田343-2,長机1台程度,屋内（風除室含む）,場所とる,"10,000","10,000",要確認,,,,,,,,,,,
,郵便局,岩槻和土郵便局31620,さいたま市岩槻区笹久保204-1,長机1台程度,屋内（風除室含む）,場所とる,"10,000","10,000",要確認,,,,,,,,,,,
,郵便局,飯能下畑郵便局31630,飯能市下畑209-1,長机1台程度,屋内（風除室含む）,場所とる,"10,000","10,000",要確認,,,,,,,,,,,
,郵便局,川越松江町郵便局31640,川越市松江町1-12-17,長机1台程度,屋内（風除室含む）,場所とる,"10,000","10,000",要確認,,,,,,,,,,,
,郵便局,川口仲町郵便局31650,川口市川口5-21-4,長机1台程度,屋内（風除室含む）,場所とる,"10,000","10,000",要確認,,,,,,,,,,,
,郵便局,川田谷郵便局31670,桶川市川田谷3361,長机1台程度,屋内（風除室含む）,場所とる,"10,000","10,000",要確認,,,,,,,,,,,
,郵便局,戸田本町郵便局31680,戸田市本町1-1-2,長机1台程度,屋内（風除室含む）,場所とる,"15,000","15,000",要確認,,,,,,,,,,,
,郵便局,所沢下富郵便局31690,所沢市下富690-1,長机1台程度,屋内（風除室含む）,場所とる,"10,000","10,000",要確認,,,,,,,,,,,
,郵便局,坂戸石井郵便局31700,坂戸市石井1927-3,長机1台程度,屋内（風除室含む）,場所とる,"10,000","10,000",要確認,,,,,,,,,,,
,郵便局,本畠郵便局31710,深谷市本田4275,長机1台程度,屋内（風除室含む）,場所とる,"10,000","10,000",要確認,,,,,,,,,,,
,郵便局,秩父高篠郵便局31720,秩父市山田1848-1,長机1台程度,屋内（風除室含む）,場所とる,"10,000","10,000",要確認,,,,,,,,,,,
,郵便局,岩槻上野郵便局31730,さいたま市岩槻区上野228-1,長机1台程度,屋内（風除室含む）,場所とる,"10,000","10,000",要確認,,,,,,,,,,,
,郵便局,槻川郵便局31760,東秩父村坂本1302-4,長机1台程度,屋内（風除室含む）,場所とる,"10,000","10,000",要確認,,,,,,,,,,,
,郵便局,三田川郵便局31770,小鹿野町飯田2701-1,長机1台程度,屋内（風除室含む）,場所とる,"10,000","10,000",要確認,,,,,,,,,,,
,郵便局,川口飯塚郵便局31790,川口市飯塚3-8-25,長机1台程度,屋内（風除室含む）,場所とる,"10,000","10,000",要確認,,,,,,,,,,,
,郵便局,妻沼太田郵便局31800,熊谷市永井太田244-8,長机1台程度,屋内（風除室含む）,場所とる,"10,000","10,000",要確認,,,,,,,,,,,
,郵便局,八和田郵便局31810,小川町奈良梨87-1,長机1台程度,屋内（風除室含む）,場所とる,"10,000","10,000",要確認,,,,,,,,,,,
,郵便局,東吾野郵便局31820,飯能市虎秀542-4,長机1台程度,屋内（風除室含む）,場所とる,"10,000","10,000",要確認,,,,,,,,,,,
,郵便局,長若郵便局31830,小鹿野町般若888-5,長机1台程度,屋内（風除室含む）,場所とる,"10,000","10,000",要確認,,,,,,,,,,,
,郵便局,熊谷鎌倉町郵便局31840,熊谷市鎌倉町143,長机1台程度,屋内（風除室含む）,場所とる,"10,000","10,000",要確認,,,,,,,,,,,
4.7坪(16㎡),郵便局,北浦和駅前郵便局31850,さいたま市浦和区常盤3-18-20,長机1台程度,屋内（風除室含む）,場所とる,"15,000","15,000",要確認,,,,,,,,,,,
,郵便局,大宮高鼻郵便局31860,さいたま市大宮区高鼻町1-80,長机1台程度,屋内（風除室含む）,場所とる,"10,000","10,000",要確認,,,,,,,,,,,
,郵便局,鳩ヶ谷里郵便局31870,川口市里1018,長机1台程度,屋内（風除室含む）,場所とる,"10,000","10,000",要確認,,,,,,,,,,,
,郵便局,秩父上町郵便局31880,秩父市上町2-13-3,長机1台程度,屋内（風除室含む）,場所とる,"10,000","10,000",要確認,,,,,,,,,,,
,郵便局,行田桜町郵便局31890,行田市桜町2-25-15,長机1台程度,屋内（風除室含む）,場所とる,"10,000","10,000",要確認,,,,,,,,,,,
,郵便局,富士見南畑郵便局31900,富士見市上南畑330-1,長机1台程度,屋内（風除室含む）,場所とる,"10,000","10,000",要確認,,,,,,,,,,,
,郵便局,川口寿町郵便局31910,川口市川口1-2-21,長机1台程度,屋内（風除室含む）,場所とる,"10,000","10,000",要確認,,,,,,,,,,,
,郵便局,川口幸町郵便局31920,川口市幸町2-12-24,長机1台程度,屋内（風除室含む）,場所とる,"15,000","15,000",要確認,,,,,,,,,,,
,郵便局,八潮中央二郵便局31930,八潮市中央2-5-2,長机1台程度,屋内（風除室含む）,場所とる,"15,000","15,000",要確認,,,,,,,,,,,
,郵便局,行田埼玉郵便局31940,行田市埼玉4962-1,長机1台程度,屋内（風除室含む）,場所とる,"10,000","10,000",要確認,,,,,,,,,,,
,郵便局,川通郵便局31950,さいたま市岩槻区大戸1729-3,長机1台程度,屋内（風除室含む）,場所とる,"10,000","10,000",要確認,,,,,,,,,,,
,郵便局,東吉見郵便局31960,吉見町荒子679-17,長机1台程度,屋内（風除室含む）,場所とる,"10,000","10,000",要確認,,,,,,,,,,,
,郵便局,大宮日進郵便局31970,さいたま市北区日進町2-1076,長机1台程度,屋内（風除室含む）,場所とる,"15,000","15,000",要確認,,,,,,,,,,,
,郵便局,大宮堀崎郵便局31980,さいたま市見沼区堀崎町467-2,長机1台程度,屋内（風除室含む）,場所とる,"15,000","15,000",要確認,,,,,,,,,,,
,郵便局,水富郵便局31990,狭山市根岸2-15-22,長机1台程度,屋内（風除室含む）,場所とる,"10,000","10,000",要確認,,,,,,,,,,,
,郵便局,高麗川郵便局32000,日高市高麗川2-13-18,長机1台程度,屋内（風除室含む）,場所とる,"10,000","10,000",要確認,,,,,,,,,,,
,郵便局,石戸郵便局32010,北本市荒井2-460,長机1台程度,屋内（風除室含む）,場所とる,"10,000","10,000",要確認,,,,,,,,,,,
,郵便局,青柳郵便局32020,神川町二ノ宮71-5,長机1台程度,屋内（風除室含む）,場所とる,"10,000","10,000",要確認,,,,,,,,,,,
,郵便局,川口元郷一郵便局32030,川口市元郷1-4-7,長机1台程度,屋内（風除室含む）,場所とる,"10,000","10,000",要確認,,,,,,,,,,,
,郵便局,秩父宮ノ側郵便局32050,秩父市宮側町23-5,長机1台程度,屋内（風除室含む）,場所とる,"10,000","10,000",要確認,,,,,,,,,,,
,郵便局,浦和原山郵便局32060,さいたま市緑区原山1-1-6,長机1台程度,屋内（風除室含む）,場所とる,"15,000","15,000",要確認,,,,,,,,,,,
,郵便局,蕨南町郵便局32070,蕨市南町2-14-10,長机1台程度,屋内（風除室含む）,場所とる,"10,000","10,000",要確認,,,,,,,,,,,
,郵便局,七里郵便局32080,さいたま市見沼区東門前334-1,長机1台程度,屋内（風除室含む）,場所とる,"10,000","10,000",要確認,,,,,,,,,,,
,郵便局,三郷一郵便局32090,三郷市三郷1-11-18,長机1台程度,屋内（風除室含む）,場所とる,"10,000","10,000",要確認,,,,,,,,,,,
,郵便局,唐子郵便局32100,東松山市下唐子1183-9,長机1台程度,屋内（風除室含む）,場所とる,"10,000","10,000",要確認,,,,,,,,,,,
,郵便局,鉢形郵便局32110,寄居町露梨子8-3,長机1台程度,屋内（風除室含む）,場所とる,"10,000","10,000",要確認,,,,,,,,,,,
,郵便局,深谷大寄郵便局32120,深谷市起会129-1,長机1台程度,屋内（風除室含む）,場所とる,"10,000","10,000",要確認,,,,,,,,,,,
,郵便局,谷塚郵便局32130,草加市瀬崎1-7-20,長机1台程度,屋内（風除室含む）,場所とる,"15,000","15,000",要確認,,,,,,,,,,,
,郵便局,村君郵便局32160,羽生市下村君2274-ロ,長机1台程度,屋内（風除室含む）,場所とる,"10,000","10,000",要確認,,,,,,,,,,,
,郵便局,桶川坂田郵便局32170,桶川市坂田922-2,長机1台程度,屋内（風除室含む）,場所とる,"10,000","10,000",要確認,,,,,,,,,,,
,郵便局,深谷稲荷町郵便局32180,深谷市稲荷町2-3-49,長机1台程度,屋内（風除室含む）,場所とる,"10,000","10,000",要確認,,,,,,,,,,,
,郵便局,横瀬郵便局32190,横瀬町横瀬1954-2,長机1台程度,屋内（風除室含む）,場所とる,"10,000","10,000",要確認,,,,,,,,,,,
,郵便局,日野沢郵便局32200,皆野町下日野沢504,長机1台程度,屋内（風除室含む）,場所とる,"10,000","10,000",要確認,,,,,,,,,,,
,郵便局,行田佐間郵便局32230,行田市佐間1-9-11,長机1台程度,屋内（風除室含む）,場所とる,"10,000","10,000",要確認,,,,,,,,,,,
,郵便局,浦和領家郵便局32240,さいたま市浦和区領家5-12-18,長机1台程度,屋内（風除室含む）,場所とる,"10,000","10,000",要確認,,,,,,,,,,,
,郵便局,川越西郵便局32250,川越市小室22-1,長机1台程度,屋内（風除室含む）,場所とる,"20,000","20,000",要確認,,,,,,,,,,,
,郵便局,慈恩寺郵便局32260,さいたま市岩槻区慈恩寺256-18,長机1台程度,屋内（風除室含む）,場所とる,"10,000","10,000",要確認,,,,,,,,,,,
,郵便局,春日部豊春郵便局32270,春日部市上蛭田494-1,長机1台程度,屋内（風除室含む）,場所とる,"15,000","15,000",要確認,,,,,,,,,,,
,郵便局,笠原郵便局32280,鴻巣市笠原1489-1,長机1台程度,屋内（風除室含む）,場所とる,"10,000","10,000",要確認,,,,,,,,,,,
,郵便局,羽生三田ヶ谷郵便局32290,羽生市弥勒1547-4,長机1台程度,屋内（風除室含む）,場所とる,"10,000","10,000",要確認,,,,,,,,,,,
,郵便局,大利根細間郵便局32300,加須市細間438-2,長机1台程度,屋内（風除室含む）,場所とる,"10,000","10,000",要確認,,,,,,,,,,,
,郵便局,江面郵便局32310,久喜市除堀959-1,長机1台程度,屋内（風除室含む）,場所とる,"10,000","10,000",要確認,,,,,,,,,,,
,郵便局,北吉見郵便局32320,吉見町地頭方451,長机1台程度,屋内（風除室含む）,場所とる,"10,000","10,000",要確認,,,,,,,,,,,
,郵便局,東松山柏崎郵便局32330,東松山市柏崎574-4,長机1台程度,屋内（風除室含む）,場所とる,"10,000","10,000",要確認,,,,,,,,,,,
,郵便局,飯能駅南口郵便局32340,飯能市南町9-23,長机1台程度,屋内（風除室含む）,場所とる,"10,000","10,000",要確認,,,,,,,,,,,
,郵便局,妻沼長井郵便局32350,熊谷市江波294,長机1台程度,屋内（風除室含む）,場所とる,"10,000","10,000",要確認,,,,,,,,,,,
,郵便局,小原郵便局32360,熊谷市小江川2204,長机1台程度,屋内（風除室含む）,場所とる,"10,000","10,000",要確認,,,,,,,,,,,
,郵便局,寄居用土郵便局32370,寄居町用土1416-8,長机1台程度,屋内（風除室含む）,場所とる,"10,000","10,000",要確認,,,,,,,,,,,
,郵便局,鶴ヶ島郵便局32380,鶴ヶ島市脚折1835-4,長机1台程度,屋内（風除室含む）,場所とる,"10,000","10,000",要確認,,,,,,,,,,,
,郵便局,上福岡駅前郵便局32400,ふじみ野市霞ケ丘1-2-12,長机1台程度,屋内（風除室含む）,場所とる,"15,000","15,000",要確認,,,,,,,,,,,
,郵便局,加須樋遣川郵便局32410,加須市中樋遣川1749-1,長机1台程度,屋内（風除室含む）,場所とる,"10,000","10,000",要確認,,,,,,,,,,,
,郵便局,大宮浅間郵便局32420,さいたま市大宮区浅間町2-53-2,長机1台程度,屋内（風除室含む）,場所とる,"15,000","15,000",要確認,,,,,,,,,,,
,郵便局,大宮植竹郵便局32430,さいたま市北区植竹町1-717,長机1台程度,屋内（風除室含む）,場所とる,"10,000","10,000",要確認,,,,,,,,,,,
,郵便局,浦和常盤十郵便局32440,さいたま市浦和区常盤10-19-23,長机1台程度,屋内（風除室含む）,場所とる,"10,000","10,000",要確認,,,,,,,,,,,
,郵便局,川口芝郵便局32450,川口市芝4-3-7,長机1台程度,屋内（風除室含む）,場所とる,"10,000","10,000",要確認,,,,,,,,,,,
,郵便局,指扇駅前郵便局32460,さいたま市西区西遊馬1269-14,長机1台程度,屋内（風除室含む）,場所とる,"15,000","15,000",要確認,,,,,,,,,,,
,郵便局,川口並木郵便局32470,川口市並木3-3-25,長机1台程度,屋内（風除室含む）,場所とる,"15,000","15,000",要確認,,,,,,,,,,,
,郵便局,浦和神明郵便局32480,さいたま市浦和区神明1-24-2,長机1台程度,屋内（風除室含む）,場所とる,"10,000","10,000",要確認,,,,,,,,,,,
,郵便局,大宮上小町郵便局32490,さいたま市大宮区上小町544,長机1台程度,屋内（風除室含む）,場所とる,"10,000","10,000",要確認,,,,,,,,,,,
,郵便局,朝霞本町郵便局32500,朝霞本町郵便局32500,長机1台程度,屋内（風除室含む）,場所とる,"10,000","10,000",要確認,,,,,,,,,,,
,郵便局,蓮田黒浜郵便局32510,蓮田市黒浜4748-28,長机1台程度,屋内（風除室含む）,場所とる,"10,000","10,000",要確認,,,,,,,,,,,
,郵便局,与野大戸郵便局32520,さいたま市中央区大戸3-15-32,長机1台程度,屋内（風除室含む）,場所とる,"10,000","10,000",要確認,,,,,,,,,,,
,郵便局,ビバモール本庄郵便局32530,本庄市中央2-4-60,長机1台程度,屋内（風除室含む）,場所とる,"10,000","10,000",要確認,,,,,,,,,,,
,郵便局,大和田駅前郵便局32540,大和田駅前郵便局32540,長机1台程度,屋内（風除室含む）,場所とる,"10,000","10,000",要確認,,,,,,,,,,,
,郵便局,新所沢郵便局32550,所沢市緑町1-6-11,長机1台程度,屋内（風除室含む）,場所とる,"15,000","15,000",要確認,,,,,,,,,,,
,郵便局,飯能八幡郵便局32580,飯能市八幡町6-7,長机1台程度,屋内（風除室含む）,場所とる,"10,000","10,000",要確認,,,,,,,,,,,
,郵便局,大宮宮原郵便局32600,さいたま市北区宮原町4-12-1,長机1台程度,屋内（風除室含む）,場所とる,"15,000","15,000",要確認,,,,,,,,,,,
,郵便局,川口青木郵便局32610,川口市西青木1-17-34,長机1台程度,屋内（風除室含む）,場所とる,"10,000","10,000",要確認,,,,,,,,,,,
,郵便局,富士見鶴瀬東郵便局32620,富士見市鶴瀬東2-15-14,長机1台程度,屋内（風除室含む）,場所とる,"15,000","15,000",要確認,,,,,,,,,,,
,郵便局,宮代郵便局32630,宮代町中央3-8-26,長机1台程度,屋内（風除室含む）,場所とる,"15,000","15,000",要確認,,,,,,,,,,,
,郵便局,浦和太田窪郵便局32640,さいたま市南区太田窪5-22-13,長机1台程度,屋内（風除室含む）,場所とる,"10,000","10,000",要確認,,,,,,,,,,,
,郵便局,埼玉県庁内郵便局32650,さいたま市浦和区高砂3-13-3,長机1台程度,屋内（風除室含む）,場所とる,"15,000","15,000",要確認,,,,,,,,,,,
,郵便局,草加松原郵便局32660,草加市松原1-1-6,長机1台程度,屋内（風除室含む）,場所とる,"15,000","15,000",要確認,,,,,,,,,,,
,郵便局,大宮大成郵便局32670,さいたま市大宮区大成町2-190,長机1台程度,屋内（風除室含む）,場所とる,"10,000","10,000",要確認,,,,,,,,,,,
,郵便局,川口朝日郵便局32690,川口市朝日1-26-18,長机1台程度,屋内（風除室含む）,場所とる,"10,000","10,000",要確認,,,,,,,,,,,
,郵便局,川越新宿郵便局32700,川越市新宿町3-6-4,長机1台程度,屋内（風除室含む）,場所とる,"10,000","10,000",要確認,,,,,,,,,,,
,郵便局,熊谷見晴郵便局32710,熊谷市見晴町2,長机1台程度,屋内（風除室含む）,場所とる,"10,000","10,000",要確認,,,,,,,,,,,
,郵便局,行田本丸郵便局32720,行田市本丸12-48,長机1台程度,屋内（風除室含む）,場所とる,"10,000","10,000",要確認,,,,,,,,,,,
,郵便局,深谷相生郵便局32730,深谷市深谷町11-30,長机1台程度,屋内（風除室含む）,場所とる,"10,000","10,000",要確認,,,,,,,,,,,
,郵便局,浦和大間木郵便局32750,さいたま市緑区大間木553-1,長机1台程度,屋内（風除室含む）,場所とる,"15,000","15,000",要確認,,,,,,,,,,,
,郵便局,狭山旭郵便局32760,狭山市入間川2-14-3,長机1台程度,屋内（風除室含む）,場所とる,"10,000","10,000",要確認,,,,,,,,,,,
,郵便局,南浦和団地内郵便局32770,さいたま市南区南浦和3-42-54,長机1台程度,屋内（風除室含む）,場所とる,"15,000","15,000",要確認,,,,,,,,,,,
,郵便局,大宮本郷郵便局32780,さいたま市北区本郷町1195,長机1台程度,屋内（風除室含む）,場所とる,"10,000","10,000",要確認,,,,,,,,,,,
,郵便局,川口仁志郵便局32790,川口市西川口2-2-4,長机1台程度,屋内（風除室含む）,場所とる,"15,000","15,000",要確認,,,,,,,,,,,
,郵便局,北浦和二郵便局32800,さいたま市浦和区北浦和2-4-3,長机1台程度,屋内（風除室含む）,場所とる,"10,000","10,000",要確認,,,,,,,,,,,
,郵便局,志木駅前郵便局32810,新座市東北2-34-15,長机1台程度,屋内（風除室含む）,場所とる,"15,000","15,000",要確認,,,,,,,,,,,
,郵便局,入間下藤沢郵便局32820,入間市下藤沢1-4-3,長机1台程度,屋内（風除室含む）,場所とる,"15,000","15,000",要確認,,,,,,,,,,,
,郵便局,岡部東郵便局32830,深谷市岡部782-1,長机1台程度,屋内（風除室含む）,場所とる,"10,000","10,000",要確認,,,,,,,,,,,
,郵便局,川口新郷郵便局32840,川口市蓮沼298,長机1台程度,屋内（風除室含む）,場所とる,"10,000","10,000",要確認,,,,,,,,,,,
,郵便局,元和郵便局32850,加須市北下新井947,長机1台程度,屋内（風除室含む）,場所とる,"10,000","10,000",要確認,,,,,,,,,,,
,郵便局,越谷蒲生三郵便局32860,越谷市蒲生3-7-38,長机1台程度,屋内（風除室含む）,場所とる,"15,000","15,000",要確認,,,,,,,,,,,
,郵便局,川口前川郵便局32870,川口市前川3-15-12,長机1台程度,屋内（風除室含む）,場所とる,"10,000","10,000",要確認,,,,,,,,,,,
,郵便局,草加北谷郵便局32880,草加市北谷1-5-11,長机1台程度,屋内（風除室含む）,場所とる,"15,000","15,000",要確認,,,,,,,,,,,
,郵便局,川越今泉郵便局32890,川越市今泉152-1,長机1台程度,屋内（風除室含む）,場所とる,"10,000","10,000",要確認,,,,,,,,,,,
,郵便局,浦和西堀郵便局32910,さいたま市桜区西堀6-14-8,長机1台程度,屋内（風除室含む）,場所とる,"15,000","15,000",要確認,,,,,,,,,,,
,郵便局,川口朝日二郵便局32920,川口市朝日2-26-11,長机1台程度,屋内（風除室含む）,場所とる,"10,000","10,000",要確認,,,,,,,,,,,
,郵便局,羽生東町郵便局32930,羽生市東2-6-1,長机1台程度,屋内（風除室含む）,場所とる,"10,000","10,000",要確認,,,,,,,,,,,
,郵便局,蕨塚越郵便局32950,蕨市塚越2-8-5,長机1台程度,屋内（風除室含む）,場所とる,"15,000","15,000",要確認,,,,,,,,,,,
,郵便局,北越谷駅前郵便局32960,越谷市北越谷2-24-21,長机1台程度,屋内（風除室含む）,場所とる,"15,000","15,000",要確認,,,,,,,,,,,
,郵便局,加須久下郵便局32980,加須市久下4-9-9,長机1台程度,屋内（風除室含む）,場所とる,"10,000","10,000",要確認,,,,,,,,,,,
,郵便局,"三郷高州郵便局32990",三郷市高州1-106-4,長机1台程度,屋内（風除室含む）,場所とる,"15,000","15,000",要確認,,,,,,,,,,,
,郵便局,浦和辻郵便局33000,さいたま市南区辻3-2-20,長机1台程度,屋内（風除室含む）,場所とる,"10,000","10,000",要確認,,,,,,,,,,,
,郵便局,東大宮駅前郵便局33010,さいたま市見沼区東大宮5-44-1,長机1台程度,屋内（風除室含む）,場所とる,"10,000","10,000",要確認,,,,,,,,,,,
,郵便局,富士見鶴瀬西郵便局33020,富士見市鶴瀬西2-23-29,長机1台程度,屋内（風除室含む）,場所とる,"10,000","10,000",要確認,,,,,,,,,,,
,郵便局,所沢上安松郵便局33030,所沢市上安松976-6,長机1台程度,屋内（風除室含む）,場所とる,"10,000","10,000",要確認,,,,,,,,,,,
,郵便局,西大和郵便局33040,和光市西大和団地1-6-2,長机1台程度,屋内（風除室含む）,場所とる,"10,000","10,000",要確認,,,,,,,,,,,
,郵便局,行田須加郵便局33060,"行田市須加4545-3",長机1台程度,屋内（風除室含む）,場所とる,"10,000","10,000",要確認,,,,,,,,,,,
,郵便局,行田谷郷郵便局33070,行田市谷郷1-13-27,長机1台程度,屋内（風除室含む）,場所とる,"10,000","10,000",要確認,,,,,,,,,,,
,郵便局,西所沢一郵便局33080,所沢市西所沢1-9-23,長机1台程度,屋内（風除室含む）,場所とる,"10,000","10,000",要確認,,,,,,,,,,,
,郵便局,新座大和田郵便局33100,新座市大和田4-7-13,長机1台程度,屋内（風除室含む）,場所とる,"10,000","10,000",要確認,,,,,,,,,,,
,郵便局,大宮吉野町郵便局33110,さいたま市北区吉野町1-393-21,長机1台程度,屋内（風除室含む）,場所とる,"10,000","10,000",要確認,,,,,,,,,,,
,郵便局,上尾愛宕郵便局33120,上尾市愛宕3-12-17,長机1台程度,屋内（風除室含む）,場所とる,"10,000","10,000",要確認,,,,,,,,,,,
,郵便局,岩槻西町郵便局33130,さいたま市岩槻区西町1-3-9,長机1台程度,屋内（風除室含む）,場所とる,"15,000","15,000",要確認,,,,,,,,,,,
,郵便局,本庄早稲田駅前郵便局33140,本庄市早稲田の杜2-1-75,長机1台程度,屋内（風除室含む）,場所とる,"10,000","10,000",要確認,,,,,,,,,,,
,郵便局,戸田美女木郵便局33150,戸田市美女木2-22-7,長机1台程度,屋内（風除室含む）,場所とる,"10,000","10,000",要確認,,,,,,,,,,,
,郵便局,春日部武里団地内郵便局33160,春日部市大枝89武里団地2-11,長机1台程度,屋内（風除室含む）,場所とる,"15,000","15,000",要確認,,,,,,,,,,,
,郵便局,大宮盆栽町郵便局33170,さいたま市北区盆栽町113,長机1台程度,屋内（風除室含む）,場所とる,"10,000","10,000",要確認,,,,,,,,,,,
,郵便局,所沢山口郵便局33180,所沢市山口1533-5,長机1台程度,屋内（風除室含む）,場所とる,"10,000","10,000",要確認,,,,,,,,,,,
,郵便局,与野円阿弥郵便局33190,さいたま市中央区円阿弥2-10-16,長机1台程度,屋内（風除室含む）,場所とる,"10,000","10,000",要確認,,,,,,,,,,,
,郵便局,越谷柳田郵便局33200,越谷市元柳田町9-29,長机1台程度,屋内（風除室含む）,場所とる,"15,000","15,000",要確認,,,,,,,,,,,
,郵便局,大宮大門町郵便局33210,さいたま市大宮区大門町2-118大宮門街1階,長机1台程度,屋内（風除室含む）,場所とる,"15,000","15,000",要確認,,,,,,,,,,,
,郵便局,鳩ヶ谷三ツ和郵便局33220,川口市三ツ和1-10-10,長机1台程度,屋内（風除室含む）,場所とる,"10,000","10,000",要確認,,,,,,,,,,,
,郵便局,朝霞根岸郵便局33230,朝霞市根岸台3-14-2,長机1台程度,屋内（風除室含む）,場所とる,"10,000","10,000",要確認,,,,,,,,,,,
,郵便局,長瀞駅前郵便局33240,長瀞町長瀞546-1,長机1台程度,屋内（風除室含む）,場所とる,"10,000","10,000",要確認,,,,,,,,,,,
,郵便局,熊谷佐谷田郵便局33260,熊谷市佐谷田692-1,長机1台程度,屋内（風除室含む）,場所とる,"10,000","10,000",要確認,,,,,,,,,,,
,郵便局,寄居末野郵便局33270,寄居町末野1575-6,長机1台程度,屋内（風除室含む）,場所とる,"10,000","10,000",要確認,,,,,,,,,,,
,郵便局,浦和三室郵便局33280,さいたま市緑区三室1648-8,長机1台程度,屋内（風除室含む）,場所とる,"15,000","15,000",要確認,,,,,,,,,,,
,郵便局,上尾尾山台郵便局33290,上尾市瓦葺2716尾山台団地4街区2号棟,長机1台程度,屋内（風除室含む）,場所とる,"10,000","10,000",要確認,,,,,,,,,,,
,郵便局,浦和大久保郵便局33300,さいたま市桜区下大久保768-7,長机1台程度,屋内（風除室含む）,場所とる,"10,000","10,000",要確認,,,,,,,,,,,
,郵便局,川越霞ヶ関北郵便局33310,川越市霞ケ関北2-1-15,長机1台程度,屋内（風除室含む）,場所とる,"15,000","15,000",要確認,,,,,,,,,,,
,郵便局,川口前川一郵便局33330,川口市前川1-1-64,長机1台程度,屋内（風除室含む）,場所とる,"15,000","15,000",要確認,,,,,,,,,,,
,郵便局,北上尾駅前郵便局33340,上尾市原新町18-2,長机1台程度,屋内（風除室含む）,場所とる,"15,000","15,000",要確認,,,,,,,,,,,
,郵便局,草加市役所第二庁舎内郵便局33350,草加市中央1-1-8,長机1台程度,屋内（風除室含む）,場所とる,"15,000","15,000",要確認,,,,,,,,,,,
,郵便局,所沢東新井郵便局33360,所沢市東新井町738-1,長机1台程度,屋内（風除室含む）,場所とる,"10,000","10,000",要確認,,,,,,,,,,,
,郵便局,蕨中央七郵便局33370,蕨市中央7-42-1,長机1台程度,屋内（風除室含む）,場所とる,"10,000","10,000",要確認,,,,,,,,,,,
,郵便局,和光白子南郵便局33380,和光市白子1-17-37,長机1台程度,屋内（風除室含む）,場所とる,"10,000","10,000",要確認,,,,,,,,,,,
,郵便局,志木上町郵便局33390,志木市本町3-1-6,長机1台程度,屋内（風除室含む）,場所とる,"10,000","10,000",要確認,,,,,,,,,,,
,郵便局,入間新久郵便局33400,入間市新久641-18,長机1台程度,屋内（風除室含む）,場所とる,"10,000","10,000",要確認,,,,,,,,,,,
,郵便局,大宮三橋四郵便局33410,さいたま市大宮区三橋4-304-1,長机1台程度,屋内（風除室含む）,場所とる,"10,000","10,000",要確認,,,,,,,,,,,
,郵便局,熊谷箱田郵便局33420,熊谷市箱田2-20-3,長机1台程度,屋内（風除室含む）,場所とる,"10,000","10,000",要確認,,,,,,,,,,,
,郵便局,新座栗原郵便局33440,新座市栗原6-3-8,長机1台程度,屋内（風除室含む）,場所とる,"10,000","10,000",要確認,,,,,,,,,,,
,郵便局,戸田喜沢郵便局33450,戸田市喜沢2-39-11,長机1台程度,屋内（風除室含む）,場所とる,"10,000","10,000",要確認,,,,,,,,,,,
,郵便局,毛呂山長瀬郵便局33460,毛呂山町前久保南4-13-3,長机1台程度,屋内（風除室含む）,場所とる,"10,000","10,000",要確認,,,,,,,,,,,
,郵便局,草加青柳郵便局33470,草加市青柳7-19-18,長机1台程度,屋内（風除室含む）,場所とる,"15,000","15,000",要確認,,,,,,,,,,,
,郵便局,越谷袋山郵便局33480,越谷市袋山251-2,長机1台程度,屋内（風除室含む）,場所とる,"15,000","15,000",要確認,,,,,,,,,,,
,郵便局,吉川団地前郵便局33490,吉川市吉川1-21-25,長机1台程度,屋内（風除室含む）,場所とる,"10,000","10,000",要確認,,,,,,,,,,,
,郵便局,戸田新曽南郵便局33500,戸田市新曽南2-2-29,長机1台程度,屋内（風除室含む）,場所とる,"15,000","15,000",要確認,,,,,,,,,,,
,郵便局,蓮田閏戸郵便局33510,蓮田市閏戸4005,長机1台程度,屋内（風除室含む）,場所とる,"10,000","10,000",要確認,,,,,,,,,,,
,郵便局,朝霞宮戸郵便局33520,朝霞市宮戸2-1-71,長机1台程度,屋内（風除室含む）,場所とる,"10,000","10,000",要確認,,,,,,,,,,,
,郵便局,狭山水野郵便局33530,狭山市水野1234-2,長机1台程度,屋内（風除室含む）,場所とる,"10,000","10,000",要確認,,,,,,,,,,,
,郵便局,鶴ヶ島駅前郵便局33540,鶴ヶ島市上広谷13-7,長机1台程度,屋内（風除室含む）,場所とる,"15,000","15,000",要確認,,,,,,,,,,,
,郵便局,深谷上野台郵便局33550,深谷市上野台2393-8,長机1台程度,屋内（風除室含む）,場所とる,"10,000","10,000",要確認,,,,,,,,,,,
,郵便局,川口領家郵便局33560,川口市領家2-30-7,長机1台程度,屋内（風除室含む）,場所とる,"10,000","10,000",要確認,,,,,,,,,,,
,郵便局,熊谷万平郵便局33570,熊谷市万平町1-37,長机1台程度,屋内（風除室含む）,場所とる,"10,000","10,000",要確認,,,,,,,,,,,
,郵便局,富士見東台郵便局33580,富士見市水子4463-1,長机1台程度,屋内（風除室含む）,場所とる,"15,000","15,000",要確認,,,,,,,,,,,
,郵便局,大宮三橋六郵便局33590,さいたま市西区三橋6-160-12,長机1台程度,屋内（風除室含む）,場所とる,"10,000","10,000",要確認,,,,,,,,,,,
,郵便局,越谷登戸郵便局33600,越谷市登戸町27-24,長机1台程度,屋内（風除室含む）,場所とる,"10,000","10,000",要確認,,,,,,,,,,,
,郵便局,本庄小島郵便局33610,本庄市小島1-12-15,長机1台程度,屋内（風除室含む）,場所とる,"10,000","10,000",要確認,,,,,,,,,,,
,郵便局,与野郵便局33620,さいたま市中央区下落合5-6-8,長机1台程度,屋内（風除室含む）,場所とる,"20,000","20,000",要確認,,,,,,,,,,,
,郵便局,西上尾郵便局33630,上尾市壱丁目北29-14アリオ上尾1F,長机1台程度,屋内（風除室含む）,場所とる,"15,000","15,000",要確認,,,,,,,,,,,
,郵便局,所沢駅西口郵便局33640,所沢市東住吉11-1,長机1台程度,屋内（風除室含む）,場所とる,"15,000","15,000",要確認,,,,,,,,,,,
,郵便局,西武入間ぺぺ内郵便局33650,入間市河原町2-1,長机1台程度,屋内（風除室含む）,場所とる,"15,000","15,000",要確認,,,,,,,,,,,
,郵便局,川口小谷場郵便局33660,川口市小谷場419,長机1台程度,屋内（風除室含む）,場所とる,"10,000","10,000",要確認,,,,,,,,,,,
,郵便局,川口上青木郵便局33670,川口市上青木西5-22-12,長机1台程度,屋内（風除室含む）,場所とる,"15,000","15,000",要確認,,,,,,,,,,,
,郵便局,川越今福郵便局33680,川越市今福2645-8,長机1台程度,屋内（風除室含む）,場所とる,"10,000","10,000",要確認,,,,,,,,,,,
,郵便局,熊谷久保島郵便局33700,熊谷市久保島985-3,長机1台程度,屋内（風除室含む）,場所とる,"10,000","10,000",要確認,,,,,,,,,,,
,郵便局,大井亀久保郵便局33710,ふじみ野市大井中央1-1-8,長机1台程度,屋内（風除室含む）,場所とる,"15,000","15,000",要確認,,,,,,,,,,,
,郵便局,和光新倉郵便局33720,和光市新倉3-6-20,長机1台程度,屋内（風除室含む）,場所とる,"10,000","10,000",要確認,,,,,,,,,,,
,郵便局,桶川神明郵便局33730,桶川市神明1-3-2,長机1台程度,屋内（風除室含む）,場所とる,"10,000","10,000",要確認,,,,,,,,,,,
,郵便局,久喜東町郵便局33740,久喜市久喜東5-31-8,長机1台程度,屋内（風除室含む）,場所とる,"15,000","15,000",要確認,,,,,,,,,,,
,郵便局,東武竹沢駅前郵便局33750,小川町靭負605-1,長机1台程度,屋内（風除室含む）,場所とる,"10,000","10,000",要確認,,,,,,,,,,,
,郵便局,吉川駅前郵便局33760,吉川市高富1-4-2,長机1台程度,屋内（風除室含む）,場所とる,"10,000","10,000",要確認,,,,,,,,,,,
,郵便局,三郷戸ヶ崎郵便局33770,三郷市戸ヶ崎2172,長机1台程度,屋内（風除室含む）,場所とる,"10,000","10,000",要確認,,,,,,,,,,,
,郵便局,所沢中富郵便局33780,所沢市中富南2-14-8,長机1台程度,屋内（風除室含む）,場所とる,"10,000","10,000",要確認,,,,,,,,,,,
,郵便局,アーバンみらい東大宮内郵便局33790,さいたま市見沼区春野1-5-1,長机1台程度,屋内（風除室含む）,場所とる,"15,000","15,000",要確認,,,,,,,,,,,
,郵便局,上尾小敷谷南郵便局33800,上尾市小敷谷77-1,長机1台程度,屋内（風除室含む）,場所とる,"10,000","10,000",要確認,,,,,,,,,,,
,郵便局,春日部藤塚郵便局33810,春日部市本田町1-197,長机1台程度,屋内（風除室含む）,場所とる,"15,000","15,000",要確認,,,,,,,,,,,
,郵便局,越谷相模町郵便局33820,越谷市相模町2-188-1,長机1台程度,屋内（風除室含む）,場所とる,"10,000","10,000",要確認,,,,,,,,,,,
,郵便局,与野鈴谷郵便局33830,さいたま市中央区鈴谷2-621-5,長机1台程度,屋内（風除室含む）,場所とる,"10,000","10,000",要確認,,,,,,,,,,,
,郵便局,鴻巣神明郵便局33840,鴻巣市神明3-5-42,長机1台程度,屋内（風除室含む）,場所とる,"10,000","10,000",要確認,,,,,,,,,,,
,郵便局,草加氷川郵便局33850,草加市氷川町933,長机1台程度,屋内（風除室含む）,場所とる,"15,000","15,000",要確認,,,,,,,,,,,
,郵便局,所沢久米郵便局33860,所沢市久米1405-2,長机1台程度,屋内（風除室含む）,場所とる,"10,000","10,000",要確認,,,,,,,,,,,
,郵便局,滑川羽尾郵便局33870,滑川町羽尾3563-3,長机1台程度,屋内（風除室含む）,場所とる,"10,000","10,000",要確認,,,,,,,,,,,
,郵便局,朝霞三原郵便局33880,朝霞市三原3-10-2,長机1台程度,屋内（風除室含む）,場所とる,"15,000","15,000",要確認,,,,,,,,,,,
,郵便局,新座片山郵便局33890,新座市道場1-9-20,長机1台程度,屋内（風除室含む）,場所とる,"10,000","10,000",要確認,,,,,,,,,,,
,郵便局,浦和代山郵便局33900,さいたま市緑区代山143-1,長机1台程度,屋内（風除室含む）,場所とる,"10,000","10,000",要確認,,,,,,,,,,,
,郵便局,入間黒須郵便局33910,入間市黒須2-2-1,長机1台程度,屋内（風除室含む）,場所とる,"10,000","10,000",要確認,,,,,,,,,,,
,郵便局,北本東間郵便局33920,北本市東間1-42,長机1台程度,屋内（風除室含む）,場所とる,"10,000","10,000",要確認,,,,,,,,,,,
,郵便局,新座団地内郵便局33930,新座市新座3-1-2,長机1台程度,屋内（風除室含む）,場所とる,"10,000","10,000",要確認,,,,,,,,,,,
,郵便局,川口柳崎郵便局33940,川口市北園町9-1,長机1台程度,屋内（風除室含む）,場所とる,"15,000","15,000",要確認,,,,,,,,,,,
,郵便局,大宮日進三郵便局33950,さいたま市北区日進町3-438-3,長机1台程度,屋内（風除室含む）,場所とる,"10,000","10,000",要確認,,,,,,,,,,,
,郵便局,東所沢郵便局33960,所沢市東所沢5-5-13,長机1台程度,屋内（風除室含む）,場所とる,"15,000","15,000",要確認,,,,,,,,,,,
,郵便局,所沢三ヶ島郵便局33970,所沢市三ケ島5-503-1,長机1台程度,屋内（風除室含む）,場所とる,"10,000","10,000",要確認,,,,,,,,,,,
,郵便局,越谷瓦曽根郵便局33980,越谷市瓦曽根1-3-24,長机1台程度,屋内（風除室含む）,場所とる,"10,000","10,000",要確認,,,,,,,,,,,
,郵便局,春日部仲町郵便局33990,春日部市粕壁1-4-37,長机1台程度,屋内（風除室含む）,場所とる,"15,000","15,000",要確認,,,,,,,,,,,
,郵便局,鳩ヶ谷南二郵便局34000,川口市南鳩ヶ谷2-9-8,長机1台程度,屋内（風除室含む）,場所とる,"10,000","10,000",要確認,,,,,,,,,,,
,郵便局,熊谷上之郵便局34010,熊谷市上之500-6,長机1台程度,屋内（風除室含む）,場所とる,"10,000","10,000",要確認,,,,,,,,,,,
,郵便局,草加柳島郵便局34020,草加市柳島町59-3,長机1台程度,屋内（風除室含む）,場所とる,"10,000","10,000",要確認,,,,,,,,,,,
,郵便局,行田若小玉郵便局34030,行田市若小玉2273-3,長机1台程度,屋内（風除室含む）,場所とる,"10,000","10,000",要確認,,,,,,,,,,,
,郵便局,桶川日出谷郵便局34040,桶川市上日出谷南2-39-8,長机1台程度,屋内（風除室含む）,場所とる,"10,000","10,000",要確認,,,,,,,,,,,
,郵便局,北本栄郵便局34050,北本市栄7-1-22,長机1台程度,屋内（風除室含む）,場所とる,"10,000","10,000",要確認,,,,,,,,,,,
,郵便局,八潮木曽根郵便局34060,八潮市木曽根904-1,長机1台程度,屋内（風除室含む）,場所とる,"10,000","10,000",要確認,,,,,,,,,,,
,郵便局,八潮市木曽根904-1,ふじみ野市松山1-3-13,長机1台程度,屋内（風除室含む）,場所とる,"10,000","10,000",要確認,,,,,,,,,,,
,郵便局,鷲宮上内郵便局34080,久喜市上内478わし宮団地2街区3号棟108号室,長机1台程度,屋内（風除室含む）,場所とる,"10,000","10,000",要確認,,,,,,,,,,,
,郵便局,日高下鹿山郵便局34090,日高市下鹿山527-4,長机1台程度,屋内（風除室含む）,場所とる,"10,000","10,000",要確認,,,,,,,,,,,
,郵便局,浦和中尾郵便局34100,さいたま市緑区中尾976-6,長机1台程度,屋内（風除室含む）,場所とる,"15,000","15,000",要確認,,,,,,,,,,,
,郵便局,大宮清河寺郵便局34110,さいたま市西区清河寺須場1226-6,長机1台程度,屋内（風除室含む）,場所とる,"10,000","10,000",要確認,,,,,,,,,,,
,郵便局,川口青木五郵便局34120,川口市中青木5-1-29,長机1台程度,屋内（風除室含む）,場所とる,"15,000","15,000",要確認,,,,,,,,,,,
,郵便局,川口石神郵便局34130,川口市石神978,長机1台程度,屋内（風除室含む）,場所とる,"10,000","10,000",要確認,,,,,,,,,,,
,郵便局,熊谷美土里郵便局34140,熊谷市美土里町3-10,長机1台程度,屋内（風除室含む）,場所とる,"10,000","10,000",要確認,,,,,,,,,,,
,郵便局,所沢若狭郵便局34150,所沢市若狭4-2487,長机1台程度,屋内（風除室含む）,場所とる,"15,000","15,000",要確認,,,,,,,,,,,
,郵便局,行田駅前郵便局34160,行田市壱里山町13-2,長机1台程度,屋内（風除室含む）,場所とる,"10,000","10,000",要確認,,,,,,,,,,,
,郵便局,行田真名板郵便局34170,行田市真名板2040-3,長机1台程度,屋内（風除室含む）,場所とる,"10,000","10,000",要確認,,,,,,,,,,,
,郵便局,越谷弥栄郵便局34190,越谷市弥栄町2-514-7,長机1台程度,屋内（風除室含む）,場所とる,"10,000","10,000",要確認,,,,,,,,,,,
,郵便局,春日部小渕郵便局34210,春日部市小渕595-1,長机1台程度,屋内（風除室含む）,場所とる,"15,000","15,000",要確認,,,,,,,,,,,
,郵便局,草加弁天郵便局34220,草加市弁天4-1-16,長机1台程度,屋内（風除室含む）,場所とる,"10,000","10,000",要確認,,,,,,,,,,,
,郵便局,草加清門郵便局34230,草加市清門2-23-5,長机1台程度,屋内（風除室含む）,場所とる,"15,000","15,000",要確認,,,,,,,,,,,
,郵便局,宮代姫宮郵便局34250,宮代町川端1-9-19,長机1台程度,屋内（風除室含む）,場所とる,"10,000","10,000",要確認,,,,,,,,,,,
,郵便局,蓮田西新宿郵便局34260,蓮田市西新宿2-71-6,長机1台程度,屋内（風除室含む）,場所とる,"10,000","10,000",要確認,,,,,,,,,,,
,郵便局,岡部針ヶ谷郵便局34280,深谷市針ケ谷391-7,長机1台程度,屋内（風除室含む）,場所とる,"10,000","10,000",要確認,,,,,,,,,,,
,郵便局,川越笠幡郵便局34290,川越市かすみ野2-9-8,長机1台程度,屋内（風除室含む）,場所とる,"10,000","10,000",要確認,,,,,,,,,,,
,郵便局,岩槻本丸郵便局34300,さいたま市岩槻区本丸2-17-28,長机1台程度,屋内（風除室含む）,場所とる,"10,000","10,000",要確認,,,,,,,,,,,
,郵便局,幸手団地内郵便局34320,幸手市栄3-7,長机1台程度,屋内（風除室含む）,場所とる,"10,000","10,000",要確認,,,,,,,,,,,
,郵便局,草加新栄郵便局34330,草加市新栄4-813-10,長机1台程度,屋内（風除室含む）,場所とる,"10,000","10,000",要確認,,,,,,,,,,,
,郵便局,幸手中郵便局34340,幸手市中4-12-3,長机1台程度,屋内（風除室含む）,場所とる,"10,000","10,000",要確認,,,,,,,,,,,
,郵便局,吹上本町郵便局34350,鴻巣市吹上本町5-2-9,長机1台程度,屋内（風除室含む）,場所とる,"10,000","10,000",要確認,,,,,,,,,,,
,郵便局,西白岡郵便局34360,白岡市白岡1050-2,長机1台程度,屋内（風除室含む）,場所とる,"10,000","10,000",要確認,,,,,,,,,,,
,郵便局,浦和大谷口郵便局34370,さいたま市南区大谷口2523-3,長机1台程度,屋内（風除室含む）,場所とる,"10,000","10,000",要確認,,,,,,,,,,,
,郵便局,大宮天沼郵便局34380,さいたま市大宮区天沼町1-294-3,長机1台程度,屋内（風除室含む）,場所とる,"10,000","10,000",要確認,,,,,,,,,,,
,郵便局,川越清水郵便局34400,川越市清水町13-17,長机1台程度,屋内（風除室含む）,場所とる,"10,000","10,000",要確認,,,,,,,,,,,
,郵便局,岩槻仲町郵便局34410,さいたま市岩槻区仲町2-7-21,長机1台程度,屋内（風除室含む）,場所とる,"10,000","10,000",要確認,,,,,,,,,,,
,郵便局,東岩槻郵便局34420,さいたま市岩槻区東岩槻4-5-1,長机1台程度,屋内（風除室含む）,場所とる,"15,000","15,000",要確認,,,,,,,,,,,
,郵便局,狭山上広瀬郵便局34430,狭山市広瀬東1-16-24,長机1台程度,屋内（風除室含む）,場所とる,"10,000","10,000",要確認,,,,,,,,,,,
,郵便局,東松山平野郵便局34440,東松山市沢口町30-6,長机1台程度,屋内（風除室含む）,場所とる,"10,000","10,000",要確認,,,,,,,,,,,
,郵便局,所沢けやき台郵便局34450,所沢市けやき台1-7-8,長机1台程度,屋内（風除室含む）,場所とる,"10,000","10,000",要確認,,,,,,,,,,,
,郵便局,志木宗岡郵便局34470,志木市中宗岡4-1-5,長机1台程度,屋内（風除室含む）,場所とる,"15,000","15,000",要確認,,,,,,,,,,,
,郵便局,鴻巣大間郵便局34480,鴻巣市大間1-2-6,長机1台程度,屋内（風除室含む）,場所とる,"10,000","10,000",要確認,,,,,,,,,,,
,郵便局,北本二ッ家郵便局34490,北本市二ツ家2-29,長机1台程度,屋内（風除室含む）,場所とる,"10,000","10,000",要確認,,,,,,,,,,,
,郵便局,所沢美原郵便局34500,所沢市美原町2-2937,長机1台程度,屋内（風除室含む）,場所とる,"15,000","15,000",要確認,,,,,,,,,,,
,郵便局,春日部浜川戸郵便局34510,春日部市浜川戸2-2-4,長机1台程度,屋内（風除室含む）,場所とる,"10,000","10,000",要確認,,,,,,,,,,,
,郵便局,秩父中宮地郵便局34520,秩父市中宮地町20-12,長机1台程度,屋内（風除室含む）,場所とる,"10,000","10,000",要確認,,,,,,,,,,,
,郵便局,三芳北永井郵便局34530,三芳町北永井376-4,長机1台程度,屋内（風除室含む）,場所とる,"10,000","10,000",要確認,,,,,,,,,,,
,郵便局,庄和米島郵便局34540,春日部市米島1133-51,長机1台程度,屋内（風除室含む）,場所とる,"10,000","10,000",要確認,,,,,,,,,,,
,郵便局,柳瀬川駅前郵便局34550,志木市館2-6-11,長机1台程度,屋内（風除室含む）,場所とる,"10,000","10,000",要確認,,,,,,,,,,,
,郵便局,草加新田駅前郵便局34560,草加市金明町283-7,長机1台程度,屋内（風除室含む）,場所とる,"10,000","10,000",要確認,,,,,,,,,,,
,郵便局,みさと団地内郵便局34570,三郷市彦成3-7-3101,長机1台程度,屋内（風除室含む）,場所とる,"15,000","15,000",要確認,,,,,,,,,,,
,郵便局,越谷赤山郵便局34590,越谷市赤山町1-178-1,長机1台程度,屋内（風除室含む）,場所とる,"15,000","15,000",要確認,,,,,,,,,,,
,郵便局,新座栄郵便局34600,新座市栄5-1-15,長机1台程度,屋内（風除室含む）,場所とる,"10,000","10,000",要確認,,,,,,,,,,,
,郵便局,川越南大塚駅前郵便局34610,川越市南台2-1-19,長机1台程度,屋内（風除室含む）,場所とる,"15,000","15,000",要確認,,,,,,,,,,,
,郵便局,新狭山二郵便局34620,狭山市新狭山2-6-49,長机1台程度,屋内（風除室含む）,場所とる,"10,000","10,000",要確認,,,,,,,,,,,
,郵便局,川口根岸郵便局34630,川口市安行領根岸2888,長机1台程度,屋内（風除室含む）,場所とる,"10,000","10,000",要確認,,,,,,,,,,,
,郵便局,飯能岩沢郵便局34650,飯能市岩沢1013-3,長机1台程度,屋内（風除室含む）,場所とる,"10,000","10,000",要確認,,,,,,,,,,,
,郵便局,所沢中新井郵便局34660,所沢市中新井4-27-7,長机1台程度,屋内（風除室含む）,場所とる,"10,000","10,000",要確認,,,,,,,,,,,
,郵便局,草加工業団地内郵便局34670,草加市青柳3-7-17,長机1台程度,屋内（風除室含む）,場所とる,"10,000","10,000",要確認,,,,,,,,,,,
,郵便局,三郷丹後郵便局34680,"三郷市早稲田6-1-14",長机1台程度,屋内（風除室含む）,場所とる,"15,000","15,000",要確認,,,,,,,,,,,
,郵便局,狭山入間川三郵便局34690,狭山市入間川3-21-10,長机1台程度,屋内（風除室含む）,場所とる,"10,000","10,000",要確認,,,,,,,,,,,
,郵便局,狭山台団地内郵便局34700,狭山市狭山台3-25,長机1台程度,屋内（風除室含む）,場所とる,"15,000","15,000",要確認,,,,,,,,,,,
,郵便局,川越砂郵便局34710,川越市砂966-7,長机1台程度,屋内（風除室含む）,場所とる,"10,000","10,000",要確認,,,,,,,,,,,
,郵便局,蕨錦町郵便局34720,蕨市錦町5-12-19,長机1台程度,屋内（風除室含む）,場所とる,"10,000","10,000",要確認,,,,,,,,,,,
,郵便局,大宮プラザ郵便局34740,さいたま市西区プラザ34-14,長机1台程度,屋内（風除室含む）,場所とる,"15,000","15,000",要確認,,,,,,,,,,,
,郵便局,富士見水谷東郵便局34750,富士見市水谷東2-12-18,長机1台程度,屋内（風除室含む）,場所とる,"10,000","10,000",要確認,,,,,,,,,,,
,郵便局,久喜本町郵便局34760,久喜市本町1-2-48,長机1台程度,屋内（風除室含む）,場所とる,"10,000","10,000",要確認,,,,,,,,,,,
,郵便局,浦和南本町郵便局34770,さいたま市南区南本町1-3-6,長机1台程度,屋内（風除室含む）,場所とる,"15,000","15,000",要確認,,,,,,,,,,,
,郵便局,上尾原市団地内郵便局34780,上尾市原市3336,長机1台程度,屋内（風除室含む）,場所とる,"10,000","10,000",要確認,,,,,,,,,,,
,郵便局,伊奈小室郵便局34790,伊奈町小室5575-2,長机1台程度,屋内（風除室含む）,場所とる,"15,000","15,000",要確認,,,,,,,,,,,
,郵便局,西坂戸三郵便局34800,坂戸市西坂戸3-5-1,長机1台程度,屋内（風除室含む）,場所とる,"10,000","10,000",要確認,,,,,,,,,,,
,郵便局,富士見みずほ台郵便局34820,富士見市西みずほ台1-12-1,長机1台程度,屋内（風除室含む）,場所とる,"10,000","10,000",要確認,,,,,,,,,,,
,郵便局,与野ハウス内郵便局34830,さいたま市中央区上落合1-9-1,長机1台程度,屋内（風除室含む）,場所とる,"10,000","10,000",要確認,,,,,,,,,,,
,郵便局,越谷平方郵便局34840,越谷市平方1614,長机1台程度,屋内（風除室含む）,場所とる,"10,000","10,000",要確認,,,,,,,,,,,
,郵便局,新座石神郵便局34850,新座市石神4-4-22,長机1台程度,屋内（風除室含む）,場所とる,"10,000","10,000",要確認,,,,,,,,,,,
,郵便局,新座野火止郵便局34860,新座市野火止4-8-37,長机1台程度,屋内（風除室含む）,場所とる,"10,000","10,000",要確認,,,,,,,,,,,
,郵便局,川口峯郵便局34870,川口市峯910-8,長机1台程度,屋内（風除室含む）,場所とる,"10,000","10,000",要確認,,,,,,,,,,,
,郵便局,川口元郷六郵便局34880,川口市元郷6-6-5,長机1台程度,屋内（風除室含む）,場所とる,"15,000","15,000",要確認,,,,,,,,,,,
,郵便局,妻沼卯月花郵便局34890,熊谷市妻沼353-7,長机1台程度,屋内（風除室含む）,場所とる,"10,000","10,000",要確認,,,,,,,,,,,
,郵便局,八潮古新田郵便局34900,八潮市大瀬1507-2,長机1台程度,屋内（風除室含む）,場所とる,"10,000","10,000",要確認,,,,,,,,,,,
,郵便局,東坂戸団地内郵便局34910,坂戸市東坂戸2-10,長机1台程度,屋内（風除室含む）,場所とる,"10,000","10,000",要確認,,,,,,,,,,,
,郵便局,所沢元町郵便局34920,所沢市元町28-17,長机1台程度,屋内（風除室含む）,場所とる,"10,000","10,000",要確認,,,,,,,,,,,
,郵便局,川口芝園郵便局34930,川口市芝園町3-9-103,長机1台程度,屋内（風除室含む）,場所とる,"15,000","15,000",要確認,,,,,,,,,,,
,郵便局,加須東栄郵便局34940,加須市東栄2-14-5,長机1台程度,屋内（風除室含む）,場所とる,"10,000","10,000",要確認,,,,,,,,,,,
,郵便局,上尾浅間台郵便局34950,上尾市浅間台4-14-24,長机1台程度,屋内（風除室含む）,場所とる,"15,000","15,000",要確認,,,,,,,,,,,
,郵便局,入間上藤沢郵便局34960,入間市上藤沢391-8,長机1台程度,屋内（風除室含む）,場所とる,"15,000","15,000",要確認,,,,,,,,,,,
,郵便局,司法研修所内郵便局34970,和光市南2-3-8,長机1台程度,屋内（風除室含む）,場所とる,"10,000","10,000",要確認,,,,,,,,,,,
,郵便局,大宮奈良郵便局34980,さいたま市北区奈良町153-47,長机1台程度,屋内（風除室含む）,場所とる,"10,000","10,000",要確認,,,,,,,,,,,
,郵便局,春日部牛島郵便局34990,春日部市牛島1544-4,長机1台程度,屋内（風除室含む）,場所とる,"10,000","10,000",要確認,,,,,,,,,,,
,郵便局,日高下高萩郵便局35000,日高市高萩東2-25-14,長机1台程度,屋内（風除室含む）,場所とる,"10,000","10,000",要確認,,,,,,,,,,,
,郵便局,所沢小手指郵便局35010,所沢市小手指町1-10-11,長机1台程度,屋内（風除室含む）,場所とる,"10,000","10,000",要確認,,,,,,,,,,,
,郵便局,東松山松葉町郵便局35030,東松山市松葉町1-13-5,長机1台程度,屋内（風除室含む）,場所とる,"10,000","10,000",要確認,,,,,,,,,,,
,郵便局,浦和中郵便局35040,さいたま市浦和区高砂2-7-2,長机1台程度,屋内（風除室含む）,場所とる,"20,000","20,000",要確認,,,,,,,,,,,
,郵便局,寄居桜沢郵便局35050,寄居町桜沢618-2,長机1台程度,屋内（風除室含む）,場所とる,"10,000","10,000",要確認,,,,,,,,,,,
,郵便局,浦和曲本郵便局35060,さいたま市南区曲本4-9-10,長机1台程度,屋内（風除室含む）,場所とる,"10,000","10,000",要確認,,,,,,,,,,,
,郵便局,日高高萩郵便局35070,県日高市高萩691-8,長机1台程度,屋内（風除室含む）,場所とる,"10,000","10,000",要確認,,,,,,,,,,,
,郵便局,川越月吉郵便局35090,川越市月吉町30-13,長机1台程度,屋内（風除室含む）,場所とる,"10,000","10,000",要確認,,,,,,,,,,,
,郵便局,上尾白小鳩郵便局35100,上尾市上1710-4,長机1台程度,屋内（風除室含む）,場所とる,"10,000","10,000",要確認,,,,,,,,,,,
,郵便局,上福岡武蔵野郵便局35120,ふじみ野市福岡武蔵野10-12,長机1台程度,屋内（風除室含む）,場所とる,"10,000","10,000",要確認,,,,,,,,,,,
,郵便局,杉戸清地郵便局35130,杉戸町清地2-6-21,長机1台程度,屋内（風除室含む）,場所とる,"10,000","10,000",要確認,,,,,,,,,,,
,郵便局,川口戸塚郵便局35140,川口市戸塚東2-1-4,長机1台程度,屋内（風除室含む）,場所とる,"15,000","15,000",要確認,,,,,,,,,,,
,郵便局,鳩山鳩ヶ丘郵便局35150,鳩山町楓ケ丘2-1-1,長机1台程度,屋内（風除室含む）,場所とる,"10,000","10,000",要確認,,,,,,,,,,,
,郵便局,浦和太田窪二郵便局35160,さいたま市南区太田窪2-1-2,長机1台程度,屋内（風除室含む）,場所とる,"10,000","10,000",要確認,,,,,,,,,,,
,郵便局,浦和大東郵便局35170,さいたま市浦和区大東3-25-1,長机1台程度,屋内（風除室含む）,場所とる,"15,000","15,000",要確認,,,,,,,,,,,
,郵便局,浦和神田郵便局35190,さいたま市桜区神田69-2,長机1台程度,屋内（風除室含む）,場所とる,"15,000","15,000",要確認,,,,,,,,,,,
,郵便局,鴻巣本町郵便局35210,鴻巣市本町4-3-6,長机1台程度,屋内（風除室含む）,場所とる,"15,000","15,000",要確認,,,,,,,,,,,
,郵便局,春日部大沼郵便局35220,春日部市大沼3-12-2,長机1台程度,屋内（風除室含む）,場所とる,"10,000","10,000",要確認,,,,,,,,,,,
,郵便局,越谷千間台西郵便局35240,"越谷市千間台西3-4-14",長机1台程度,屋内（風除室含む）,場所とる,"15,000","15,000",要確認,,,,,,,,,,,
,郵便局,川口芝中田郵便局35250,川口市芝中田1-1-26,長机1台程度,屋内（風除室含む）,場所とる,"10,000","10,000",要確認,,,,,,,,,,,
,郵便局,大宮北袋郵便局35260,さいたま市大宮区北袋町1-170-3,長机1台程度,屋内（風除室含む）,場所とる,"10,000","10,000",要確認,,,,,,,,,,,
,郵便局,北本西高尾郵便局35270,北本市西高尾8-81,長机1台程度,屋内（風除室含む）,場所とる,"10,000","10,000",要確認,,,,,,,,,,,
,郵便局,東越谷郵便局35280,越谷市東越谷6-28-5,長机1台程度,屋内（風除室含む）,場所とる,"15,000","15,000",要確認,,,,,,,,,,,
,郵便局,越生高取郵便局35290,越生町越生908-13,長机1台程度,屋内（風除室含む）,場所とる,"10,000","10,000",要確認,,,,,,,,,,,
,郵便局,坂戸若葉駅前郵便局35300,坂戸市千代田3-21,長机1台程度,屋内（風除室含む）,場所とる,"15,000","15,000",要確認,,,,,,,,,,,
,郵便局,越谷千間台東郵便局35310,越谷市千間台東2-22-5,長机1台程度,屋内（風除室含む）,場所とる,"15,000","15,000",要確認,,,,,,,,,,,
,郵便局,志木館郵便局35320,志木市館1-5-3,長机1台程度,屋内（風除室含む）,場所とる,"10,000","10,000",要確認,,,,,,,,,,,
,郵便局,大宮加茂宮郵便局35330,さいたま市北区宮原町1-432,長机1台程度,屋内（風除室含む）,場所とる,"15,000","15,000",要確認,,,,,,,,,,,
,郵便局,川口北郵便局35350,川口市伊刈牛田1032-1,長机1台程度,屋内（風除室含む）,場所とる,"20,000","20,000",要確認,,,,,,,,,,,
,郵便局,小手指駅前郵便局35360,所沢市小手指町3-20,長机1台程度,屋内（風除室含む）,場所とる,"15,000","15,000",要確認,,,,,,,,,,,
,郵便局,吹上富士見郵便局35370,鴻巣市吹上富士見3-8-5,長机1台程度,屋内（風除室含む）,場所とる,"10,000","10,000",要確認,,,,,,,,,,,
,郵便局,越谷大里郵便局35380,越谷市大里255-2,長机1台程度,屋内（風除室含む）,場所とる,"15,000","15,000",要確認,,,,,,,,,,,
,郵便局,熊谷肥塚郵便局35390,熊谷市肥塚481-11,長机1台程度,屋内（風除室含む）,場所とる,"10,000","10,000",要確認,,,,,,,,,,,
,郵便局,東大宮西口郵便局35400,さいたま市見沼区東大宮4-32-15,長机1台程度,屋内（風除室含む）,場所とる,"10,000","10,000",要確認,,,,,,,,,,,
,郵便局,川越グリーンパーク郵便局35430,川越市古谷上6083-4,長机1台程度,屋内（風除室含む）,場所とる,"10,000","10,000",要確認,,,,,,,,,,,
,郵便局,深谷上柴郵便局35440,深谷市上柴町西4-2-2,長机1台程度,屋内（風除室含む）,場所とる,"15,000","15,000",要確認,,,,,,,,,,,
,郵便局,上福岡北口郵便局35450,ふじみ野市上福岡1-14-1,長机1台程度,屋内（風除室含む）,場所とる,"15,000","15,000",要確認,,,,,,,,,,,
,郵便局,鶴ヶ島鶴ヶ丘郵便局35470,鶴ヶ島市鶴ヶ丘38-29,長机1台程度,屋内（風除室含む）,場所とる,"10,000","10,000",要確認,,,,,,,,,,,
,郵便局,八潮柳之宮郵便局35480,八潮市緑町5-13-8,長机1台程度,屋内（風除室含む）,場所とる,"15,000","15,000",要確認,,,,,,,,,,,
,郵便局,本庄東富田郵便局35490,本庄市緑3-1-6,長机1台程度,屋内（風除室含む）,場所とる,"10,000","10,000",要確認,,,,,,,,,,,
,郵便局,狭山北入曽郵便局35500,狭山市北入曽365-6,長机1台程度,屋内（風除室含む）,場所とる,"10,000","10,000",要確認,,,,,,,,,,,
,郵便局,所沢椿峰郵便局35510,所沢市小手指南3-31-3,長机1台程度,屋内（風除室含む）,場所とる,"15,000","15,000",要確認,,,,,,,,,,,
,郵便局,ふじみ野駅西口郵便局35520,ふじみ野市苗間1-1-20,長机1台程度,屋内（風除室含む）,場所とる,"15,000","15,000",要確認,,,,,,,,,,,
,郵便局,朝霞郵便局35530,朝霞市本町2-1-32,長机1台程度,屋内（風除室含む）,場所とる,"20,000","20,000",要確認,,,,,,,,,,,
,郵便局,狭山鵜ノ木郵便局35540,狭山市鵜ノ木14-23,長机1台程度,屋内（風除室含む）,場所とる,"10,000","10,000",要確認,,,,,,,,,,,
,郵便局,草加八幡郵便局35560,草加市八幡町127-2,長机1台程度,屋内（風除室含む）,場所とる,"10,000","10,000",要確認,,,,,,,,,,,
,郵便局,蓮田椿山郵便局35570,"蓮田市椿山4-1-12",長机1台程度,屋内（風除室含む）,場所とる,"10,000","10,000",要確認,,,,,,,,,,,
,郵便局,草加谷塚西郵便局35610,草加市谷塚町755-2-3,長机1台程度,屋内（風除室含む）,場所とる,"10,000","10,000",要確認,,,,,,,,,,,
,郵便局,川越川鶴郵便局35630,川越市川鶴2-11-2,長机1台程度,屋内（風除室含む）,場所とる,"15,000","15,000",要確認,,,,,,,,,,,
,郵便局,岩槻本町郵便局35640,さいたま市岩槻区本町1-18-7,長机1台程度,屋内（風除室含む）,場所とる,"10,000","10,000",要確認,,,,,,,,,,,
,郵便局,鳩ヶ谷桜町郵便局35650,川口市桜町2-6-15,長机1台程度,屋内（風除室含む）,場所とる,"10,000","10,000",要確認,,,,,,,,,,,
,郵便局,上尾宮本町郵便局35660,上尾市宮本町9-19,長机1台程度,屋内（風除室含む）,場所とる,"10,000","10,000",要確認,,,,,,,,,,,
,郵便局,北鴻巣駅前郵便局35670,鴻巣市赤見台1-6-3,長机1台程度,屋内（風除室含む）,場所とる,"15,000","15,000",要確認,,,,,,,,,,,
,郵便局,土呂西口郵便局35680,さいたま市北区植竹町2-84,長机1台程度,屋内（風除室含む）,場所とる,"15,000","15,000",要確認,,,,,,,,,,,
,郵便局,岩槻西原郵便局35690,さいたま市岩槻区平林寺1491-5,長机1台程度,屋内（風除室含む）,場所とる,"10,000","10,000",要確認,,,,,,,,,,,
,郵便局,浦和白鍬郵便局35700,さいたま市桜区白鍬354-3,長机1台程度,屋内（風除室含む）,場所とる,"10,000","10,000",要確認,,,,,,,,,,,
,郵便局,越谷大房郵便局35710,越谷市大房941-7,長机1台程度,屋内（風除室含む）,場所とる,"10,000","10,000",要確認,,,,,,,,,,,
,郵便局,入間仏子郵便局35720,入間市仏子912-7,長机1台程度,屋内（風除室含む）,場所とる,"15,000","15,000",要確認,,,,,,,,,,,
,郵便局,新狭山駅前郵便局35730,狭山市新狭山3-10-2スプランドゥール新狭山101,長机1台程度,屋内（風除室含む）,場所とる,"15,000","15,000",要確認,,,,,,,,,,,
,郵便局,上尾二ツ宮郵便局35740,上尾市二ツ宮962,長机1台程度,屋内（風除室含む）,場所とる,"15,000","15,000",要確認,,,,,,,,,,,
,郵便局,庄和西金野井郵便局35750,庄和西金野井郵便局35750,長机1台程度,屋内（風除室含む）,場所とる,"10,000","10,000",要確認,,,,,,,,,,,
,郵便局,行田棚田町郵便局35760,行田市棚田町2-2-21,長机1台程度,屋内（風除室含む）,場所とる,"10,000","10,000",要確認,,,,,,,,,,,
,郵便局,上尾井戸木郵便局35770,上尾市井戸木3-18-10,長机1台程度,屋内（風除室含む）,場所とる,"10,000","10,000",要確認,,,,,,,,,,,
,郵便局,鶴ヶ島下新田郵便局35780,鶴ヶ島市下新田54-3,長机1台程度,屋内（風除室含む）,場所とる,"10,000","10,000",要確認,,,,,,,,,,,
,郵便局,春日部栄町郵便局35790,春日部市栄町1-436-1,長机1台程度,屋内（風除室含む）,場所とる,"10,000","10,000",要確認,,,,,,,,,,,
,郵便局,埼玉グランドホテル深谷内郵便局35800,深谷市西島町1-1-13,長机1台程度,屋内（風除室含む）,場所とる,"10,000","10,000",要確認,,,,,,,,,,,
,郵便局,戸田美女木東郵便局35810,戸田市美女木東1-2-24,長机1台程度,屋内（風除室含む）,場所とる,"15,000","15,000",要確認,,,,,,,,,,,
,郵便局,東鷲宮駅前郵便局35820,久喜市桜田3-1-6,長机1台程度,屋内（風除室含む）,場所とる,"15,000","15,000",要確認,,,,,,,,,,,
,郵便局,越谷宮前郵便局35830,越谷市宮前1-6-10,長机1台程度,屋内（風除室含む）,場所とる,"10,000","10,000",要確認,,,,,,,,,,,
,郵便局,狭山柏原郵便局35840,狭山市柏原3116-262,長机1台程度,屋内（風除室含む）,場所とる,"10,000","10,000",要確認,,,,,,,,,,,
,郵便局,大宮風渡野郵便局35850,さいたま市見沼区風渡野725-4,長机1台程度,屋内（風除室含む）,場所とる,"10,000","10,000",要確認,,,,,,,,,,,
,郵便局,大宮南中野郵便局35860,さいたま市見沼区南中野280-1,長机1台程度,屋内（風除室含む）,場所とる,"15,000","15,000",要確認,,,,,,,,,,,
,郵便局,富士見羽沢郵便局35870,富士見市羽沢1-31-3,長机1台程度,屋内（風除室含む）,場所とる,"10,000","10,000",要確認,,,,,,,,,,,
,郵便局,春日部豊町郵便局35880,春日部市豊町2-3-4,長机1台程度,屋内（風除室含む）,場所とる,"10,000","10,000",要確認,,,,,,,,,,,
,郵便局,川口木曽呂郵便局35890,川口市木曽呂天神下565-5,長机1台程度,屋内（風除室含む）,場所とる,"10,000","10,000",要確認,,,,,,,,,,,
,郵便局,大宮JPビル郵便局35900,さいたま市大宮区桜木町1-11-20,長机1台程度,屋内（風除室含む）,場所とる,"15,000","15,000",要確認,,,,,,,,,,,
,郵便局,蓮田駅東口郵便局35910,蓮田市東6-3-24,長机1台程度,屋内（風除室含む）,場所とる,"15,000","15,000",要確認,,,,,,,,,,,
,郵便局,所沢駅東口郵便局35920,所沢市くすのき台3-1-8,長机1台程度,屋内（風除室含む）,場所とる,"15,000","15,000",要確認,,,,,,,,,,,
,郵便局,川口戸塚五郵便局35930,川口市戸塚5-15-16,長机1台程度,屋内（風除室含む）,場所とる,"10,000","10,000",要確認,,,,,,,,,,,
,郵便局,北越谷駅東口郵便局35940,越谷市大沢3-12-28,長机1台程度,屋内（風除室含む）,場所とる,"10,000","10,000",要確認,,,,,,,,,,,
,郵便局,吉川平沼郵便局35950,吉川市栄町1415-4,長机1台程度,屋内（風除室含む）,場所とる,"10,000","10,000",要確認,,,,,,,,,,,
,郵便局,大宮大谷郵便局35960,さいたま市見沼区大谷1936-22,長机1台程度,屋内（風除室含む）,場所とる,"15,000","15,000",要確認,,,,,,,,,,,
,郵便局,杉戸高野台郵便局35970,"杉戸町高野台西1-1-2",長机1台程度,屋内（風除室含む）,場所とる,"15,000","15,000",要確認,,,,,,,,,,,
,郵便局,新座馬場郵便局35980,新座市馬場2-2-41,長机1台程度,屋内（風除室含む）,場所とる,"10,000","10,000",要確認,,,,,,,,,,,
,郵便局,大宮三橋一郵便局36000,さいたま市大宮区三橋1-1339,長机1台程度,屋内（風除室含む）,場所とる,"10,000","10,000",要確認,,,,,,,,,,,
,郵便局,所沢緑町郵便局36010,所沢市緑町4-16-18,長机1台程度,屋内（風除室含む）,場所とる,"10,000","10,000",要確認,,,,,,,,,,,
,郵便局,朝霞溝沼郵便局36020,朝霞市溝沼482-5,長机1台程度,屋内（風除室含む）,場所とる,"15,000","15,000",要確認,,,,,,,,,,,
,郵便局,浦和宮前郵便局36060,さいたま市緑区東浦和4-3-3,長机1台程度,屋内（風除室含む）,場所とる,"15,000","15,000",要確認,,,,,,,,,,,
,郵便局,春日部緑町郵便局36070,春日部市緑町4-2-5,長机1台程度,屋内（風除室含む）,場所とる,"10,000","10,000",要確認,,,,,,,,,,,
,郵便局,花崎駅前郵便局36080,加須市花崎北1-10-2,長机1台程度,屋内（風除室含む）,場所とる,"10,000","10,000",要確認,,,,,,,,,,,
,郵便局,三郷さつき郵便局36090,三郷市さつき平2-1-2102,長机1台程度,屋内（風除室含む）,場所とる,"15,000","15,000",要確認,,,,,,,,,,,
,郵便局,東松山白山台郵便局36100,東松山市白山台16-2,長机1台程度,屋内（風除室含む）,場所とる,"10,000","10,000",要確認,,,,,,,,,,,
,郵便局,三芳みよし台郵便局36110,三芳町みよし台6-23,長机1台程度,屋内（風除室含む）,場所とる,"15,000","15,000",要確認,,,,,,,,,,,
,郵便局,東小川郵便局36130,小川町東小川3-11-5,長机1台程度,屋内（風除室含む）,場所とる,"10,000","10,000",要確認,,,,,,,,,,,
,郵便局,川口駅西口郵便局36160,川口市川口3-2-3,長机1台程度,屋内（風除室含む）,場所とる,"15,000","15,000",要確認,,,,,,,,,,,
,郵便局,川口榛松郵便局36170,川口市榛松269-1,長机1台程度,屋内（風除室含む）,場所とる,"10,000","10,000",要確認,,,,,,,,,,,
,郵便局,東川口一郵便局36200,川口市東川口1-7-14,長机1台程度,屋内（風除室含む）,場所とる,"10,000","10,000",要確認,,,,,,,,,,,
,郵便局,川口芝下郵便局36210,川口市芝下3-20-39,長机1台程度,屋内（風除室含む）,場所とる,"10,000","10,000",要確認,,,,,,,,,,,
,郵便局,新白岡駅前郵便局36220,"白岡市新白岡5-1-1",長机1台程度,屋内（風除室含む）,場所とる,"10,000","10,000",要確認,,,,,,,,,,,
,郵便局,草加住吉郵便局36230,草加市住吉1-13-1,長机1台程度,屋内（風除室含む）,場所とる,"15,000","15,000",要確認,,,,,,,,,,,
,郵便局,所沢西郵便局36240,所沢市若狭2-2594-1,長机1台程度,屋内（風除室含む）,場所とる,"20,000","20,000",要確認,,,,,,,,,,,
,郵便局,川口北原台郵便局36250,川口市北原台3-20-1,長机1台程度,屋内（風除室含む）,場所とる,"15,000","15,000",要確認,,,,,,,,,,,
,郵便局,さいたま新都心合同庁舎内郵便局36260,さいたま市中央区新都心1-1,長机1台程度,屋内（風除室含む）,場所とる,"15,000","15,000",要確認,,,,,,,,,,,
,郵便局,戸田公園駅前郵便局36270,戸田市本町4-11-8,長机1台程度,屋内（風除室含む）,場所とる,"15,000","15,000",要確認,,,,,,,,,,,
,郵便局,北本駅西口郵便局36280,北本市中央3-36-1,長机1台程度,屋内（風除室含む）,場所とる,"10,000","10,000",要確認,,,,,,,,,,,
,郵便局,小川みどりが丘郵便局36290,小川町みどりが丘2-10-5,長机1台程度,屋内（風除室含む）,場所とる,"10,000","10,000",要確認,,,,,,,,,,,
,郵便局,さいたま新都心郵便局36300,さいたま市中央区新都心3-1,長机1台程度,屋内（風除室含む）,場所とる,"20,000","20,000",要確認,,,,,,,,,,,
,郵便局,入間扇町屋郵便局36310,入間市扇町屋4-2-23,長机1台程度,屋内（風除室含む）,場所とる,"10,000","10,000",要確認,,,,,,,,,,,
,郵便局,川越伊勢原郵便局36330,川越市伊勢原町4-1-5,長机1台程度,屋内（風除室含む）,場所とる,"15,000","15,000",要確認,,,,,,,,,,,
,郵便局,南栗橋郵便局36340,久喜市南栗橋5-5-11,長机1台程度,屋内（風除室含む）,場所とる,"10,000","10,000",要確認,,,,,,,,,,,
,郵便局,八潮駅前郵便局36380,八潮市大瀬6-1-6,長机1台程度,屋内（風除室含む）,場所とる,"15,000","15,000",要確認,,,,,,,,,,,
,郵便局,川越駅西口郵便局36390,川越市新宿町1-17-1,長机1台程度,屋内（風除室含む）,場所とる,"15,000","15,000",要確認,,,,,,,,,,,
,郵便局,浦和美園駅前郵便局36420,さいたま市緑区美園4-17-9,長机1台程度,屋内（風除室含む）,場所とる,"15,000","15,000",要確認,,,,,,,,,,,
,郵便局,越谷レイクタウン郵便局36430,越谷市レイクタウン9-1-29,長机1台程度,屋内（風除室含む）,場所とる,"15,000","15,000",要確認,,,,,,,,,,,